product_name_clean,date,current_price,predicted_price,price_change,change_percentage,trend_label
12*بونجورنو كابتشينو فانيليا 14ج,2026-05-12,12.0,17.663911234092115,5.663911234092115,47.19926028410096,UP
12*بونجورنو كوفى ميكس خمسينا 2*1 6ج,2026-05-12,12.0,11.787877236579112,-0.2121227634208882,-1.7676896951740684,STABLE
12*تانج برتقال مشروب بودر 25ج,2026-05-12,12.0,11.787877236579112,-0.2121227634208882,-1.7676896951740684,STABLE
20جم*12فروتى تفاح مركز,2026-05-12,59.0,56.631431716879966,-2.368568283120034,-4.01452251376277,DOWN
آلة حاسبة كاسيو علمية قياسية - أسود - fx-991cw-w-dt,2026-05-12,2.0,3.8554960219276317,1.8554960219276317,92.7748010963816,UP
آلة حاسبة كاسيو علمية قياسية - بينك - fx-991cw-pk,2026-05-12,2.0,3.8554960219276317,1.8554960219276317,92.7748010963816,UP
أبو حمدة طفاية زجاج,2026-05-12,75.0,73.40565975466046,-1.5943402453395379,-2.1257869937860505,DOWN
أبو على بودرة مشروب شوكولاتة - 400 جرام,2026-05-12,400.0,408.94518329834017,8.945183298340169,2.236295824585042,UP
أبو علي أم علي - 425 جرام,2026-05-12,425.0,431.89925511340385,6.899255113403854,1.6233541443303185,UP
أبو عوف بار بروتين بالبندق - 70 جرام,2026-05-12,70.0,71.21322566317409,1.2132256631740859,1.7331795188201227,UP
أبو عوف بار بروتين باللوز - 70 جرام,2026-05-12,70.0,71.21322566317409,1.2132256631740859,1.7331795188201227,UP
أبو عوف بار بروتين براونيز الشوكولاتة - 70 جرام,2026-05-12,70.0,71.21322566317409,1.2132256631740859,1.7331795188201227,UP
أبو عوف بار بروتين موز بالكاجو - 70 جرام,2026-05-12,70.0,71.21322566317409,1.2132256631740859,1.7331795188201227,UP
أبو عوف بروتين بار بسكويت بالكراميل - 70 جرام,2026-05-12,70.0,71.21322566317409,1.2132256631740859,1.7331795188201227,UP
أبو عوف بريتزل باربيكيو - 55 جرام,2026-05-12,55.0,55.81169654731449,0.8116965473144901,1.4758119042081639,STABLE
أبو عوف بريتزلز بالجبنة - 55 جم,2026-05-12,55.0,55.81169654731449,0.8116965473144901,1.4758119042081639,STABLE
أبو عوف بريتزلز بالخل والملح - 30 جرام,2026-05-12,30.0,30.645875743080058,0.6458757430800581,2.1529191436001938,STABLE
أبو عوف بريتزلز بالزعتر - 30 جم,2026-05-12,30.0,30.645875743080058,0.6458757430800581,2.1529191436001938,STABLE
أبو عوف بريتزلز بالزعتر - 55 جم,2026-05-12,55.0,55.81169654731449,0.8116965473144901,1.4758119042081639,STABLE
أبو عوف بريتزلز بطعم الباربيكيو - 250 جرام,2026-05-12,250.0,247.58109011462136,-2.418909885378639,-0.9675639541514557,DOWN
أبو عوف بريتزلز بطعم الجبنة - 250 جرام,2026-05-12,250.0,247.58109011462136,-2.418909885378639,-0.9675639541514557,DOWN
أبو عوف بريتزلز بطعم الكاتشب - 250 جرام,2026-05-12,250.0,247.58109011462136,-2.418909885378639,-0.9675639541514557,DOWN
أبو عوف بريتزلز بطعم الملح البحري - 250 جرام,2026-05-12,250.0,247.58109011462136,-2.418909885378639,-0.9675639541514557,DOWN
أبو عوف بريتزلز بملح البحر - 30 جم,2026-05-12,30.0,30.645875743080058,0.6458757430800581,2.1529191436001938,STABLE
أبو عوف بن إسبرسو كولومبى مطحون - 200 جم,2026-05-12,15.0,14.558675790460173,-0.4413242095398271,-2.9421613969321805,STABLE
أبو عوف بندق - 250 جرام,2026-05-12,250.0,247.58109011462136,-2.418909885378639,-0.9675639541514557,DOWN
أبو عوف سناكس بروتين بالباربيكيو المدخن - 60 جرام,2026-05-12,60.0,60.24883998740697,0.2488399874069671,0.41473331234494515,STABLE
أبو عوف سناكس بروتين بالبصل والكريمة المتبلة - 60 جرام,2026-05-12,60.0,60.24883998740697,0.2488399874069671,0.41473331234494515,STABLE
أبو عوف سناكس بروتين بالطماطم والريحان - 60 جرام,2026-05-12,60.0,60.24883998740697,0.2488399874069671,0.41473331234494515,STABLE
أبو عوف سناكس عدس بطعم المستردة بالعسل - 60 جرام,2026-05-12,60.0,60.24883998740697,0.2488399874069671,0.41473331234494515,STABLE
أبو عوف سودانى كرى كرى بطعم الكاتشب - 45 جم,2026-05-12,45.0,45.414925676338356,0.4149256763383562,0.9220570585296805,STABLE
أبو عوف فستق مقشور - 100جم,2026-05-12,355.0,354.5067334837997,-0.4932665162003218,-0.13894831442262587,STABLE
أبو عوف فشار بالكراميل - 100 جم,2026-05-12,100.0,102.07746009759929,2.0774600975992854,2.0774600975992854,UP
أبو عوف فشار بالكراميل والقرفة - 100 جم,2026-05-12,100.0,102.07746009759929,2.0774600975992854,2.0774600975992854,UP
أبو عوف فشار بالكراميل والملح - 100 جم,2026-05-12,100.0,102.07746009759929,2.0774600975992854,2.0774600975992854,UP
أبو عوف قهوة تركي غامق محوج - 200 جرام,2026-05-12,15.0,14.558675790460173,-0.4413242095398271,-2.9421613969321805,STABLE
أبو عوف قهوة جولد سريعة الذوبان - 48 جرام - 24 كيس,2026-05-12,48.0,46.22674519084808,-1.773254809151922,-3.6942808523998374,DOWN
أبو عوف قهوة جولد سريعة الذوبان - 85 جرام,2026-05-12,85.0,94.98906227726367,9.98906227726367,11.751837973251376,UP
أبو عوف قهوة سريعة التحضير جولد - 1 كيس,2026-05-12,25.0,25.503102514258774,0.5031025142587744,2.0124100570350976,STABLE
أبو عوف قهوة سريعة الذوبان 2 في 1 - 24 كيس - 40 جرام,2026-05-12,2.0,5.219324704621356,3.2193247046213562,160.9662352310678,UP
أبو عوف قهوة فرنساوي - 250 جرام,2026-05-12,250.0,247.28112526171415,-2.718874738285848,-1.0875498953143392,DOWN
أبو عوف قهوة فورية 3 في 1 - 18 جم,2026-05-12,3.0,5.219324704621356,2.2193247046213562,73.97749015404521,UP
أبو عوف قهوة فورية كلاسيك - 2 جم,2026-05-12,2.0,5.219324704621356,3.2193247046213562,160.9662352310678,UP
أبو عوف قهوه سريعه التحضير جولد - 12 كيس,2026-05-12,9.0,9.860789504529082,0.8607895045290821,9.564327828100911,STABLE
أبو عوف قهوه فلتر - 250 جرام,2026-05-12,19.0,18.57130404914706,-0.42869595085294065,-2.2562944781733716,STABLE
أبو عوف كرى كرى سوداني بطعم الجبنة - 45 جم,2026-05-12,45.0,45.414925676338356,0.4149256763383562,0.9220570585296805,STABLE
أبو عوف لوز - 250 جرام,2026-05-12,250.0,247.58109011462136,-2.418909885378639,-0.9675639541514557,DOWN
أبو عوف ملح الهيمالايا الصخري - خشن - 400 جم,2026-05-12,400.0,405.9828783938944,5.982878393894396,1.495719598473599,UP
أجنحة دجاج أطياب - 700جم,2026-05-12,128.0,131.14123991720598,3.1412399172059793,2.4540936853171713,UP
أجنحة دجاج كوكي حار نار - 700 جرام,2026-05-12,5.0,6.8446343997270604,1.8446343997270604,36.892687994541205,UP
أحمد تى شاي انجليزي - 40 فتلة,2026-05-12,40.0,39.512643482822206,-0.48735651717779405,-1.2183912929444851,STABLE
أحمد تي شاي أخضر - 100 فتلة,2026-05-12,100.0,103.89301896000244,3.8930189600024363,3.893018960002436,UP
أحمد تي شاي أخضر بالنعناع - 100 فتلة,2026-05-12,100.0,103.89301896000244,3.8930189600024363,3.893018960002436,UP
أحمد تي شاي أخضر بالنعناع - 25 فتلة,2026-05-12,25.0,25.503102514258774,0.5031025142587744,2.0124100570350976,STABLE
أحمد تي شاي إنجليزي - 25 كيس,2026-05-12,25.0,25.503102514258774,0.5031025142587744,2.0124100570350976,STABLE
أحمد تي شاي إنجليش بريكفست - 100 فتلة,2026-05-12,100.0,103.89301896000244,3.8930189600024363,3.893018960002436,UP
أحمد تي شاي إنجليش بريكفست - 100 كيس,2026-05-12,100.0,103.89301896000244,3.8930189600024363,3.893018960002436,UP
أحمد تي شاي إنجليش بريكفست - 25 فتلة,2026-05-12,25.0,25.503102514258774,0.5031025142587744,2.0124100570350976,STABLE
أحمد تي شاي إيرل جراي - 40 فتلة,2026-05-12,40.0,39.512643482822206,-0.48735651717779405,-1.2183912929444851,STABLE
أحمد تي شاي انجليش بريكفست - 40 فتلة,2026-05-12,40.0,39.512643482822206,-0.48735651717779405,-1.2183912929444851,STABLE
أحمد تي شاي بالقرنفل - 250 جرام,2026-05-12,250.0,247.28112526171415,-2.718874738285848,-1.0875498953143392,DOWN
أحمد تي شاي لندن بليند ناعم - 100 جم,2026-05-12,100.0,103.89301896000244,3.8930189600024363,3.893018960002436,UP
أحمد تي صندوق شاي أطعمة مختلفة - 80 كيس,2026-05-12,80.0,79.39545157045443,-0.6045484295455736,-0.755685536931967,STABLE
أريكس فرشاة تنظيف بلاستيك تونكيتا - أخضر,2026-05-12,559.0,560.0625362663322,1.0625362663322448,0.1900780440665912,UP
أستيكة - 48.7*19*10 مم,2026-05-12,48.7,48.89373895199364,0.19373895199363744,0.3978212566604465,STABLE
أستيكة إم آند جي سو ماني كاتس - ألوان مختلفة - apx963mb,2026-05-12,7.0,6.744394020358874,-0.25560597964112564,-3.6515139948732234,STABLE
أستيكة إم آند جي على شكل كاتر - ألوان مختلفة - axpq4275,2026-05-12,46.0,46.06114800210647,0.061148002106470756,0.13293043936189294,STABLE
أستيكة على شكل جزرة - 4 قطع,2026-05-12,4.0,3.9596229887355,-0.040377011264499885,-1.0094252816124971,STABLE
أستيكة قلم إم آند جي- ألوان مختلفة - axp963jm,2026-05-12,50.0,50.77492894589992,0.7749289458999229,1.5498578917998458,STABLE
أسفنجة مواعين خشنة سبونتكس - 3 قطع,2026-05-12,3.0,5.242354598104246,2.242354598104246,74.74515327014153,UP
أصابع دجاج حلواني - 400جم,2026-05-12,144.0,142.14159707278392,-1.8584029272160763,-1.2905575883444975,DOWN
أصابع زينب قويدر,2026-05-12,155.0,159.34359918177074,4.343599181770742,2.802322052755317,UP
أطباق رمضانية مستديرة ايليت - 12 قطعة,2026-05-12,12.0,11.878035085385122,-0.12196491461487824,-1.0163742884573188,STABLE
أطياب بانيه دجاج مقرمش مطهي بالكامل - 1 كجم,2026-05-12,330.0,333.4787219100787,3.4787219100787183,1.0541581545693086,UP
أطياب برجر دجاج - 450 جرام - 6 قطع,2026-05-12,450.0,435.3374954381893,-14.662504561810692,-3.2583343470690425,DOWN
أطياب بيف برجر - 1 كجم,2026-05-12,308.0,312.2824589635873,4.282458963587317,1.3904087544114663,UP
أطياب بيف برجر - 1.5 كجم,2026-05-12,1.5,5.966083783648153,4.466083783648153,297.7389189098769,UP
أطياب ستربس دجاج - 400 جم,2026-05-12,400.0,402.4222507967035,2.4222507967035085,0.6055626991758771,UP
أطياب سجق شرقي - 900 جم,2026-05-12,10.0,12.179613958929766,2.1796139589297656,21.796139589297656,UP
أطياب فيليه الدجاج - 500 جرام,2026-05-12,500.0,507.5384005868036,7.538400586803618,1.5076801173607237,UP
أطياب كفتة بقري - 900 جم,2026-05-12,900.0,788.7844541515689,-111.21554584843113,-12.357282872047904,DOWN
أطياب ناجتس دجاج - 1 كجم,2026-05-12,20.0,20.07838613825508,0.07838613825508034,0.39193069127540175,STABLE
أطياب هوت دوج بيف - 25 قطعة,2026-05-12,25.0,26.25807641315077,1.2580764131507713,5.032305652603085,UP
أعشاب البابونج واللافندر للمساعدة على النوم,2026-05-12,195.0,196.58748603327345,1.58748603327345,0.8140954016786923,UP
أعشاب تيليوايزيس - 20 فتلة,2026-05-12,20.0,19.3112000698131,-0.6887999301868994,-3.443999650934497,STABLE
أعشاب ديتوكس بخلاصة الهندباء,2026-05-12,137.0,140.01523561453655,3.01523561453655,2.2009019084208394,UP
أعشاب كركديه ايزيس - 12 فتلة,2026-05-12,12.0,11.787877236579112,-0.2121227634208882,-1.7676896951740684,STABLE
أعشاب لتهدية الكحة,2026-05-12,103.0,103.63973637163582,0.63973637163582,0.6211032734328349,STABLE
أعشاب لسهولة الهضم,2026-05-12,136.0,138.99364337261798,2.9936433726179814,2.201208362219104,UP
أعشاب محفزة للنظام الغذائي,2026-05-12,142.0,142.35383085669,0.3538308566899957,0.24917665964084204,STABLE
أعشاب يانسون ايزيس - 12 فتلة,2026-05-12,12.0,11.787877236579112,-0.2121227634208882,-1.7676896951740684,STABLE
أعواد بخور ريحاني تدوم خمس ساعات - 5 أعواد,2026-05-12,5.0,6.081163175746281,1.0811631757462807,21.623263514925615,UP
أقراص أريال 3 في 1 مع نضارة داوني - 15 قرص,2026-05-12,3.0,5.242354598104246,2.242354598104246,74.74515327014153,UP
أقراص جنرال المنظفة للتواليت برائحة اللافندر - 50 جرام,2026-05-12,50.0,49.76216375973339,-0.23783624026660988,-0.4756724805332197,STABLE
أقراص ريد طاردة للناموس + 3 علب إعادة تعبئة مجانية,2026-05-12,3.0,5.242354598104246,2.242354598104246,74.74515327014153,UP
أقراص غسالة الأطباق فينش التيميت بلس برائحة الليمون - 57 قرص + 33 قرص مجانًا,2026-05-12,13.0,13.431284582322633,0.43128458232263256,3.3175737101740967,STABLE
أقراص غسالة الأطباق فينش التيميت بلس برائحة الليمون - 75 قرص,2026-05-12,7.0,8.227935420762583,1.2279354207625826,17.541934582322607,UP
أقراص لغسالة الأطباق لودفيك - ليم - 40 قطعة,2026-05-12,40.0,39.55149864665351,-0.44850135334648655,-1.1212533833662164,STABLE
أقراص ماكسيل ريدبول لغسالات الصحون - 15 قرص,2026-05-12,35.0,34.03939855845269,-0.9606014415473112,-2.744575547278032,STABLE
أقراص ماكسيل ريدبول لغسالات الصحون - 30 قرص,2026-05-12,48.0,46.314624249604805,-1.6853757503951954,-3.5111994799899904,DOWN
أقلام تلوين سداسية من ناتاراج - 12 لونًا,2026-05-12,12.0,14.713799125221351,2.7137991252213514,22.61499271017793,UP
أقلام تلوين مائية ام اند جي - 12 لون - acp901fm,2026-05-12,12.0,11.184386256880785,-0.815613743119215,-6.7967811926601245,STABLE
أقلام تلوين مائية ام اند جي - 6 ألوان - acp901fl,2026-05-12,6.0,5.7330325433354075,-0.26696745666459254,-4.449457611076543,STABLE
أقلام تلوين مائية ام اند جي قابلة للغسل - 6 ألوان - acp901hk,2026-05-12,6.0,5.7330325433354075,-0.26696745666459254,-4.449457611076543,STABLE
أقلام جاف بريما تيك - 2 قلم - أزرق وأحمر,2026-05-12,2.0,3.8554960219276317,1.8554960219276317,92.7748010963816,UP
أقلام حبر جاف شبه جل إم آند جي - 5 قطع,2026-05-12,5.0,4.8031059229321675,-0.19689407706783246,-3.9378815413566493,STABLE
أقلام كوريكتور إم آند جي - قطعتين,2026-05-12,41.0,40.599846099819516,-0.40015390018048436,-0.9759851223914253,STABLE
أقلام مدرسية - 3 قطع,2026-05-12,3.0,3.8542162515335114,0.8542162515335114,28.473875051117048,STABLE
أكواب بلاستيكية - كبيرة الحجم - 50 كوب,2026-05-12,50.0,49.76216375973339,-0.23783624026660988,-0.4756724805332197,STABLE
أكواريل ميني الوان مائية - 24 لون,2026-05-12,24.0,23.414268273068046,-0.5857317269319537,-2.440548862216474,STABLE
أكواز ذرة سكرية مونتانا - 670 جرام,2026-05-12,670.0,611.770145281154,-58.22985471884601,-8.691023092365077,DOWN
أكياس ثلاجة الفتح - 35×50 سم - 50 كيس,2026-05-12,35.0,34.03939855845269,-0.9606014415473112,-2.744575547278032,STABLE
أكياس سكر أبيض ريتش ميكس - 120 كيس,2026-05-12,120.0,123.25253669147004,3.2525366914700413,2.7104472428917012,UP
أكياس فرن الفتح - 43 * 60 - قطعتان,2026-05-12,43.0,40.86252698091406,-2.137473019085938,-4.970867486246368,DOWN
أكياس قمامة كارفور 40×50 سم - مانجو - 15 كيس - قطعتين,2026-05-12,40.0,39.55149864665351,-0.44850135334648655,-1.1212533833662164,STABLE
أكياس قمامة مضغوطة هوم جيني - 80 * 110 سم - 15 كيس,2026-05-12,80.0,79.39538455373024,-0.6046154462697615,-0.7557693078372019,STABLE
ألمونيوم فويل من ديميتا، 40 سم,2026-05-12,40.0,39.55149864665351,-0.44850135334648655,-1.1212533833662164,STABLE
ألوان بريما فايبريتيب – 6 ألوان,2026-05-12,6.0,5.7330325433354075,-0.26696745666459254,-4.449457611076543,STABLE
ألوان خشب ام اند جي - 12 لون - awp34363,2026-05-12,12.0,11.184386256880785,-0.815613743119215,-6.7967811926601245,STABLE
ألوان خشب ام اند جي - 12 لون - awp343d0,2026-05-12,12.0,11.184386256880785,-0.815613743119215,-6.7967811926601245,STABLE
ألوان خشب ام اند جي - 12 لون - awpq2118,2026-05-12,12.0,11.184386256880785,-0.815613743119215,-6.7967811926601245,STABLE
ألوان خشب ام اند جي - 24 لون - awp343e1,2026-05-12,24.0,23.414268273068046,-0.5857317269319537,-2.440548862216474,STABLE
ألوان خشب ام اند جي باستيكة - 12 لون - awp0506,2026-05-12,12.0,11.184386256880785,-0.815613743119215,-6.7967811926601245,STABLE
ألوان خشب باستيل ام اند جي - 12 لون - awp34208,2026-05-12,12.0,11.184386256880785,-0.815613743119215,-6.7967811926601245,STABLE
ألوان خشب صغيرة ام اند جي - 12 لون - awp34705,2026-05-12,12.0,11.184386256880785,-0.815613743119215,-6.7967811926601245,STABLE
ألوان خشب صغيرة ام اند جي - 12 لون - awpq5101,2026-05-12,12.0,11.184386256880785,-0.815613743119215,-6.7967811926601245,STABLE
ألوان زيت باستيل ام اند جي - 12 لون - agm900l0,2026-05-12,12.0,11.184386256880785,-0.815613743119215,-6.7967811926601245,STABLE
أمريكانا بسلة بالجزر مجمدة - 900 جرام,2026-05-12,900.0,788.7844541515689,-111.21554584843113,-12.357282872047904,DOWN
أمريكانا بسلة مجمدة - 400 جرام,2026-05-12,400.0,402.4222507967035,2.4222507967035085,0.6055626991758771,UP
أمريكانا خضار مشكل - 900 جرام,2026-05-12,900.0,788.7844541515689,-111.21554584843113,-12.357282872047904,DOWN
أمريكانا خضار مشكل مجمد - 400 جرام,2026-05-12,400.0,402.4222507967035,2.4222507967035085,0.6055626991758771,UP
أمريكانا سبانخ مجمدة - 400 جرام,2026-05-12,400.0,402.4222507967035,2.4222507967035085,0.6055626991758771,UP
أمريكانا شوربة خضار - 400 جرام,2026-05-12,400.0,402.4222507967035,2.4222507967035085,0.6055626991758771,UP
أوشن بايتس جمبري مجمد - حجم صغير - 400 جرام,2026-05-12,400.0,402.4222507967035,2.4222507967035085,0.6055626991758771,UP
أوشن بايتس جمبري مجمد - حجم كبير - 400 جرام,2026-05-12,400.0,402.4222507967035,2.4222507967035085,0.6055626991758771,UP
أوكسي جل أورينتال - 2.5 لتر,2026-05-12,14.0,19.21548334444737,5.215483344447371,37.253452460338366,UP
أوكسي جل باللافندر - 2.5 كجم,2026-05-12,14.0,19.21548334444737,5.215483344447371,37.253452460338366,UP
أوكسي جل فاين معطر - 2.5 لتر,2026-05-12,14.0,14.092125441286319,0.09212544128631883,0.6580388663308488,STABLE
أوكسي جيل للملابس الأبيض و الألوان - 2.5 كجم,2026-05-12,14.0,14.092125441286319,0.09212544128631883,0.6580388663308488,STABLE
أوكسي سائل تنظيف الأطباق برائحة الليمون الأصفر - 350 مل,2026-05-12,350.0,343.5377011755489,-6.462298824451125,-1.8463710927003214,DOWN
أوكسي سائل غسيل الأطباق برائحة اليوسفي - 2.5 لتر,2026-05-12,9.0,9.906802653517095,0.9068026535170954,10.075585039078838,STABLE
أوكسي سائل غسيل الأطباق برائحة اليوسفي - 600 مل,2026-05-12,9.0,9.906802653517095,0.9068026535170954,10.075585039078838,STABLE
أوكسي مسحوق غسيل أوتوماتيك - رائحة نسيم العطور - 4 كيلو جرام,2026-05-12,4.0,5.242354598104246,1.2423545981042459,31.058864952606147,UP
أوكسي منظف جل للغسالات الأوتوماتيك منخفض الرغوة للملابس الداكنة - 3 كيلو,2026-05-12,16.0,21.058108721534502,5.058108721534502,31.613179509590637,UP
أيس كريم فانيليا 5 مينيتس - 75 جم,2026-05-12,5.0,7.278912356078499,2.278912356078499,45.57824712156998,UP
أيه أم أر خل أبيض - 1 لتر,2026-05-12,15.0,15.822982969473857,0.8229829694738573,5.486553129825715,STABLE
ؤينامورا مكبس حمامات,2026-05-12,210.0,208.855605479093,-1.1443945209070137,-0.5449497718604827,DOWN
إسفنجات تنظيف خاصة كارفور إكسبرت باور كلين للأسطح الحساسة للسيراميك والزجاج - قطعتان,2026-05-12,74.0,72.27019061469456,-1.729809385305444,-2.337580250412762,DOWN
إسفنجات تنظيف كارفور إكسبرت باور كلين طويلة الأمد - عبوة من قطعتين,2026-05-12,74.0,72.27019061469456,-1.729809385305444,-2.337580250412762,DOWN
إسفنجة التنظيف واريتكس,2026-05-12,34.0,32.42164762387396,-1.5783523761260412,-4.642212870958945,DOWN
إسفنجة التنظيف واريتكس - 2 قطعه,2026-05-12,2.0,5.242354598104246,3.242354598104246,162.1177299052123,UP
إسفنجة بريمير المضادة للبكتيريا - 6 قطع,2026-05-12,6.0,7.109818969169242,1.1098189691692424,18.49698281948737,UP
إسفنجة بريمير المضلعة - 6 قطع,2026-05-12,6.0,7.109818969169242,1.1098189691692424,18.49698281948737,UP
إسفنجة تنظيف بريمير - 6 قطع,2026-05-12,6.0,7.109818969169242,1.1098189691692424,18.49698281948737,UP
إسفنجة تنظيف سبونتكس - عبوة من 2,2026-05-12,2.0,5.242354598104246,3.242354598104246,162.1177299052123,UP
إسفنجة تنظيف سبونتكس - عبوة من 5,2026-05-12,19.0,18.661461897953068,-0.33853810204693247,-1.7817794844575394,STABLE
إسفنجة تنظيف واريتكس - 3 قطع,2026-05-12,3.0,5.242354598104246,2.242354598104246,74.74515327014153,UP
إسفنجة فيليدا تيب توب - 9 قطع,2026-05-12,9.0,9.906802653517095,0.9068026535170954,10.075585039078838,STABLE
إسفنجة كراون كبيرة لتلميع الأحذية,2026-05-12,29.0,27.96824868271449,-1.0317513172855115,-3.557763163053488,DOWN
إسفنجة مطبخ كورازي إيكوضد الخدوش - عبوة من 2,2026-05-12,2.0,5.242354598104246,3.242354598104246,162.1177299052123,UP
إسفنجة مطبخ كورازي الإقتصادية - عبوة من 2,2026-05-12,2.0,5.242354598104246,3.242354598104246,162.1177299052123,UP
إسفنجة مطبخ كورازي الإقتصادية - عبوة من 6,2026-05-12,6.0,7.109818969169242,1.1098189691692424,18.49698281948737,UP
إسفنجة مطبخ كورازي جرين - عبوة من 3,2026-05-12,3.0,5.242354598104246,2.242354598104246,74.74515327014153,UP
إسفنجة مطبخ كورازي سيلفر - عبوة من 3,2026-05-12,3.0,5.242354598104246,2.242354598104246,74.74515327014153,UP
إسفنجة مطبخ كورازي وايت - عبوة من 3,2026-05-12,3.0,5.242354598104246,2.242354598104246,74.74515327014153,UP
إسفنجة واريتكس زورو - 5 قطع,2026-05-12,5.0,6.081163175746281,1.0811631757462807,21.623263514925615,UP
إكسترا بانيه دجاج - 1 كجم,2026-05-12,155.0,155.66548169532697,0.6654816953269744,0.42934302924320933,STABLE
إكسترا بانيه دجاج حار - 1 كجم,2026-05-12,155.0,155.66548169532697,0.6654816953269744,0.42934302924320933,STABLE
إكسترا رول مفرش سفرة - 4 قطع - 110 في 110 سم,2026-05-12,4.0,3.9596229887355,-0.040377011264499885,-1.0094252816124971,STABLE
إكسترا مسحوق غسيل بودر أتوماتيك بالورود - 8 كجم,2026-05-12,8.0,8.669792999125718,0.6697929991257183,8.372412489071479,STABLE
إكسترا مسحوق غسيل بودر أتوماتيك بالياسمين - 8 كجم,2026-05-12,8.0,8.669792999125718,0.6697929991257183,8.372412489071479,STABLE
إكسترا مناديل مبللة ميني هايجين - حماية مزدوجة - 15 منديل مبلل,2026-05-12,15.0,14.64883427504906,-0.3511657249509401,-2.3411048330062676,STABLE
إكسترا مناديل مبللة ميني هايجين - رائحة المسك - 15 منديل مبلل,2026-05-12,15.0,14.64883427504906,-0.3511657249509401,-2.3411048330062676,STABLE
إكسترا مناديل مبللة ميني هايجين - نعومة اللافندر - 15 منديل مبلل,2026-05-12,15.0,14.64883427504906,-0.3511657249509401,-2.3411048330062676,STABLE
إكسترا هايجين مناديل مبللة - ميني - انتعاش الكول واتر - 15 منديل مبلل,2026-05-12,15.0,14.64883427504906,-0.3511657249509401,-2.3411048330062676,STABLE
إم ديزاين إيدن بولة بيزك - صغيرة - أحمر,2026-05-12,55.0,53.503488156604476,-1.496511843395524,-2.720930624355498,DOWN
إم ديزاين إيدن بيسيكس بولة سلطة - أزرق,2026-05-12,150.0,152.97546296978635,2.9754629697863493,1.9836419798575662,UP
إم ديزاين إيدن بيسيكس بولة سلطة - برتقالي,2026-05-12,150.0,152.97546296978635,2.9754629697863493,1.9836419798575662,UP
إم ديزاين إيدن بيسيكس بولة سلطة كبيرة - أرجواني,2026-05-12,150.0,154.69070958596188,4.6907095859618835,3.127139723974589,UP
إم ديزاين إيدن تيل كوب لارج - 520 مللي,2026-05-12,520.0,513.0119456989933,-6.988054301006741,-1.3438565963474502,DOWN
إم ديزاين بولة باسيك - بنفسجي,2026-05-12,55.0,53.503488156604476,-1.496511843395524,-2.720930624355498,DOWN
إم ديزاين بولة سلطة باسيك - أزرق,2026-05-12,55.0,53.503488156604476,-1.496511843395524,-2.720930624355498,DOWN
إم ديزاين بولة سلطة باسيك - برتقالي,2026-05-12,55.0,53.503488156604476,-1.496511843395524,-2.720930624355498,DOWN
إم ديزاين بولة سلطة بلاستيك - 25 سم - بيج,2026-05-12,25.0,25.537111652831538,0.5371116528315376,2.1484466113261504,STABLE
إم ديزاين بولة سلطة بلاستيك - صغيرة,2026-05-12,30.0,29.169776125496117,-0.8302238745038828,-2.7674129150129425,STABLE
إم ديزاين بولة شوربة - 15 سم,2026-05-12,15.0,14.64883427504906,-0.3511657249509401,-2.3411048330062676,STABLE
إم ديزاين بولة شوربة بلاستيك - 15 سم - تركواز,2026-05-12,15.0,14.64883427504906,-0.3511657249509401,-2.3411048330062676,STABLE
إم ديزاين طبق مسطح - 21 سم,2026-05-12,21.0,20.108320694307576,-0.8916793056924242,-4.246091931868686,STABLE
إم ديزاين طبق مسطح - 26 سم,2026-05-12,26.0,25.79026302228043,-0.20973697771956878,-0.8066806835368031,STABLE
إم ديزاين طقم أدوات مائدة - 9 قطع,2026-05-12,9.0,9.906802653517095,0.9068026535170954,10.075585039078838,STABLE
إم ديزاين كوب بلاستيك كبير - 420 مل,2026-05-12,420.0,425.0780248872455,5.078024887245476,1.2090535445822563,UP
إم ديزاين كوب بلاستيك كبير - 520 مل - أحمر,2026-05-12,520.0,513.0119456989933,-6.988054301006741,-1.3438565963474502,DOWN
إم ديزاين كوب بلاستيك كبير - 520مل - أزرق,2026-05-12,42.0,40.80259321140815,-1.1974067885918487,-2.850968544266306,DOWN
إم ديزاين كوب بلاستيك كبير - 520مل - برتقالي,2026-05-12,42.0,40.80259321140815,-1.1974067885918487,-2.850968544266306,DOWN
إم ديزاين كوب بلاستيك كبير - 520مل - بنفسجي,2026-05-12,42.0,40.80259321140815,-1.1974067885918487,-2.850968544266306,DOWN
إمتنان أعشاب تلطيف الكحة - 18 كيس,2026-05-12,18.0,17.546954039951686,-0.4530459600483141,-2.5169220002684116,STABLE
إمتنان أعشاب كركديه - 16 فتلة,2026-05-12,16.0,15.769571185338137,-0.23042881466186316,-1.4401800916366447,STABLE
إمتنان حبوب لقاح نبات النخيل - 30 جرام,2026-05-12,30.0,30.645875743080058,0.6458757430800581,2.1529191436001938,STABLE
إمتنان خل البلسمك العضوى - 250 مل,2026-05-12,250.0,247.89237849525765,-2.1076215047423545,-0.8430486018969419,DOWN
إمتنان سوبر إميون بالشوكولاتة - 380 جم,2026-05-12,380.0,385.2772747901343,5.2772747901343,1.3887565237195525,UP
إمتنان شاي أعشاب الحمية الغذائية - 18 كيس,2026-05-12,18.0,17.546954039951686,-0.4530459600483141,-2.5169220002684116,STABLE
إمتنان شاي أعشاب بقدونس وكرفس - 18 كيس,2026-05-12,18.0,17.546954039951686,-0.4530459600483141,-2.5169220002684116,STABLE
إمتنان غذاء ملكات النحل مستورد,2026-05-12,104.0,105.30801755130375,1.3080175513037489,1.2577091839459125,UP
إمتنان غذاء ملكات مجفف - 25 جرام,2026-05-12,25.0,26.651717189541937,1.6517171895419374,6.606868758167749,UP
إيدن بولة - 21 سم - أحمر,2026-05-12,21.0,20.108320694307576,-0.8916793056924242,-4.246091931868686,STABLE
إيدن بولة - 21 سم - أرجواني,2026-05-12,21.0,20.108320694307576,-0.8916793056924242,-4.246091931868686,STABLE
إيدن بولة - 21 سم - أزرق,2026-05-12,21.0,20.108320694307576,-0.8916793056924242,-4.246091931868686,STABLE
إيدن بولة - 21 سم - برتقالي,2026-05-12,21.0,20.108320694307576,-0.8916793056924242,-4.246091931868686,STABLE
إيدن بولة - صغيرة - وردي,2026-05-12,55.0,53.503488156604476,-1.496511843395524,-2.720930624355498,DOWN
إيدن بولة سلطة - أزرق مخضر,2026-05-12,150.0,152.97546296978635,2.9754629697863493,1.9836419798575662,UP
إيدن تيل طبق عشاء,2026-05-12,80.0,79.39538455373024,-0.6046154462697615,-0.7557693078372019,STABLE
إيدن طبق - 21 سم - أزرق مخضر,2026-05-12,21.0,20.108320694307576,-0.8916793056924242,-4.246091931868686,STABLE
إيدن طبق جانبي - 21 سم - أزرق,2026-05-12,21.0,20.108320694307576,-0.8916793056924242,-4.246091931868686,STABLE
إيدن طبق جانبي - 21 سم - برتقالي,2026-05-12,21.0,20.108320694307576,-0.8916793056924242,-4.246091931868686,STABLE
إيدن طبق دائري - 21 سم - أحمر,2026-05-12,21.0,20.108320694307576,-0.8916793056924242,-4.246091931868686,STABLE
إيدن طبق عميق - 21 سم - أزرق مخضر,2026-05-12,21.0,20.108320694307576,-0.8916793056924242,-4.246091931868686,STABLE
إيدن طبق عميق - 21 سم - وردي,2026-05-12,21.0,20.108320694307576,-0.8916793056924242,-4.246091931868686,STABLE
إيدن طبق غداء - 26 سم - أحمر,2026-05-12,26.0,25.79026302228043,-0.20973697771956878,-0.8066806835368031,STABLE
إيدن طبق غداء - 26 سم - أرجواني,2026-05-12,26.0,25.79026302228043,-0.20973697771956878,-0.8066806835368031,STABLE
إيدن طبق غداء - 26 سم - أزرق,2026-05-12,26.0,25.79026302228043,-0.20973697771956878,-0.8066806835368031,STABLE
إيدن طبق غداء - 26 سم - برتقالي,2026-05-12,26.0,25.79026302228043,-0.20973697771956878,-0.8066806835368031,STABLE
إيدن طبق غداء - وردي,2026-05-12,80.0,79.39538455373024,-0.6046154462697615,-0.7557693078372019,STABLE
إيدن كوب بلاستيك إم ديزاين - 300مل - أحمر,2026-05-12,35.0,34.03939855845269,-0.9606014415473112,-2.744575547278032,STABLE
إيدن كوب بلاستيك إم ديزاين - 300مل - بنفسجي,2026-05-12,35.0,34.03939855845269,-0.9606014415473112,-2.744575547278032,STABLE
إيدن كوب صغير - 300 مل - أزرق,2026-05-12,300.0,337.2274695262168,37.227469526216794,12.409156508738931,UP
إيدن كوب صغير - 300 مل - برتقالي,2026-05-12,300.0,337.2274695262168,37.227469526216794,12.409156508738931,UP
إيدن كوب صغير - 300 مل - بينك,2026-05-12,300.0,337.2274695262168,37.227469526216794,12.409156508738931,UP
إيدن كوب صغير - 300 مل - تركواز,2026-05-12,300.0,337.2274695262168,37.227469526216794,12.409156508738931,UP
إيدن كوب كبيرة - 520 مل - بينك,2026-05-12,520.0,513.0119456989933,-6.988054301006741,-1.3438565963474502,DOWN
إيزي يوز إسفنجة تنظيف - 1 قطعة,2026-05-12,16.0,15.859729034144143,-0.14027096585585674,-0.8766935365991047,STABLE
إيزي يوز إسفنجة تنظيف - 2 قطعة - أسود,2026-05-12,2.0,5.242354598104246,3.242354598104246,162.1177299052123,UP
إيزي يوز إسفنجة تنظيف - 3 قطع,2026-05-12,3.0,5.242354598104246,2.242354598104246,74.74515327014153,UP
إيزي يوز إسفنجة تنظيف - قطعتين,2026-05-12,70.0,67.9346681176458,-2.065331882354201,-2.9504741176488585,DOWN
إيزي يوز سلك مواعين - 10 قطع,2026-05-12,10.0,11.391301490230097,1.3913014902300969,13.913014902300969,UP
إيزي يوز سلك مواعين - 20 قطعة,2026-05-12,20.0,19.357212583018235,-0.6427874169817649,-3.2139370849088245,STABLE
إيزي يوز فوطة إسفنجية - 5 قطع,2026-05-12,5.0,6.081163175746281,1.0811631757462807,21.623263514925615,UP
إيزي يوز فوطة مايكروفايبر - *38 36 سم - 4 قطع,2026-05-12,38.0,36.14810274971753,-1.8518972502824695,-4.873413816532814,DOWN
إيزي يوز ليف مواعين - 3 قطع,2026-05-12,3.0,5.242354598104246,2.242354598104246,74.74515327014153,UP
إيزي يوز ليفة جلى - لون أخضر - 3 قطع,2026-05-12,3.0,5.242354598104246,2.242354598104246,74.74515327014153,UP
إيزيس أعشاب زنجبيل - 20 فتلة,2026-05-12,20.0,25.27589298568199,5.275892985681988,26.37946492840994,UP
إيزيس أعشاب قرفة بالزنجبيل - 12 فتلة,2026-05-12,12.0,11.787877236579112,-0.2121227634208882,-1.7676896951740684,STABLE
إيزيس أعشاب قرفة بالزنجبيل - 20 فتلة,2026-05-12,20.0,19.3112000698131,-0.6887999301868994,-3.443999650934497,STABLE
إيزيس أعشاب كركديه - 100 فتلة,2026-05-12,100.0,103.89301896000244,3.8930189600024363,3.893018960002436,UP
إيزيس أعشاب مرمريه - 20 فتلة,2026-05-12,20.0,19.3112000698131,-0.6887999301868994,-3.443999650934497,STABLE
إيزيس أعشاب نعناع - 100 فتلة,2026-05-12,100.0,103.89301896000244,3.8930189600024363,3.893018960002436,UP
إيزيس أعشاب يانسون - 100 فتلة,2026-05-12,100.0,103.89301896000244,3.8930189600024363,3.893018960002436,UP
إيزيس أعشاب يانسون بالليمون - 20 فتلة,2026-05-12,20.0,19.3112000698131,-0.6887999301868994,-3.443999650934497,STABLE
إيزيس حلبة - 20 فتلة,2026-05-12,20.0,25.27589298568199,5.275892985681988,26.37946492840994,UP
إيزيس شاي ريجيم بطعم الليمون - 50 فتلة,2026-05-12,50.0,56.681608068014974,6.681608068014974,13.363216136029948,UP
إيزيس شاي ريجيم بطعم النعناع - 50 فتلة,2026-05-12,50.0,49.750238709318246,-0.24976129068175368,-0.4995225813635073,STABLE
إيزيس شمر - 20 كيس,2026-05-12,20.0,19.3112000698131,-0.6887999301868994,-3.443999650934497,STABLE
إيزيس قرفة - 12 كيس,2026-05-12,12.0,11.787877236579112,-0.2121227634208882,-1.7676896951740684,STABLE
إيليت أطباق - صغيرة - 10 قطع - أسود,2026-05-12,10.0,11.391301490230097,1.3913014902300969,13.913014902300969,UP
إيليت أطباق - صغيرة - 10 قطع - فضي,2026-05-12,10.0,11.391301490230097,1.3913014902300969,13.913014902300969,UP
إيليت أطباق - كبيرة - 10 قطع - أسود,2026-05-12,10.0,11.391301490230097,1.3913014902300969,13.913014902300969,UP
إيليت أطباق - كبيرة - 10 قطع - ذهبي,2026-05-12,10.0,11.391301490230097,1.3913014902300969,13.913014902300969,UP
إيليت أطباق - كبيرة - 10 قطع - فضي,2026-05-12,10.0,11.391301490230097,1.3913014902300969,13.913014902300969,UP
إيليت أطباق - وسط - 10 قطع - أسود,2026-05-12,10.0,11.391301490230097,1.3913014902300969,13.913014902300969,UP
إيليت أطباق - وسط - 10 قطع - ذهبي,2026-05-12,10.0,11.391301490230097,1.3913014902300969,13.913014902300969,UP
إيليت أطباق - وسط - 10 قطع - فضي,2026-05-12,10.0,11.391301490230097,1.3913014902300969,13.913014902300969,UP
إيليت أكواب ورقية - 10 قطع - أسود,2026-05-12,10.0,11.391301490230097,1.3913014902300969,13.913014902300969,UP
إيليت أكواب ورقية - 10 قطع - ذهبي,2026-05-12,10.0,11.391301490230097,1.3913014902300969,13.913014902300969,UP
إيليت أكواب ورقية - 10 قطع - فضي,2026-05-12,10.0,11.391301490230097,1.3913014902300969,13.913014902300969,UP
إيليت شوك بلاستيك - 10 قطع - إسود,2026-05-12,10.0,11.391301490230097,1.3913014902300969,13.913014902300969,UP
إيليت شوك بلاستيك - 10 قطع - ذهبي,2026-05-12,10.0,11.391301490230097,1.3913014902300969,13.913014902300969,UP
إيليت شوك بلاستيك - 10 قطع - فضي,2026-05-12,10.0,11.391301490230097,1.3913014902300969,13.913014902300969,UP
إيليت طقم أطباق فوم - 50 طبق,2026-05-12,50.0,49.76216375973339,-0.23783624026660988,-0.4756724805332197,STABLE
إيليت ملاعق بلاستيك - 10 قطع - إسود,2026-05-12,10.0,11.391301490230097,1.3913014902300969,13.913014902300969,UP
إيليت ملاعق بلاستيك - 10 قطع - ذهبي,2026-05-12,10.0,11.391301490230097,1.3913014902300969,13.913014902300969,UP
إيليت ملاعق بلاستيك - 10 قطع - فضي,2026-05-12,10.0,11.391301490230097,1.3913014902300969,13.913014902300969,UP
إيليت ملاعق صغيرة بلاستيك - 10 قطع - ذهبي,2026-05-12,10.0,11.391301490230097,1.3913014902300969,13.913014902300969,UP
إيليت ملاعق صغيرة بلاستيك - 10 قطع - فضي,2026-05-12,10.0,11.391301490230097,1.3913014902300969,13.913014902300969,UP
ابو علي أم علي بالمكسرات - 175 جرام,2026-05-12,175.0,176.17970545355607,1.1797054535560676,0.6741174020320386,UP
ابو علي فانيليا بالسكر - 135 جرام,2026-05-12,135.0,138.16462319032632,3.164623190326324,2.3441653261676474,UP
ابو علي مشروب سحلب - 300 جرام,2026-05-12,300.0,319.4272225180408,19.42722251804082,6.47574083934694,UP
ابو علي مشروب سوبيا - 400 جرام,2026-05-12,400.0,408.94518329834017,8.945183298340169,2.236295824585042,UP
ابو عوف بن محوج وسط - 400 جرام,2026-05-12,13.0,13.341126733516624,0.34112673351662437,2.6240517962817256,STABLE
ابو عوف بن وسط سادة - 400 جرام,2026-05-12,400.0,408.94518329834017,8.945183298340169,2.236295824585042,UP
ابو عوف بندق - 200 جرام,2026-05-12,200.0,202.1751499873623,2.175149987362289,1.0875749936811445,UP
ابو عوف عين جمل - 200 جم,2026-05-12,200.0,202.1751499873623,2.175149987362289,1.0875749936811445,UP
ابو عوف فستق - 150 جرام,2026-05-12,150.0,157.0301259011403,7.030125901140309,4.686750600760206,UP
ابو عوف فستق مملح - 200 جرام,2026-05-12,200.0,202.1751499873623,2.175149987362289,1.0875749936811445,UP
ابو عوف قهوة كلاسيك سريعة التحضير - 100 جم,2026-05-12,15.0,14.558675790460173,-0.4413242095398271,-2.9421613969321805,STABLE
ابو عوف قهوة كلاسيك سريعة التحضير - 48 جرام - 24 كيس,2026-05-12,9.0,9.860789504529082,0.8607895045290821,9.564327828100911,STABLE
ابو عوف قهوة كلاسيك سريعة التحضير - 50 جم,2026-05-12,50.0,49.750238709318246,-0.24976129068175368,-0.4995225813635073,STABLE
ابو عوف لوز - 200 جرام,2026-05-12,200.0,202.1751499873623,2.175149987362289,1.0875749936811445,UP
ابو عوف لوز محمص - 150 جرام,2026-05-12,150.0,157.0301259011403,7.030125901140309,4.686750600760206,UP
ابو عوف لوز محمص ومملح - 180 جرام,2026-05-12,180.0,178.66556396265705,-1.3344360373429538,-0.7413533540794188,DOWN
ابو عوف مقرمشات صينى - 225 جرام,2026-05-12,225.0,221.13394779180317,-3.866052208196834,-1.7182454258652595,DOWN
اجنحة دجاج شيكيتيتا - 700 جم,2026-05-12,700.0,632.7924728724388,-67.2075271275612,-9.601075303937314,DOWN
احمد تى شاي لندن بليند - 100 فتلة,2026-05-12,26.0,25.756253883707682,-0.2437461162923178,-0.9374850626627608,STABLE
اريال مسحوق غسيل اوتوماتيك بلمسة داوني - 6 كجم,2026-05-12,6.0,7.109818969169242,1.1098189691692424,18.49698281948737,UP
اريال مسحوق غسيل للغسالات الاوتوماتيك بلمسة انتعاش داوني - 4.5 كجم,2026-05-12,4.5,6.044164160218493,1.544164160218493,34.31475911596651,UP
اريكس ماستر كلين اسفنجة مضادة للبكتيريا - قطعتين,2026-05-12,94.0,98.56944101525274,4.569441015252735,4.861107463034825,UP
استربس دجاج حلواني - 400جم,2026-05-12,168.0,163.56621129601714,-4.433788703982856,-2.639159942846938,DOWN
استيكة بريما داست فري صغيرة,2026-05-12,5.0,4.8031059229321675,-0.19689407706783246,-3.9378815413566493,STABLE
استيكة ثلاثية الأبعاد شكل كرة - 4 قطع,2026-05-12,4.0,3.9596229887355,-0.040377011264499885,-1.0094252816124971,STABLE
اسفنجة بالك ملمعة للاحذية الشمواه,2026-05-12,119.0,122.16284964497572,3.162849644975722,2.6578568445174136,UP
اسفنجة تنظيف سبونتكس لحماية الاظافر - 1 قطعة,2026-05-12,40.0,39.55149864665351,-0.44850135334648655,-1.1212533833662164,STABLE
اسفنجة تنظيف للاستخدمات القويةبريمير - فضي - 2 قطعة,2026-05-12,2.0,5.242354598104246,3.242354598104246,162.1177299052123,UP
اسفنجة رايت ملمعة للاحذية,2026-05-12,27.0,26.309684620886987,-0.690315379113013,-2.5567236263444926,STABLE
اسفنجة غسيل الاطباق فيليدا تيب توب - 3 قطع,2026-05-12,3.0,5.242354598104246,2.242354598104246,74.74515327014153,UP
اسفنجة واريتكس - قطعة واحدة,2026-05-12,41.0,39.74531533055495,-1.254684669445048,-3.0602065108415806,DOWN
اطباق بلاستيك طيبة مستطيلة - 5 قطع,2026-05-12,5.0,6.081163175746281,1.0811631757462807,21.623263514925615,UP
اطياب دجاج فيليه متبل حار - 500 جم,2026-05-12,500.0,507.5384005868036,7.538400586803618,1.5076801173607237,UP
اطياب لحم مفروم - 900 جرام,2026-05-12,900.0,788.7844541515689,-111.21554584843113,-12.357282872047904,DOWN
اعشاب رويال زنجبيل وقرفة - 20 كيس منقي,2026-05-12,20.0,19.3112000698131,-0.6887999301868994,-3.443999650934497,STABLE
اعشاب رويال مشروب أعشاب الأحلام - 20 كيس,2026-05-12,20.0,19.3112000698131,-0.6887999301868994,-3.443999650934497,STABLE
اعشاب رويال مشروب أعشاب النفس - 20 كيس,2026-05-12,20.0,19.3112000698131,-0.6887999301868994,-3.443999650934497,STABLE
اعشاب رويال ينسون - 50 كيس,2026-05-12,50.0,49.750238709318246,-0.24976129068175368,-0.4995225813635073,STABLE
اعشاب قرفة بالتفاح من روتس - 25 فتلة,2026-05-12,25.0,25.503102514258774,0.5031025142587744,2.0124100570350976,STABLE
اعشاب كركديه ايزيس - 50 فتلة,2026-05-12,50.0,49.750238709318246,-0.24976129068175368,-0.4995225813635073,STABLE
اعشاب كركديه ايزيس سيكم - 25 فتلة,2026-05-12,25.0,25.503102514258774,0.5031025142587744,2.0124100570350976,STABLE
اعشاب كركديه من رويال - 50 كيس,2026-05-12,50.0,49.750238709318246,-0.24976129068175368,-0.4995225813635073,STABLE
اعشاب ليبتون كركديه - 20 فتلة,2026-05-12,20.0,19.3112000698131,-0.6887999301868994,-3.443999650934497,STABLE
اعشاب ليبتون ينسون - 20 فتلة,2026-05-12,20.0,19.3112000698131,-0.6887999301868994,-3.443999650934497,STABLE
اعشاب نعناع روتس - 12 فتلة,2026-05-12,12.0,11.787877236579112,-0.2121227634208882,-1.7676896951740684,STABLE
اعواد معطره جليد برائحه اللافندر - 100 مل,2026-05-12,100.0,105.23115419550474,5.231154195504743,5.231154195504743,UP
اعواد معطره جليد برائحه راحه البال - 100 مل,2026-05-12,100.0,105.23115419550474,5.231154195504743,5.231154195504743,UP
اعواد معطره جليد برائحه رحيق ازهار الكرز- 100 مل,2026-05-12,100.0,105.23115419550474,5.231154195504743,5.231154195504743,UP
اعواد معطره جليد برائحه عبق البحر - 100 مل,2026-05-12,100.0,105.23115419550474,5.231154195504743,5.231154195504743,UP
اف اف نودلز سريعة التحضير على الطريقة الكورية - 380 جرام,2026-05-12,380.0,385.22144366332645,5.221443663326454,1.3740641219280143,UP
افخاذ دجاج كوكي جامبو كرانشي مع بطاطس - 8 قطع,2026-05-12,8.0,9.430109421433677,1.4301094214336771,17.876367767920964,UP
اقراص غساله الاطباق لودفيك الكل في واحد برائحة النعناع - 40 + 30 قرص,2026-05-12,40.0,39.55149864665351,-0.44850135334648655,-1.1212533833662164,STABLE
اقراص غساله الاطباق لودفيك بالليمون - 70 قطعه,2026-05-12,70.0,67.9346681176458,-2.065331882354201,-2.9504741176488585,DOWN
اقراص هش طاردة للنمل - 1 قطعة,2026-05-12,19.0,18.661461897953068,-0.33853810204693247,-1.7817794844575394,STABLE
اقلام تلوين ثنائية ديلي كولو رن 6 قطع - 12 لون,2026-05-12,6.0,5.7330325433354075,-0.26696745666459254,-4.449457611076543,STABLE
اقلام تلوين ديلي كولور ايموشن - 12 لون,2026-05-12,12.0,11.184386256880785,-0.815613743119215,-6.7967811926601245,STABLE
اكسترا مسحوق غسيل اتوماتيك برائحة الزهور - 2.5 كجم,2026-05-12,2.5,5.242354598104246,2.742354598104246,109.69418392416983,UP
اكسترا مسحوق غسيل اتوماتيك برائحة الياسمين - 2.5 كجم,2026-05-12,2.5,5.242354598104246,2.742354598104246,109.69418392416983,UP
اكسون عجينة مبيدة للحشرات الزاحفة - 150 جم,2026-05-12,150.0,152.97546296978635,2.9754629697863493,1.9836419798575662,UP
اكوا دلتا زجاجات كرتونة مياه طبيعية للشرب - 1.5 لتر - 12 زجاجة,2026-05-12,1.5,11.374995258169678,9.874995258169678,658.3330172113118,UP
اكواب ورقية بغطاء طيبة - 5 أكواب - أبيض,2026-05-12,5.0,6.081163175746281,1.0811631757462807,21.623263514925615,UP
اكياس ثلاجة كارفور 22*26 سم - 15 قطعة,2026-05-12,22.0,21.37766297435537,-0.6223370256446294,-2.8288046620210427,STABLE
اكياس خبز كارفور - 43*60 سم - 2 قطعة,2026-05-12,43.0,40.86252698091406,-2.137473019085938,-4.970867486246368,DOWN
اكياس قمامة كارفور - 60*70 سم - 15 قطعة,2026-05-12,60.0,57.43350667126746,-2.566493328732541,-4.2774888812209015,DOWN
اكياس قمامة كارفور - 85*110 سم - 12 قطعة,2026-05-12,85.0,95.58100191046788,10.581001910467876,12.448237541726913,UP
اكياس قمامة كارفور - خوخ - 40*50 سم - 15 كيس,2026-05-12,40.0,39.55149864665351,-0.44850135334648655,-1.1212533833662164,STABLE
اكياس قمامة كارفور - خوخ - 70*90 سم - 15 كيس,2026-05-12,70.0,67.9346681176458,-2.065331882354201,-2.9504741176488585,DOWN
اكياس قمامة كارفور - لافندر - 40*50 سم - 15 كيس,2026-05-12,40.0,39.55149864665351,-0.44850135334648655,-1.1212533833662164,STABLE
اكياس قمامة كارفور - لافندر - 70 * 90 سم - 15 كيس,2026-05-12,70.0,67.9346681176458,-2.065331882354201,-2.9504741176488585,DOWN
اكياس قمامة كارفور - مانجو - 40*50 سم - 15 كيس,2026-05-12,40.0,39.55149864665351,-0.44850135334648655,-1.1212533833662164,STABLE
اكياس قمامة كارفور - مانجو - 70*90 سم - 15 كيس,2026-05-12,70.0,67.9346681176458,-2.065331882354201,-2.9504741176488585,DOWN
اكياس قمامة كارفور - نعناع - 40*50 سم - 15 كيس,2026-05-12,40.0,39.55149864665351,-0.44850135334648655,-1.1212533833662164,STABLE
اكياس قمامة كارفور - نعناع - 70*90 سم - 15 كيس,2026-05-12,70.0,67.9346681176458,-2.065331882354201,-2.9504741176488585,DOWN
اكياس قمامة كارفور 70*90 سم - 12 قطعة,2026-05-12,70.0,67.9346681176458,-2.065331882354201,-2.9504741176488585,DOWN
اكياس قمامة كارفور 70*90 سم - 25 قطعة,2026-05-12,70.0,67.9346681176458,-2.065331882354201,-2.9504741176488585,DOWN
اكياس يالا فرابيت لاتيه أسباني - 35 جرام - 10 أكياس + كوب,2026-05-12,35.0,34.06616798862149,-0.933832011378513,-2.668091461081466,STABLE
الأميرة رول أكياس ثلاجة - 35 * 20 سم - 75 كيس,2026-05-12,35.0,34.03939855845269,-0.9606014415473112,-2.744575547278032,STABLE
الأميرة رول أكياس ثلاجة - 40 * 25 سم - 300 كيس,2026-05-12,40.0,39.55149864665351,-0.44850135334648655,-1.1212533833662164,STABLE
الأميرة رول أكياس ثلاجة - 40 * 25 سم - 75 كيس,2026-05-12,40.0,39.55149864665351,-0.44850135334648655,-1.1212533833662164,STABLE
الأميرة رول اكياس قمامة - 60 * 70 سم - 15 كيس,2026-05-12,60.0,57.43350667126746,-2.566493328732541,-4.2774888812209015,DOWN
الأميرة رول اكياس قمامة - 70 * 90 سم - 10 أكياس,2026-05-12,70.0,67.9346681176458,-2.065331882354201,-2.9504741176488585,DOWN
الأميرة رول اكياس قمامة - 70 * 90 سم - 50 كيس,2026-05-12,70.0,73.1031623400231,3.103162340023104,4.433089057175863,UP
الأميرة رول اكياس قمامة - 85 * 110 سم - 10 أكياس,2026-05-12,85.0,95.58100191046788,10.581001910467876,12.448237541726913,UP
البسفور جمبري مقشر مجمد - مقاس 10/20 - 400 جرام,2026-05-12,10.0,12.179613958929766,2.1796139589297656,21.796139589297656,UP
البسفور جمبري مقشر مجمد - مقاس 20/30 - 400 جرام,2026-05-12,20.0,20.07838613825508,0.07838613825508034,0.39193069127540175,STABLE
البسفور جمبري مقشر مجمد - مقاس 60/80 - 400 جرام,2026-05-12,60.0,58.358453377886015,-1.6415466221139852,-2.735911036856642,DOWN
البسفور سى فود مخلى بالتتبيلة - 450 جرام,2026-05-12,450.0,446.2872641941301,-3.7127358058698974,-0.8250524013044217,DOWN
البوادى طحينة 20ج*18ق,2026-05-12,89.0,94.14006836896993,5.140068368969935,5.775357717943748,UP
التوابل الشرقية دجاج بانيه كرانشي - 20 قطعة,2026-05-12,15.0,15.445191175247652,0.4451911752476523,2.967941168317682,STABLE
الجوهرة شاي اخضر - 100 فتلة,2026-05-12,100.0,103.89301896000244,3.8930189600024363,3.893018960002436,UP
الحسام أكواب - 20 قطعة,2026-05-12,20.0,19.357212583018235,-0.6427874169817649,-3.2139370849088245,STABLE
الحسام أكواب -12 أونصه - 10 قطعة,2026-05-12,12.0,11.878035085385122,-0.12196491461487824,-1.0163742884573188,STABLE
الحسام أكواب -4 أونصه - 10 قطعة,2026-05-12,4.0,5.242354598104246,1.2423545981042459,31.058864952606147,UP
الحسام أكواب -7 أونصه - 10 قطعة,2026-05-12,7.0,8.227935420762583,1.2279354207625826,17.541934582322607,UP
الحسام أكواب -8 أونصه - 10 قطعة,2026-05-12,8.0,8.669792999125718,0.6697929991257183,8.372412489071479,STABLE
الحسام رول مفرش سفرة - 0.5 كجم,2026-05-12,129.0,130.27627014435205,1.276270144352054,0.989356701048104,UP
الحسام رول مفرش سفرة - 1 كجم,2026-05-12,31.0,29.995143158896838,-1.0048568411031624,-3.241473680977943,DOWN
الحسام رول مفرش سفرة - 110*110 سم - 10 قطعة,2026-05-12,110.0,110.57980546881105,0.5798054688110454,0.5270958807373141,STABLE
الحسام رول مفرش سفرة - 25 قطعة,2026-05-12,25.0,25.64970759619361,0.6497075961936112,2.5988303847744447,STABLE
الحسام سكاكين بلاستيك - 10 قطع,2026-05-12,10.0,11.391301490230097,1.3913014902300969,13.913014902300969,UP
الحسام طقم أدوات طعام بلاستيك - 30 قطعة,2026-05-12,30.0,29.169776125496117,-0.8302238745038828,-2.7674129150129425,STABLE
الرشيدي الميزان طحينة - 225 جرام,2026-05-12,225.0,221.13394779180317,-3.866052208196834,-1.7182454258652595,DOWN
الرشيدي الميزان طحينة - 700 جم,2026-05-12,17.0,18.314344858644578,1.3143448586445778,7.731440344968105,UP
الشوفان من حاج عرافة,2026-05-12,25.0,32.71110448406391,7.71110448406391,30.844417936255635,UP
الضحى حلبة - 340 جرام,2026-05-12,340.0,339.41181089856065,-0.5881891014393545,-0.17299679454098663,STABLE
الضحى سكر أبيض - 1 كجم,2026-05-12,17.0,18.314344858644578,1.3143448586445778,7.731440344968105,UP
الضحى ينسون - 100 جرام,2026-05-12,100.0,103.89301896000244,3.8930189600024363,3.893018960002436,UP
العابد صدور بط - 1100-1200 جرام,2026-05-12,1100.0,940.7833672425118,-159.21663275748824,-14.47423934158984,DOWN
العابد صدور بط - 1200-1300 جرام,2026-05-12,1200.0,940.7833672425118,-259.21663275748824,-21.60138606312402,DOWN
العابد صدور بط - 1300-1400 جرام,2026-05-12,1300.0,940.7833672425118,-359.21663275748824,-27.632048673652942,DOWN
العروبة اسبرسو أرابيكا - 250 جرام,2026-05-12,250.0,247.28112526171415,-2.718874738285848,-1.0875498953143392,DOWN
العروبة اسبرسو كلاسيك - 250 جرام,2026-05-12,250.0,247.28112526171415,-2.718874738285848,-1.0875498953143392,DOWN
العروبة بن سادة غامق - 200 جم,2026-05-12,200.0,205.60893267509945,5.608932675099453,2.8044663375497265,UP
العروبة بن سادة وسط - 200 جم,2026-05-12,200.0,205.60893267509945,5.608932675099453,2.8044663375497265,UP
العروبة بن غامق محوج - 100 جرام,2026-05-12,100.0,103.89301896000244,3.8930189600024363,3.893018960002436,UP
العروبة بن غامق محوج بالحبهان - 200 جرام,2026-05-12,200.0,205.60893267509945,5.608932675099453,2.8044663375497265,UP
العروبة بن وسط محوج بالحبهان - 200 جرام,2026-05-12,200.0,205.60893267509945,5.608932675099453,2.8044663375497265,UP
العروبة قهوه فرنسيه باللبن - 100 جرام,2026-05-12,100.0,103.89301896000244,3.8930189600024363,3.893018960002436,UP
العروسة شاي أخضر - 25 فتلة,2026-05-12,25.0,31.239260757498798,6.239260757498798,24.95704302999519,UP
العروسة شاي أسود - 100 كيس,2026-05-12,100.0,103.89301896000244,3.8930189600024363,3.893018960002436,UP
العروسة شاي أسود - 50 فتلة,2026-05-12,50.0,49.750238709318246,-0.24976129068175368,-0.4995225813635073,STABLE
العصاري شاي أسود - 25 فتلة,2026-05-12,25.0,25.503102514258774,0.5031025142587744,2.0124100570350976,STABLE
العميد قهوة فرنساوي بالبندق,2026-05-12,409.0,415.3032696525159,6.303269652515894,1.5411417243315144,UP
الفاتح رول مفرش سفرة - 110*110 سم - 1/2 كجم,2026-05-12,110.0,110.57980546881105,0.5798054688110454,0.5270958807373141,STABLE
الفاتح رول مفرش سفرة - 110*110 سم - 100 قطعة,2026-05-12,110.0,110.57980546881105,0.5798054688110454,0.5270958807373141,STABLE
الفاتح رول مفرش سفرة - 110*110 سم - 50 قطعة,2026-05-12,110.0,110.57980546881105,0.5798054688110454,0.5270958807373141,STABLE
الفتح أكواب كرتون - 4 أونصة - 50 قطعة,2026-05-12,4.0,5.242354598104246,1.2423545981042459,31.058864952606147,UP
الفتح أكواب كرتون - 7 أونصة - 50 قطعة,2026-05-12,7.0,8.227935420762583,1.2279354207625826,17.541934582322607,UP
الفتح أكواب كرتون - 9 أونصة - 50 قطعة,2026-05-12,9.0,9.906802653517095,0.9068026535170954,10.075585039078838,STABLE
الفتح أكياس غلق ذاتي - 18 في 20 سم - 20 كيس,2026-05-12,18.0,17.63711188875769,-0.36288811124230946,-2.0160450624572746,STABLE
الفتح أكياس غلق ذاتي - 30 في 27 سم - 15 كيس,2026-05-12,30.0,29.169776125496117,-0.8302238745038828,-2.7674129150129425,STABLE
الفتح أكياس فرن - 25 * 38 سم - 5 أكياس,2026-05-12,25.0,25.537111652831538,0.5371116528315376,2.1484466113261504,STABLE
الفتح أكياس فرن - 36 *43 سم - 3 أكياس,2026-05-12,36.0,34.77498003033973,-1.2250199696602735,-3.4028332490563153,DOWN
الفتح رول أكياس ثلاجة - 25 * 40 سم - 0.5 كجم,2026-05-12,25.0,25.537111652831538,0.5371116528315376,2.1484466113261504,STABLE
الفتح رول أكياس ثلاجة - 25 * 40 سم - 75 كيس,2026-05-12,25.0,25.537111652831538,0.5371116528315376,2.1484466113261504,STABLE
الفتح رول أكياس ثلاجة - 35 * 20 سم - 300 كيس,2026-05-12,35.0,34.03939855845269,-0.9606014415473112,-2.744575547278032,STABLE
الفتح رول أكياس ثلاجة - 35 * 20 سم - 75 كيس,2026-05-12,35.0,34.03939855845269,-0.9606014415473112,-2.744575547278032,STABLE
الفتح رول أكياس قمامة - 50 * 40 سم - 25 كيس,2026-05-12,50.0,49.76216375973339,-0.23783624026660988,-0.4756724805332197,STABLE
الفتح رول اكياس قمامة - 70 * 90 سم - 25 كيس,2026-05-12,70.0,73.1031623400231,3.103162340023104,4.433089057175863,UP
الفتح رول اكياس قمامة - 85 * 110 سم-10 اكياس,2026-05-12,85.0,95.24796323271836,10.247963232718362,12.056427332609838,UP
الفتح رول فويل الومنيوم - 150 متر,2026-05-12,150.0,152.97546296978635,2.9754629697863493,1.9836419798575662,UP
الفتح رول مفرش سفرة - 110 * 85 سم - 20 مفرش,2026-05-12,110.0,110.57980546881105,0.5798054688110454,0.5270958807373141,STABLE
الفتح سكاكين بلاستيك - 25 قطعة,2026-05-12,25.0,25.537111652831538,0.5371116528315376,2.1484466113261504,STABLE
الفتح شفاطة بلاستيك - 50 قطعة,2026-05-12,50.0,49.76216375973339,-0.23783624026660988,-0.4756724805332197,STABLE
الفتح غطاء بوتوجاز - 6 شعلة,2026-05-12,6.0,7.109818969169242,1.1098189691692424,18.49698281948737,UP
الفتح كلينج فيلم رول حفظ أطعمة - 100 متر × 30 سم,2026-05-12,100.0,105.23115419550474,5.231154195504743,5.231154195504743,UP
الفتح كيس مقمامة - 100 * 70 سم - 15 كيس,2026-05-12,100.0,105.23115419550474,5.231154195504743,5.231154195504743,UP
الفتح مجموعة أكواب بلاستيك - 10 أونصة - 25 قطعة,2026-05-12,10.0,11.391301490230097,1.3913014902300969,13.913014902300969,UP
الفتح مجموعة أكواب بلاستيك - 12 أونصة - 25 قطعة,2026-05-12,12.0,11.878035085385122,-0.12196491461487824,-1.0163742884573188,STABLE
الفتح مجموعة أكواب بلاستيك - 12 أونصة - 6 قطع,2026-05-12,12.0,11.878035085385122,-0.12196491461487824,-1.0163742884573188,STABLE
الفتح ملاعق بلاستيك - صغيرة - 25 ملعقة,2026-05-12,25.0,25.537111652831538,0.5371116528315376,2.1484466113261504,STABLE
المراعي جريت سمبوسة بالجبنة - 8 قطع,2026-05-12,8.0,9.430109421433677,1.4301094214336771,17.876367767920964,UP
المراعي سمبوسة بالجبنة والنعناع - 8 قطع,2026-05-12,8.0,9.430109421433677,1.4301094214336771,17.876367767920964,UP
المراعي عجينة سمبوسة - 400 جم,2026-05-12,400.0,400.71167976362517,0.7116797636251704,0.1779199409062926,STABLE
المراعي عصير برتقال - 235 مل,2026-05-12,235.0,236.77602511108262,1.7760251110826175,0.7557553664181351,UP
المراعي عصير بطعم الأناناس كوكتيل - 1 لتر,2026-05-12,44.0,41.5451887566062,-2.4548112433937987,-5.579116462258633,DOWN
المراعي عصير تفاح - 1 لتر,2026-05-12,44.0,41.5451887566062,-2.4548112433937987,-5.579116462258633,DOWN
المراعي عصير جوافة - 1 لتر,2026-05-12,44.0,41.5451887566062,-2.4548112433937987,-5.579116462258633,DOWN
المراعي عصير جوافة - 235 مل,2026-05-12,235.0,236.77602511108262,1.7760251110826175,0.7557553664181351,UP
المراعي عصير مانجو - 1 لتر,2026-05-12,44.0,41.5451887566062,-2.4548112433937987,-5.579116462258633,DOWN
المراعي عصير مانجو - 235 مل,2026-05-12,235.0,236.77602511108262,1.7760251110826175,0.7557553664181351,UP
المصري أكياس قمامة بشريط - 60 * 70 سم - 15 كيس,2026-05-12,60.0,57.43350667126746,-2.566493328732541,-4.2774888812209015,DOWN
المصريون رول أكياس قمامة - 40 * 50 سم - 20 كيس,2026-05-12,40.0,39.55149864665351,-0.44850135334648655,-1.1212533833662164,STABLE
المصريون رول أكياس قمامة - 70 * 90 سم - 25 كيس,2026-05-12,70.0,67.9346681176458,-2.065331882354201,-2.9504741176488585,DOWN
المصريون رول أكياس قمامة - 70 * 90 سم - 50 كيس,2026-05-12,70.0,67.9346681176458,-2.065331882354201,-2.9504741176488585,DOWN
الهلال والنجمة الذهبية التوأم برو جاروف بالفرشاة,2026-05-12,79.0,76.925543866699,-2.0744561333009983,-2.625893839621517,DOWN
الهلال والنجمة الذهبية جاروف تنظيف مع مقشة,2026-05-12,69.0,67.51109446399106,-1.488905536008943,-2.157834110157888,DOWN
الهلال والنجمة الذهبية فرشاة تنظيف أرضية - رمادي وأحمر - 1 قطعة,2026-05-12,49.0,47.98025787125607,-1.0197421287439283,-2.0811063851916907,DOWN
الهلال والنجمة الذهبية مساحة بلاستيك,2026-05-12,55.0,53.503488156604476,-1.496511843395524,-2.720930624355498,DOWN
الهلال والنجمة الذهبية مساحة لوكس,2026-05-12,79.0,76.925543866699,-2.0744561333009983,-2.625893839621517,DOWN
الهلال والنجمة برو رويال فرشة تواليت مدورة,2026-05-12,89.0,91.74919824925364,2.749198249253638,3.0889867969142,UP
الهلال والنجمة برو سلاكة جامبو,2026-05-12,139.0,139.53111320525204,0.5311132052520406,0.382095831116576,STABLE
الهلال والنجمة برو فرشة تواليت كيرفي,2026-05-12,110.0,115.5427202742592,5.542720274259196,5.038836612962905,UP
الهلال والنجمة برو لمامة - 3 بكرات,2026-05-12,3.0,5.242354598104246,2.242354598104246,74.74515327014153,UP
الهلال والنجمة بولة - 2 قطعة + مصفاة - 2 قطعة,2026-05-12,2.0,5.242354598104246,3.242354598104246,162.1177299052123,UP
الهلال والنجمة رأس مقشة بشعيرات ناعمة,2026-05-12,59.0,56.961213953749166,-2.0387860462508343,-3.455569569916668,DOWN
الهلال والنجمة كوب ايزي ديكور,2026-05-12,35.0,34.03939855845269,-0.9606014415473112,-2.744575547278032,STABLE
الهلال والنجمة كوب بلاستيك,2026-05-12,35.0,34.03939855845269,-0.9606014415473112,-2.744575547278032,STABLE
الهلال والنجمة لوكس عصا مقشة خشبية - 120 سم,2026-05-12,120.0,122.30096423312601,2.3009642331260096,1.9174701942716748,UP
الهلال والنجمة ممسحة تنظيف كلاسيك - قطعة - بنفسجي,2026-05-12,69.0,67.51109446399106,-1.488905536008943,-2.157834110157888,DOWN
الوان بريما فلوماستر – 6 ألوان,2026-05-12,6.0,5.7330325433354075,-0.26696745666459254,-4.449457611076543,STABLE
الوان خشب دومس في علبة معدنية - 12 لون,2026-05-12,12.0,11.184386256880785,-0.815613743119215,-6.7967811926601245,STABLE
الوان فايبريتيب بريما - 12 لون,2026-05-12,12.0,11.184386256880785,-0.815613743119215,-6.7967811926601245,STABLE
الوطنية دجاجة كاملة مجمدة - 800-850 جم,2026-05-12,800.0,720.0538708438288,-79.9461291561712,-9.9932661445214,DOWN
الوطنية سجق دجاج - 400 جم,2026-05-12,400.0,402.4222507967035,2.4222507967035085,0.6055626991758771,UP
الوطنية فرخة كاملة مجمدة - 1000-1100 جرام,2026-05-12,1000.0,825.9276667014155,-174.07233329858445,-17.407233329858446,DOWN
الوطنية فرخة كاملة مجمدة - 1100-1200 جرام,2026-05-12,1100.0,940.7833672425118,-159.21663275748824,-14.47423934158984,DOWN
الومنيوم فويل كوين، 40 سم - 10 متر,2026-05-12,40.0,39.55149864665351,-0.44850135334648655,-1.1212533833662164,STABLE
الومينيوم فويل دميتا، 30 سم - 8 متر,2026-05-12,30.0,29.169776125496117,-0.8302238745038828,-2.7674129150129425,STABLE
الومينيوم فويل ديمتا، 40 سم - 10 متر,2026-05-12,40.0,39.55149864665351,-0.44850135334648655,-1.1212533833662164,STABLE
امتنان إستيفيا محلي طبيعي - 50 كيس,2026-05-12,50.0,51.475741695197456,1.4757416951974562,2.9514833903949125,UP
امتنان الأشواجندا الهندية - 30 جرام,2026-05-12,30.0,29.464638089234786,-0.5353619107652143,-1.7845397025507144,STABLE
امريكانا ذرة سكرية - 3 كيزان,2026-05-12,3.0,5.966083783648153,2.966083783648153,98.86945945493842,UP
اوراك دجاج مجمدة دواجن الوطنية - 1 كجم,2026-05-12,169.0,163.60577392177404,-5.394226078225955,-3.1918497504295598,DOWN
اوكسي جل أورينتال - 900 مل,2026-05-12,900.0,933.4365734329758,33.43657343297582,3.715174825886202,UP
اوكسي جل للغسالات الاوتوماتيك للملابس السوداء - 2.5 لتر,2026-05-12,14.0,19.21548334444737,5.215483344447371,37.253452460338366,UP
اوكسي سائل تنظيف الاطباق برائحة الليمون الاخضر و النعناع - 675 مل,2026-05-12,9.0,9.906802653517095,0.9068026535170954,10.075585039078838,STABLE
اوكسي مسحوق غسيل اتوماتيك برائحة نسيم الشرق - 4 كجم,2026-05-12,4.0,5.242354598104246,1.2423545981042459,31.058864952606147,UP
اوكسي مسحوق غسيل اتوماتيك برائحة نسيم الطبيعة - 4 كجم,2026-05-12,4.0,5.242354598104246,1.2423545981042459,31.058864952606147,UP
ايزي يوز فوطة تنظيف مايكروفايبر - 30 سم - 5 قطع,2026-05-12,30.0,29.169776125496117,-0.8302238745038828,-2.7674129150129425,STABLE
ايزي يوز مساحة أرضيات - 40 سم,2026-05-12,40.0,39.55149864665351,-0.44850135334648655,-1.1212533833662164,STABLE
ايزي يوز مقشة ناعمة بيد - 120 سم,2026-05-12,120.0,122.30096423312601,2.3009642331260096,1.9174701942716748,UP
ايزيس باذنجان رومي أورجانيك معبأ - 1 كجم,2026-05-12,59.0,56.632180373701715,-2.367819626298285,-4.013253603895398,DOWN
ايزيس بطاطس أورجانيك معبأة - 1 كجم,2026-05-12,108.0,110.12697264064072,2.126972640640716,1.9694191117043667,UP
ايزيس جزر - 350 جرام,2026-05-12,350.0,344.4620926856375,-5.537907314362485,-1.5822592326749958,DOWN
ايزيس فلفل مشكل بطبق فوم - 350 جرام,2026-05-12,350.0,344.4620926856375,-5.537907314362485,-1.5822592326749958,DOWN
ايس كريم مانجو 5 مينيتس - 75 جم,2026-05-12,5.0,7.278912356078499,2.278912356078499,45.57824712156998,UP
ايس كريم مانجو دريم - 80 جم,2026-05-12,80.0,81.45638367080706,1.4563836708070568,1.820479588508821,UP
ايسيلتي حافظ ملفات قابل للتعليق - أزرق,2026-05-12,45.0,45.40918841129733,0.40918841129732897,0.9093075806607311,STABLE
باب الشام خلطة الدريسينج - سلطة إيطالي - 15 جرام,2026-05-12,15.0,14.71876698105649,-0.28123301894351016,-1.8748867929567345,STABLE
باب الشام خلطة دريسينج - السلطة الفرنسية - 15 جم,2026-05-12,15.0,14.71876698105649,-0.28123301894351016,-1.8748867929567345,STABLE
باب الشام خلطة دريسينج - ثاوزند أيلاند - 15 جم,2026-05-12,15.0,14.71876698105649,-0.28123301894351016,-1.8748867929567345,STABLE
باب الشام خلطة دريسينج - سلطة أورينتال - 15 جم,2026-05-12,15.0,14.71876698105649,-0.28123301894351016,-1.8748867929567345,STABLE
باب الشام خلطة دريسينج - سلطة ميديتريان - 15 جم,2026-05-12,15.0,14.71876698105649,-0.28123301894351016,-1.8748867929567345,STABLE
باب الشام خلطة دريسينج سويت أند ساور - 15 جم,2026-05-12,15.0,14.71876698105649,-0.28123301894351016,-1.8748867929567345,STABLE
بابيا بريميوم مناديل سحب - 3 طبقات - 500 منديل - 3 عبوات,2026-05-12,3.0,5.242354598104246,2.242354598104246,74.74515327014153,UP
بابيا مناديل كلاسيك - 3 طبقات - 10 قطع,2026-05-12,3.0,5.242354598104246,2.242354598104246,74.74515327014153,UP
بابيا مناديل وجه - طبقتين - 500 منديل - 3 عبوات,2026-05-12,500.0,500.27039944116285,0.2703994411628514,0.05407988823257028,STABLE
بابيا مناديل وجه - طبقتين - 500 منديل - 6 عبوات,2026-05-12,33.0,31.71007109249192,-1.2899289075080809,-3.9088754772972147,DOWN
باتيه برانش البريمو بمربى التفاح والقرفة,2026-05-12,13.0,17.1844606477193,4.184460647719298,32.188158828609986,UP
بار الجرانولا سناكسي تشوي برقائق الشوكولاتة - 24 جرام,2026-05-12,24.0,24.33348382583266,0.33348382583265845,1.3895159409694102,STABLE
بار الجرانولا سناكسي تشوي برقائق الشوكولاتة - 5 بار,2026-05-12,5.0,7.278912356078499,2.278912356078499,45.57824712156998,UP
بار الجرانولا سناكسي تشوي بزبدة الفول السوداني - 24 جرام,2026-05-12,24.0,24.33348382583266,0.33348382583265845,1.3895159409694102,STABLE
بار الجرانولا سناكسي تشوي بزبدة الفول السوداني - 5 بار,2026-05-12,5.0,7.278912356078499,2.278912356078499,45.57824712156998,UP
بار الجرانولا سناكسي تشوي بقطع الشوكولاتة - 24 جرام,2026-05-12,24.0,24.33348382583266,0.33348382583265845,1.3895159409694102,STABLE
بار الجرانولا سناكسي تشوي بقطع الشوكولاتة - 5 بار,2026-05-12,5.0,7.278912356078499,2.278912356078499,45.57824712156998,UP
بار الجرانولا سناكسي تشوي ديبس برقائق الشوكولاتة - 31 جرام,2026-05-12,31.0,30.87378722728987,-0.12621277271012943,-0.4071379764842885,STABLE
بار الجرانولا سناكسي تشوي ديبس برقائق الشوكولاتة - 5 بار,2026-05-12,5.0,7.278912356078499,2.278912356078499,45.57824712156998,UP
بار الجرانولا سناكسي تشوي سمورز - 24 جرام,2026-05-12,24.0,24.33348382583266,0.33348382583265845,1.3895159409694102,STABLE
بار الجرانولا سناكسي سمورز - 5 بار,2026-05-12,5.0,7.278912356078499,2.278912356078499,45.57824712156998,UP
بار بروتين ريفيول بالشوكولاتة والبندق - 60 جم,2026-05-12,60.0,60.24883998740697,0.2488399874069671,0.41473331234494515,STABLE
بار بروتين ريفيول بالكاجو المملح - 60 جرام,2026-05-12,60.0,60.24883998740697,0.2488399874069671,0.41473331234494515,STABLE
بار بروتين ريفيول بالكراميل المقرمش - 60 جرام,2026-05-12,60.0,60.24883998740697,0.2488399874069671,0.41473331234494515,STABLE
بار بروتين ريفيول باللوز والفانيليا - 60 جرام,2026-05-12,60.0,60.24883998740697,0.2488399874069671,0.41473331234494515,STABLE
بار بروتين ريفيول ببراونيز الشوكولاتة الغامقة - 60 جرام,2026-05-12,60.0,60.24883998740697,0.2488399874069671,0.41473331234494515,STABLE
بار بروتين زبدة الفول السوداني لايت بايت - 70 جرام,2026-05-12,70.0,71.21322566317409,1.2132256631740859,1.7331795188201227,UP
بار بروتين زيرو بنكهة زبدة الفول السوداني - 70 جم,2026-05-12,70.0,71.21322566317409,1.2132256631740859,1.7331795188201227,UP
بار بروتين سانتي جو أون بالفستق والكوكيز - 50 جرام,2026-05-12,50.0,51.475741695197456,1.4757416951974562,2.9514833903949125,UP
بار بروتين فيت بار 30% واي بروتين بالفراولة - 70 جرام,2026-05-12,30.0,30.645875743080058,0.6458757430800581,2.1529191436001938,STABLE
بار بروتين فيت بار 30% واي بروتين بالقرفة المكرملة - 70 جرام,2026-05-12,30.0,30.645875743080058,0.6458757430800581,2.1529191436001938,STABLE
بار بروتين فيت بار 30% واي بروتين بالقهوة - 70 جرام,2026-05-12,30.0,30.645875743080058,0.6458757430800581,2.1529191436001938,STABLE
بار بروتين فيت بار 30% واي بروتين بجوز هند - 70 جرام,2026-05-12,30.0,30.645875743080058,0.6458757430800581,2.1529191436001938,STABLE
بار بروتين فيت بار 30% واي بروتين بزبدة الفول السوداني - 70 جرام,2026-05-12,30.0,30.645875743080058,0.6458757430800581,2.1529191436001938,STABLE
بار بروتين لايت بايت 30% واي بروتين بالعسل - 70 جرام,2026-05-12,30.0,30.645875743080058,0.6458757430800581,2.1529191436001938,STABLE
بار بروتين لينو بالشوفان والبراونيز - 70 جم - 12 بار,2026-05-12,70.0,71.21322566317409,1.2132256631740859,1.7331795188201227,UP
بار بروتين لينو بالشوفان والسمورز - 70 جم,2026-05-12,70.0,71.21322566317409,1.2132256631740859,1.7331795188201227,UP
بار بروتين لينو بالشوفان والسمورز - 70 جم - 12 بار,2026-05-12,70.0,71.21322566317409,1.2132256631740859,1.7331795188201227,UP
بار بروتين لينو بالشوفان والفول السوداني - 70 جم,2026-05-12,70.0,71.21322566317409,1.2132256631740859,1.7331795188201227,UP
بار بروتين لينو بالشوفان والفول السوداني - 70 جم - 12 بار,2026-05-12,70.0,71.21322566317409,1.2132256631740859,1.7331795188201227,UP
بار جرانولا سانتي بالعسل والشوفان - 40 جم,2026-05-12,40.0,41.201266700656554,1.2012667006565536,3.003166751641384,UP
بار جرانولا لينو تشوي بقطع الشوكولاتة - 24 جم - 6 قطع,2026-05-12,24.0,24.33348382583266,0.33348382583265845,1.3895159409694102,STABLE
بار حبوب الإفطار سناكسي بالتفاح والقرفة - 5 بار - 140 جم,2026-05-12,5.0,7.278912356078499,2.278912356078499,45.57824712156998,UP
بار حبوب الإفطار سناكسي بالتوت - 5 بار - 140 جم,2026-05-12,5.0,7.278912356078499,2.278912356078499,45.57824712156998,UP
بار حبوب الإفطار سناكسي بالفراولة - 5 بار - 140 جم,2026-05-12,5.0,7.278912356078499,2.278912356078499,45.57824712156998,UP
بار رقائق الشوكولاتة فيتنس من نستله - 23.5 جم,2026-05-12,23.5,23.397269186404642,-0.10273081359535752,-0.43715239827811714,STABLE
باسكت مكتب معدني - حجم وسط,2026-05-12,220.0,214.88986060284628,-5.110139397153716,-2.322790635069871,DOWN
باشورة مغناطيسية إم آند جي - ألوان مختلفة - asc99379,2026-05-12,40.0,40.18355950343549,0.18355950343548955,0.4588987585887239,STABLE
بافس أبو عوف بالشطة والليمون - 40 جرام,2026-05-12,40.0,41.201266700656554,1.2012667006565536,3.003166751641384,UP
بافس أبو عوف بالكاتشب - 40 جرام,2026-05-12,40.0,41.201266700656554,1.2012667006565536,3.003166751641384,UP
بافس بروتين معززة بالجبنة - 60 جم,2026-05-12,60.0,60.24883998740697,0.2488399874069671,0.41473331234494515,STABLE
بافس تشيكا بطعم الكاتشب الحار - 64جم,2026-05-12,9.0,11.207227081710704,2.2072270817107036,24.524745352341153,UP
بافس سناكسي المقرمشة بطعم التاكو الحلو - 70 جم,2026-05-12,70.0,71.21322566317409,1.2132256631740859,1.7331795188201227,UP
بافس سناكسي المقرمشة بطعم الخل والملح - 70 جم,2026-05-12,70.0,71.21322566317409,1.2132256631740859,1.7331795188201227,UP
بافس سناكسي المقرمشة بطعم الشطة والليمون - 70 جم,2026-05-12,70.0,71.21322566317409,1.2132256631740859,1.7331795188201227,UP
بافس سناكسي المقرمشة بطعم الكاتشب - 70 جم,2026-05-12,70.0,71.21322566317409,1.2132256631740859,1.7331795188201227,UP
بافس ليون فريسك بطعم الزيتون - 60-70 جرام,2026-05-12,60.0,57.09990435546155,-2.900095644538453,-4.833492740897422,DOWN
بافس ليون فريسك بطعم صوص السيراتشا - 60-70 جرام,2026-05-12,60.0,57.09990435546155,-2.900095644538453,-4.833492740897422,DOWN
بافس ليون فريسك بطعم ميكس الجبن - 60-70 جرام,2026-05-12,60.0,57.09990435546155,-2.900095644538453,-4.833492740897422,DOWN
بالانس بروتين بافس بطعم الجبنة - 70 جرام,2026-05-12,70.0,71.21322566317409,1.2132256631740859,1.7331795188201227,UP
بالانس بروتين بافس بطعم الذرة الحلوة - 70 جرام,2026-05-12,70.0,71.21322566317409,1.2132256631740859,1.7331795188201227,UP
بالانس بروتين بافس بطعم سويت هيت - 70 جرام,2026-05-12,70.0,75.8500155314576,5.850015531457601,8.35716504493943,UP
بالانس بروتين شوتس بطعم الذرة الحلوة - 70 جرام,2026-05-12,70.0,71.21322566317409,1.2132256631740859,1.7331795188201227,UP
بالانس بروتين شوتس سويت هيت - 70 جرام,2026-05-12,70.0,71.21322566317409,1.2132256631740859,1.7331795188201227,UP
بالانس مقرمشات بروتين - فلفل حلو - 70 جرام,2026-05-12,70.0,71.21322566317409,1.2132256631740859,1.7331795188201227,UP
بالك اسفنجة تلميع الأحذية - شفافة,2026-05-12,119.0,122.16284964497572,3.162849644975722,2.6578568445174136,UP
بالك بخاخ ملمع للاحذية الشمواه - بني - 200 مل,2026-05-12,200.0,203.30551444965477,3.3055144496547655,1.6527572248273825,UP
بالك بخاخ ملمع للاحذية الشمواه - بني غامق - 200 مل,2026-05-12,200.0,203.30551444965477,3.3055144496547655,1.6527572248273825,UP
بالك بلو كريم ملمع للاحذية - 75 مل,2026-05-12,75.0,73.40565975466046,-1.5943402453395379,-2.1257869937860505,DOWN
بالك سائل ملمع للأحذية الرياضية - 75 مل,2026-05-12,75.0,73.40565975466046,-1.5943402453395379,-2.1257869937860505,DOWN
بالك سبراي تلميع الأحذية الشمواه - 200 مل - أزرق,2026-05-12,200.0,203.30551444965477,3.3055144496547655,1.6527572248273825,UP
بالك سبراي تلميع الأحذية الشمواه - 200 مل - شفاف,2026-05-12,200.0,203.30551444965477,3.3055144496547655,1.6527572248273825,UP
بالك سبراي لتنظيف الشمواه - بني - 200 مل,2026-05-12,200.0,203.30551444965477,3.3055144496547655,1.6527572248273825,UP
بالك كريم ملمع للأحذية - 50 مل - بني,2026-05-12,50.0,49.76216375973339,-0.23783624026660988,-0.4756724805332197,STABLE
بالك كريم ملمع للأحذية - 50 مل - شفاف,2026-05-12,50.0,49.76216375973339,-0.23783624026660988,-0.4756724805332197,STABLE
بالك كريم ملمع للاحذية - 50 مل - بني,2026-05-12,50.0,49.76216375973339,-0.23783624026660988,-0.4756724805332197,STABLE
بالك ملمع أحذية سائل - 75 مل - أسود,2026-05-12,75.0,73.40565975466046,-1.5943402453395379,-2.1257869937860505,DOWN
بالك ملمع أحذية سائل - 75 مل - بني,2026-05-12,75.0,73.40565975466046,-1.5943402453395379,-2.1257869937860505,DOWN
بالنس مقرمشات البروتين بالساور كريم - 70 جم,2026-05-12,70.0,71.21322566317409,1.2132256631740859,1.7331795188201227,UP
بامية إكسترا مجمدة منترا جاردينز - 400 جرام,2026-05-12,400.0,402.4222507967035,2.4222507967035085,0.6055626991758771,UP
بامية اكسترا مجمدة شهرزاد - 400 جرام,2026-05-12,400.0,402.4222507967035,2.4222507967035085,0.6055626991758771,UP
بامية زيرو مجمدة منترا جاردينز- 400 جرام,2026-05-12,400.0,402.4222507967035,2.4222507967035085,0.6055626991758771,UP
بامية زيرو مونتانا مجمدة - 400 جم,2026-05-12,400.0,400.71167976362517,0.7116797636251704,0.1779199409062926,STABLE
بامية ممتازة جرين هاوس - 400 جرام,2026-05-12,400.0,402.4222507967035,2.4222507967035085,0.6055626991758771,UP
بامية ممتازة مجمدة منترا جاردينز- 400 جرام,2026-05-12,400.0,402.4222507967035,2.4222507967035085,0.6055626991758771,UP
بانية الدجاج شيكيتيتا - 1 كجم,2026-05-12,180.0,179.54114523840028,-0.45885476159972427,-0.2549193119998468,STABLE
بانيه الدجاج الحار اطياب - 1 كجم,2026-05-12,330.0,333.4787219100787,3.4787219100787183,1.0541581545693086,UP
بانيه الدجاج الحار الوطنية - 1كجم,2026-05-12,24.0,31.325665508786688,7.325665508786688,30.523606286611198,UP
بانيه الدجاج الحار حلواني - 1 كجم,2026-05-12,354.0,351.3910769084974,-2.608923091502618,-0.7369839241532818,DOWN
بانيه الدجاج الحار روستي - 1كجم,2026-05-12,172.0,166.96699796521045,-5.033002034789547,-2.926163973714853,DOWN
بانيه الدجاج الحار روستي - 350 جم,2026-05-12,350.0,349.432895259994,-0.5671047400060161,-0.16202992571600458,STABLE
بانيه الدجاج الحار كوكي - 20 قطعة,2026-05-12,15.0,15.445191175247652,0.4451911752476523,2.967941168317682,STABLE
بانيه الدجاج المقرمش أطياب - 2 كجم,2026-05-12,2.0,13.16736038619888,11.16736038619888,558.368019309944,UP
بانيه الدجاج المقرمش الحار اطياب - 2 كجم,2026-05-12,2.0,5.966083783648153,3.966083783648153,198.30418918240764,UP
بانيه الدجاج المقرمش الحار اطياب - 400 جرام,2026-05-12,400.0,402.4222507967035,2.4222507967035085,0.6055626991758771,UP
بانيه الدجاج قنجاري - 900 جرام,2026-05-12,900.0,788.7844541515689,-111.21554584843113,-12.357282872047904,DOWN
بانيه الدجاج كوكي - 1 كجم,2026-05-12,16.0,16.621376957597143,0.6213769575971426,3.8836059849821414,STABLE
بانيه دجاج الوطنية - 1 كجم,2026-05-12,24.0,24.223310353563363,0.22331035356336315,0.9304598065140132,STABLE
بانيه دجاج حلواني - 1 كجم,2026-05-12,354.0,351.3910769084974,-2.608923091502618,-0.7369839241532818,DOWN
بانيه دجاج كوكي حار نار - 400 جرام,2026-05-12,15.0,15.445191175247652,0.4451911752476523,2.967941168317682,STABLE
باودر فانيش أوكسي أكشن لإزالة البقع - 450 جرام,2026-05-12,450.0,446.97228846512127,-3.0277115348787333,-0.6728247855286075,DOWN
باور هورس مشروب طاقة - 355 مل,2026-05-12,355.0,348.6620815409404,-6.337918459059608,-1.7853291433970728,DOWN
بايو لاند بذنجان أسود - 500 جرام,2026-05-12,500.0,500.27231052094066,0.272310520940664,0.0544621041881328,STABLE
بايو لاند بصل أحمر - 1 كجم,2026-05-12,69.0,66.68791199813977,-2.312088001860232,-3.3508521766090325,DOWN
بايو لاند بصل ذهبي - 1 كجم,2026-05-12,61.0,57.30297140233648,-3.697028597663518,-6.060702619120522,DOWN
بايو لاند بصل مشكل - 1 كجم,2026-05-12,65.0,64.025574555207,-0.974425444792999,-1.499116068912306,STABLE
بايو لاند جزر - 500 جم,2026-05-12,500.0,500.27231052094066,0.272310520940664,0.0544621041881328,STABLE
بايو لاند خيار كبيرة - 1 كجم,2026-05-12,77.0,73.98169928598146,-3.0183007140185367,-3.919871057166931,DOWN
بايو لاند طماطم كبيرة - 1 كجم,2026-05-12,93.0,95.54286606113742,2.542866061137417,2.73426458186819,UP
بايو لاند فلفل أحمر - 500 جم,2026-05-12,500.0,472.6335625008982,-27.366437499101778,-5.473287499820356,DOWN
بايو لاند فلفل أصفر - 500 جم,2026-05-12,500.0,472.6335625008982,-27.366437499101778,-5.473287499820356,DOWN
بايو لاند كوسة - 1 كجم,2026-05-12,79.0,82.32477378743681,3.3247737874368113,4.208574414476976,UP
بخاخ بالك مجدد للاحذية الشمواه - اسود - 200 مل,2026-05-12,200.0,203.30551444965477,3.3055144496547655,1.6527572248273825,UP
بخاخ تلميع الأثاث بليدج - 400 مل,2026-05-12,400.0,407.79008131515616,7.790081315156158,1.9475203287890395,UP
بخور الريحاني سلطان العطور 7 في 1,2026-05-12,7.0,8.227935420762583,1.2279354207625826,17.541934582322607,UP
بخيره عصير تفاح - 225 مل,2026-05-12,225.0,223.6156365717753,-1.3843634282247024,-0.6152726347665344,DOWN
بخيره عصير جوافة - 225 مل,2026-05-12,225.0,223.6156365717753,-1.3843634282247024,-0.6152726347665344,DOWN
بخيره عصير كوكتيل - 225 مل,2026-05-12,225.0,223.6156365717753,-1.3843634282247024,-0.6152726347665344,DOWN
بذور الشيا من حاج عرفة,2026-05-12,97.0,98.62846363897721,1.628463638977209,1.6788284937909368,UP
بذور الكتان من حاج عرفة,2026-05-12,22.0,22.092319814945274,0.09231981494527375,0.41963552247851704,STABLE
بذور الكرفس العضوية,2026-05-12,137.0,140.01523561453655,3.01523561453655,2.2009019084208394,UP
برافو 100 قلم جاف - 10 أقلام,2026-05-12,100.0,100.26031812248114,0.26031812248113795,0.26031812248113795,STABLE
برافو 100 قلم جاف - 6 أقلام,2026-05-12,100.0,100.26031812248114,0.26031812248113795,0.26031812248113795,STABLE
برافو 200 قلم جاف - 10 أقلام,2026-05-12,200.0,201.48633691500012,1.4863369150001233,0.7431684575000617,UP
برافو 300 قلم جاف - 10 أقلام,2026-05-12,300.0,294.49151187199334,-5.508488128006661,-1.8361627093355537,DOWN
برافو 300 قلم جاف - 6 أقلام,2026-05-12,300.0,294.49151187199334,-5.508488128006661,-1.8361627093355537,DOWN
برافو 300 قلم جاف - ألوان متنوعة - 10 أقلام,2026-05-12,300.0,294.49151187199334,-5.508488128006661,-1.8361627093355537,DOWN
برافو حامل تابلت + قلم جاف ستايلس,2026-05-12,349.0,343.7388854858138,-5.261114514186204,-1.507482668821262,DOWN
برافو دارك قلم جاف - 10 أقلام - أحمر,2026-05-12,10.0,9.755210818100108,-0.24478918189989152,-2.447891818998915,STABLE
برافو ميجا دفتر ملاحظات - كبير - 242 ورقة,2026-05-12,242.0,247.87385768969264,5.873857689692642,2.427213921360596,UP
برافو ميني نوتة - 150 صفحة,2026-05-12,150.0,150.9002044058666,0.9002044058665888,0.6001362705777258,STABLE
برانش باتيه بالجبنة البيضاء - 1 قطعة,2026-05-12,14.0,13.47164194906231,-0.5283580509376904,-3.7739860781263603,STABLE
برانش باتيه بالجبنة البيضاء بطعم المشاوي - 1 قطعة,2026-05-12,14.0,13.47164194906231,-0.5283580509376904,-3.7739860781263603,STABLE
برانش باتيه بالجبنة الرومي - 1 قطعة,2026-05-12,14.0,13.47164194906231,-0.5283580509376904,-3.7739860781263603,STABLE
برانش باتيه بالجبنة المشطشطة - 1 قطعة,2026-05-12,14.0,13.47164194906231,-0.5283580509376904,-3.7739860781263603,STABLE
برانش باتيه بالجبنة والزيتون - 72 جرام,2026-05-12,72.0,71.29528566543581,-0.7047143345641871,-0.9787699091169265,STABLE
برانش ساندوتش جبنة بالفلفل الحار - 1 قطعة,2026-05-12,14.0,13.47164194906231,-0.5283580509376904,-3.7739860781263603,STABLE
برانش ساندويتش بكريمة الشيكولاتة - 1 قطعة,2026-05-12,14.0,13.47164194906231,-0.5283580509376904,-3.7739860781263603,STABLE
برانش ساندويتش جبنة بيضاء - 75 جرام,2026-05-12,75.0,74.76298726512907,-0.23701273487093033,-0.3160169798279071,STABLE
برانش فطيرة بالجبنة الرومي,2026-05-12,14.0,13.47164194906231,-0.5283580509376904,-3.7739860781263603,STABLE
برانش فطيرة بالجبنة الرومي بطعم البسطرمة - 1 قطعة,2026-05-12,14.0,13.47164194906231,-0.5283580509376904,-3.7739860781263603,STABLE
برانش فطيرة بالجبنة الرومي والسجق الشرقي - 1 قطعة,2026-05-12,14.0,13.47164194906231,-0.5283580509376904,-3.7739860781263603,STABLE
برانش كرواسون شوكولاتة - 60 جرام,2026-05-12,60.0,59.226939576630684,-0.7730604233693157,-1.2884340389488596,STABLE
براية ام اند جي - aps912f0,2026-05-12,92.0,89.8278717369525,-2.1721282630474974,-2.361008981573367,DOWN
براية مزدوجة إم آند جي بغطاء - ألوان متنوعة - aps912c1,2026-05-12,79.0,79.04108173585045,0.04108173585045449,0.05200219727905632,STABLE
برجر الدجاج بالبقسماط الحار الوطنية - 450 جم,2026-05-12,450.0,446.2872641941301,-3.7127358058698974,-0.8250524013044217,DOWN
برجر بقري أمريكانا - 30 قطعة,2026-05-12,33.0,32.85547382867967,-0.1445261713203294,-0.4379580949100891,STABLE
برجر بقري المراعي - 1 كجم,2026-05-12,329.0,327.18020483186547,-1.819795168134533,-0.5531292304360282,DOWN
برجر بقري شيكيتيتا جامبو - 1.5 كجم,2026-05-12,1.5,5.966083783648153,4.466083783648153,297.7389189098769,UP
برجر بقري كوكي جامبو - 1.5 كجم,2026-05-12,28.0,27.56403390702305,-0.4359660929769511,-1.5570217606319683,STABLE
برجر دجاج الوطنيه بالبقسماط - 450 جرام,2026-05-12,450.0,446.2872641941301,-3.7127358058698974,-0.8250524013044217,DOWN
برجل إم آند جي جيمع سنون - acs908d5,2026-05-12,349.0,343.7388854858138,-5.261114514186204,-1.507482668821262,DOWN
برسيل جيل للملابس السوداء و الغامقة - 900 مل,2026-05-12,900.0,933.4365734329758,33.43657343297582,3.715174825886202,UP
برسيل مسحوق غسيل للغسالات الاوتوماتيك برائحة اللافندر - 5 كجم,2026-05-12,14.0,14.092125441286319,0.09212544128631883,0.6580388663308488,STABLE
برسيل مسحوق غسيل ملابس - رغوة منخفضة - 5 كيلو,2026-05-12,14.0,19.21548334444737,5.215483344447371,37.253452460338366,UP
برطمان عسلية بالسمسم من قويدر,2026-05-12,59.0,58.85345132868317,-0.14654867131682892,-0.24838757850309984,STABLE
برقوق مجفف من حاج عرفة,2026-05-12,155.0,158.55012474972798,3.550124749727985,2.2904030643406355,UP
برميير اسفنجة تنظيف - 3 قطع,2026-05-12,3.0,10.820854941515309,7.820854941515309,260.69516471717697,UP
برميير اسفنجة تنظيف -2 قطع,2026-05-12,2.0,5.242354598104246,3.242354598104246,162.1177299052123,UP
برميير اسفنجة مسطحة - 3 قطع,2026-05-12,3.0,5.242354598104246,2.242354598104246,74.74515327014153,UP
برميير سلك مواعين - 20 جرام - قطعتين,2026-05-12,20.0,19.357212583018235,-0.6427874169817649,-3.2139370849088245,STABLE
برميير فوط تنظيف - قطعة واحدة,2026-05-12,29.0,27.96824868271449,-1.0317513172855115,-3.557763163053488,DOWN
برميير فوط تنظيف تيفال - 2 قطعة,2026-05-12,2.0,5.242354598104246,3.242354598104246,162.1177299052123,UP
برميير فوط تنظيف تيفال - 4 قطعة,2026-05-12,4.0,5.242354598104246,1.2423545981042459,31.058864952606147,UP
برميير فوط تنظيف جامبو,2026-05-12,29.0,27.96824868271449,-1.0317513172855115,-3.557763163053488,DOWN
برميير فوط للتنظيف مايكرو فايبر - 6 قطع,2026-05-12,6.0,7.109818969169242,1.1098189691692424,18.49698281948737,UP
برميير فوط مطبخ للتنظيف - 8 قطع,2026-05-12,8.0,13.879310967842045,5.879310967842045,73.49138709802557,UP
برميير مجموعة اسفنج لتنظيف الصحون - 14 قطعة,2026-05-12,14.0,14.092125441286319,0.09212544128631883,0.6580388663308488,STABLE
برو بولدوزر جاروف بيد,2026-05-12,169.0,163.46997229805166,-5.530027701948342,-3.272205740797835,DOWN
برو ستار رأس مقشة ناعمة,2026-05-12,139.0,139.53111320525204,0.5311132052520406,0.382095831116576,STABLE
برو عصا مقشة معدن مطلية - 120 سم,2026-05-12,120.0,122.30096423312601,2.3009642331260096,1.9174701942716748,UP
برو فرشاة بلاط,2026-05-12,59.0,56.961213953749166,-2.0387860462508343,-3.455569569916668,DOWN
برو كيرفي جاروف بيد,2026-05-12,175.0,172.14201471891747,-2.8579852810825344,-1.633134446332877,DOWN
برو ممسحة زجاج,2026-05-12,45.0,43.88876788014361,-1.111232119856389,-2.469404710791976,DOWN
برو ميراج ممسحة بيد,2026-05-12,189.0,199.8489116579491,10.848911657949088,5.740164898385761,UP
برو نابولي ممسحة بيد,2026-05-12,209.0,208.57964392654722,-0.4203560734527798,-0.20112730787214345,STABLE
برو هوم جاروف بيد مع مقشة,2026-05-12,375.0,380.2167472776187,5.216747277618708,1.3911326073649888,UP
بروتين بار أبو عوف بالتوت البري وجوز الهند - 70 جم,2026-05-12,70.0,75.8500155314576,5.850015531457601,8.35716504493943,UP
بروتين بار أبو عوف بالشوكولاتة والقهوة - 70 جم,2026-05-12,70.0,71.21322566317409,1.2132256631740859,1.7331795188201227,UP
بروتين بار امتنان جوز الهند - 70 جرام,2026-05-12,70.0,71.21322566317409,1.2132256631740859,1.7331795188201227,UP
بروتين بار بالانس بالكراميل المقرمش - 70 جرام,2026-05-12,70.0,71.21322566317409,1.2132256631740859,1.7331795188201227,UP
بروتين بافس فانداي بطعم الذرة الحلوة - 40 جرام,2026-05-12,40.0,41.201266700656554,1.2012667006565536,3.003166751641384,UP
بروتين بافس فانداي بطعم الرانش - 40 جرام,2026-05-12,40.0,41.201266700656554,1.2012667006565536,3.003166751641384,UP
بروتين بافس فانداي بطعم الطماطم والريحان - 40 جرام,2026-05-12,40.0,41.201266700656554,1.2012667006565536,3.003166751641384,UP
بروتين بافس فانداي بطعم الكباب المشوي - 40 جرام,2026-05-12,40.0,41.201266700656554,1.2012667006565536,3.003166751641384,UP
بروتين بافس فانداي بطعم حار نار - 40 جرام,2026-05-12,40.0,41.201266700656554,1.2012667006565536,3.003166751641384,UP
بروكلي أمريكانا - 400جم,2026-05-12,24.0,24.223310353563363,0.22331035356336315,0.9304598065140132,STABLE
بريتزل باربيكيو من لايف جرين - 125 جم,2026-05-12,125.0,127.99756702743421,2.997567027434215,2.3980536219473723,UP
بريتزل بالجينة من لايف جرين - 125 جم,2026-05-12,125.0,129.70750128805332,4.707501288053322,3.7660010304426574,UP
بريتزل بالكاتشب من لايف جرين - 125 جم,2026-05-12,125.0,127.99756702743421,2.997567027434215,2.3980536219473723,UP
بريتزل حاج عرفة,2026-05-12,45.0,45.414925676338356,0.4149256763383562,0.9220570585296805,STABLE
بريتزل لايف جرين بالملح - 125 جم-,2026-05-12,125.0,127.99756702743421,2.997567027434215,2.3980536219473723,UP
بريتزل نيتشرز وندرز بنكهة الزعتر - 200 جرام,2026-05-12,200.0,202.1751499873623,2.175149987362289,1.0875749936811445,UP
بريتزل نيتشرز وندرز بنكهة الفلفل الحار والليمون - 200 جرام,2026-05-12,200.0,202.1751499873623,2.175149987362289,1.0875749936811445,UP
بريتزو أوريجينال بالجبنة - 70 جم,2026-05-12,70.0,71.21322566317409,1.2132256631740859,1.7331795188201227,UP
بريتزو أوريجينال بالطماطم - 70 جم,2026-05-12,70.0,71.21322566317409,1.2132256631740859,1.7331795188201227,UP
بريتزو أوريجينال بالملح - 70 جم,2026-05-12,70.0,71.21322566317409,1.2132256631740859,1.7331795188201227,UP
بريتزو ميني ستيكس بالطماطم - 70 جم,2026-05-12,70.0,71.21322566317409,1.2132256631740859,1.7331795188201227,UP
بريتيش تي شاي أسود - 100 كيس,2026-05-12,100.0,103.89301896000244,3.8930189600024363,3.893018960002436,UP
بريتيش تي شاي أسود - 50 كيس,2026-05-12,50.0,49.750238709318246,-0.24976129068175368,-0.4995225813635073,STABLE
بريتيش شاي أسود - 25 فتلة,2026-05-12,25.0,25.503102514258774,0.5031025142587744,2.0124100570350976,STABLE
بريداوي خبز برجر - 160 جرام,2026-05-12,160.0,160.6933206277847,0.6933206277846864,0.433325392365429,STABLE
بريدواي بقسماط ناعم - 450 جرام,2026-05-12,450.0,442.6161287168161,-7.3838712831839075,-1.6408602851519793,DOWN
بريستو بيكنج بودر - 125 جرام,2026-05-12,125.0,127.99756702743421,2.997567027434215,2.3980536219473723,UP
بريستو بيكنج صودا - 250 جم,2026-05-12,250.0,247.58109011462136,-2.418909885378639,-0.9675639541514557,DOWN
بريستو صوص باربيكيو - 275 مل,2026-05-12,275.0,231.24257360354014,-43.75742639645986,-15.911791416894497,DOWN
بريستو مسحوق فانيليا - 60 جم,2026-05-12,60.0,60.24883998740697,0.2488399874069671,0.41473331234494515,STABLE
بريستوت 100% قهوة عربية إنسبريسو - 10 كبسولات,2026-05-12,100.0,103.89301896000244,3.8930189600024363,3.893018960002436,UP
بريستوت 100% قهوة عربية كبسول - 10 كبسولات,2026-05-12,100.0,103.89301896000244,3.8930189600024363,3.893018960002436,UP
بريستوت لانجو كبسولات قهوة - 10 كبسولات,2026-05-12,10.0,11.345288341242082,1.3452883412420817,13.45288341242082,UP
بريك سناكس بطعم الجبنة المتبلة - 30 جرام,2026-05-12,30.0,36.616681091165226,6.616681091165226,22.055603637217423,UP
بريك شاي ماسلا - 25 جرام,2026-05-12,25.0,25.503102514258774,0.5031025142587744,2.0124100570350976,STABLE
بريك مقرمشات بنكهة الفلفل الحار - 60 جرام,2026-05-12,60.0,60.24883998740697,0.2488399874069671,0.41473331234494515,STABLE
بريكس منظف زجاج برائحة اللافندر - 500 مل,2026-05-12,500.0,500.27039944116285,0.2703994411628514,0.05407988823257028,STABLE
بريكس منظف ومطهر متعدد الاستخدامات - 3 لتر - لافندر,2026-05-12,5.0,6.081163175746281,1.0811631757462807,21.623263514925615,UP
بريل بلسم سائل تنظيف الاطباق - 600 مل,2026-05-12,600.0,585.3701512871595,-14.629848712840499,-2.4383081188067495,DOWN
بريل سائل تنظيف الأطباق برائحة الليمون الأخضر - 600 جم,2026-05-12,600.0,585.3701512871595,-14.629848712840499,-2.4383081188067495,DOWN
بريل سائل غسيل الأطباق برائحة الليمون - 350 جرام,2026-05-12,350.0,343.5377011755489,-6.462298824451125,-1.8463710927003214,DOWN
بريما أقلام رصاص نيون اتش بي - 12 قلم,2026-05-12,12.0,11.184386256880785,-0.815613743119215,-6.7967811926601245,STABLE
بريما أقلام سبورة متنوعة - 4 أقلام,2026-05-12,4.0,3.9596229887355,-0.040377011264499885,-1.0094252816124971,STABLE
بريما أورو قلم - 5+1,2026-05-12,5.0,4.8031059229321675,-0.19689407706783246,-3.9378815413566493,STABLE
بريما برونزو طقم اقلام جاف - 10 أقلام - أزرق,2026-05-12,10.0,9.755210818100108,-0.24478918189989152,-2.447891818998915,STABLE
بريما برونزو قلم سن مدور في 2,2026-05-12,2.0,3.8554960219276317,1.8554960219276317,92.7748010963816,UP
بريما تانجو طقم اقلام جاف - 10 أقلام,2026-05-12,10.0,9.755210818100108,-0.24478918189989152,-2.447891818998915,STABLE
بريما جينتا طقم اقلام جاف - 10 أقلام,2026-05-12,10.0,9.755210818100108,-0.24478918189989152,-2.447891818998915,STABLE
بريما حافظة ورق - 180 جرام,2026-05-12,180.0,179.7390110407966,-0.26098895920338805,-0.14499386622410448,STABLE
بريما دانت طقم اقلام جاف - 10 أقلام,2026-05-12,10.0,9.755210818100108,-0.24478918189989152,-2.447891818998915,STABLE
بريما دلتا طقم اقلام جاف - 10 أقلام,2026-05-12,10.0,13.343604062671842,3.343604062671842,33.43604062671842,UP
بريما زجاجة مياه - 500 مل,2026-05-12,500.0,500.93512082968454,0.9351208296845357,0.18702416593690713,STABLE
بريما زجاجة مياه - 750 مل,2026-05-12,750.0,756.696876251247,6.696876251246977,0.8929168334995968,UP
بريما سنون - تو بي - 0.9 ملم,2026-05-12,66.0,66.99751945065606,0.997519450656057,1.5113931070546318,STABLE
بريما سولو قلم سن إبرة - حبر أزرق,2026-05-12,63.0,62.681797515647645,-0.318202484352355,-0.5050833084958015,STABLE
بريما صينية بلاستيك,2026-05-12,139.0,139.53111320525204,0.5311132052520406,0.382095831116576,STABLE
بريما طقم أدوات هندسية - 4 قطع,2026-05-12,4.0,3.9596229887355,-0.040377011264499885,-1.0094252816124971,STABLE
بريما طقم أقلام رصاص - 12 قلم,2026-05-12,12.0,11.184386256880785,-0.815613743119215,-6.7967811926601245,STABLE
بريما طقم اقلام هايلايتر - 4 أقلام,2026-05-12,4.0,3.9596229887355,-0.040377011264499885,-1.0094252816124971,STABLE
بريما علبة ألوان فلوماستر - 12 لون,2026-05-12,12.0,11.184386256880785,-0.815613743119215,-6.7967811926601245,STABLE
بريما فانسي قلم - 10 أقلام,2026-05-12,10.0,9.755210818100108,-0.24478918189989152,-2.447891818998915,STABLE
بريما فانسي قلم - 6+1,2026-05-12,6.0,5.7330325433354075,-0.26696745666459254,-4.449457611076543,STABLE
بريما فلاش طقم أقلام جاف - 10 أقلام,2026-05-12,10.0,9.755210818100108,-0.24478918189989152,-2.447891818998915,STABLE
بريما فورسا طقم اقلام جاف - 10 أقلام - أزرق,2026-05-12,10.0,9.755210818100108,-0.24478918189989152,-2.447891818998915,STABLE
بريما فورما قلم رأس ثلاثي - 6 أقلام,2026-05-12,6.0,5.7330325433354075,-0.26696745666459254,-4.449457611076543,STABLE
بريما فيزا قلم جاف - 10 أقلام,2026-05-12,10.0,9.755210818100108,-0.24478918189989152,-2.447891818998915,STABLE
بريما قلم جاف - 6 قطع,2026-05-12,6.0,5.7330325433354075,-0.26696745666459254,-4.449457611076543,STABLE
بريما قلم جاف - لون أزرق و أسود,2026-05-12,109.0,111.10089241781903,2.1008924178190256,1.9274242365312162,UP
بريما قلم جاف أزرق - 4 قطع,2026-05-12,4.0,3.9596229887355,-0.040377011264499885,-1.0094252816124971,STABLE
بريما قلم جاف أزرق برونزي - 4 أقلام,2026-05-12,4.0,3.9596229887355,-0.040377011264499885,-1.0094252816124971,STABLE
بريما قلم سن مدور نيون - 6 أقلام,2026-05-12,6.0,5.7330325433354075,-0.26696745666459254,-4.449457611076543,STABLE
بريما قلم سنون - 0.7 مم + علبة سنون,2026-05-12,66.0,65.79843597438442,-0.20156402561558195,-0.3054000388114878,STABLE
بريما كريستال كوب بلاستيك,2026-05-12,39.0,39.33929196625371,0.33929196625371105,0.8699794006505411,STABLE
بريما كوب بلاستيك,2026-05-12,13.0,13.431284582322633,0.43128458232263256,3.3175737101740967,STABLE
بريما لانش بوكس,2026-05-12,89.0,90.05524082718425,1.0552408271842495,1.1856638507688195,UP
بريما لانش بوكس كبير,2026-05-12,119.0,120.12650759597227,1.1265075959722708,0.9466450386321603,UP
بريما لانش بوكس مقسم,2026-05-12,92.0,89.8278717369525,-2.1721282630474974,-2.361008981573367,DOWN
بريما لينو طقم اقلام جاف - 10 أقلام,2026-05-12,10.0,9.755210818100108,-0.24478918189989152,-2.447891818998915,STABLE
بريما مسطرة شفافة - 20 سم,2026-05-12,20.0,19.47021318405606,-0.5297868159439396,-2.648934079719698,STABLE
بريما مسطرة شفافة - 30 سم,2026-05-12,30.0,29.526584230276768,-0.47341576972323196,-1.5780525657441067,STABLE
بريما منقلة - 360 درجه,2026-05-12,360.0,355.87606839367027,-4.123931606329734,-1.145536557313815,DOWN
بريما نوفا طقم اقلام جاف - 10 أقلام,2026-05-12,10.0,9.755210818100108,-0.24478918189989152,-2.447891818998915,STABLE
بريما وعاء غويط,2026-05-12,169.0,163.46997229805166,-5.530027701948342,-3.272205740797835,DOWN
بريمير إسفنجة تنظيف - 1 قطعة,2026-05-12,19.0,18.661461897953068,-0.33853810204693247,-1.7817794844575394,STABLE
بريمير إسفنجة تنظيف - قطعتين,2026-05-12,29.0,27.96824868271449,-1.0317513172855115,-3.557763163053488,DOWN
بريمير إسفنجة للجلي - 3 قطع,2026-05-12,3.0,10.820854941515309,7.820854941515309,260.69516471717697,UP
بريمير إسفنجة مواعين سيراميك - 1 قطعة,2026-05-12,99.0,102.67396008792765,3.6739600879276537,3.711070795886519,UP
بريمير اسفنج حفر للتنظيف - قطعتين,2026-05-12,29.0,33.194299055639725,4.194299055639725,14.46310019186112,UP
بريمير اسفنجة - 3 قطع,2026-05-12,3.0,5.242354598104246,2.242354598104246,74.74515327014153,UP
بريمير اسفنجة المضادة للبكتيريا - 2 قطعة,2026-05-12,2.0,5.242354598104246,3.242354598104246,162.1177299052123,UP
بريمير اسفنجة حفر,2026-05-12,29.0,27.96824868271449,-1.0317513172855115,-3.557763163053488,DOWN
بريمير اسفنجة حفر - 1 قطعة,2026-05-12,24.0,23.50234559324413,-0.4976544067558706,-2.073560028149461,STABLE
بريمير اسفنجة فضية - 1 قطعة,2026-05-12,19.0,18.661461897953068,-0.33853810204693247,-1.7817794844575394,STABLE
بريمير جريب حافظ ملفات قابل للتعليق - أخضر,2026-05-12,45.0,45.40918841129733,0.40918841129732897,0.9093075806607311,STABLE
بريمير فايبر لتنظيف الأطباق - 3 قطع,2026-05-12,3.0,5.242354598104246,2.242354598104246,74.74515327014153,UP
بريمير فوط مايكروفايبر - 2 قطع,2026-05-12,2.0,10.820854941515309,8.820854941515309,441.0427470757655,UP
بريمير فوط مايكروفايبر - 4 قطع,2026-05-12,4.0,5.242354598104246,1.2423545981042459,31.058864952606147,UP
بريمير ليفة مواعين سيلك - 1 قطعة,2026-05-12,34.0,32.42164762387396,-1.5783523761260412,-4.642212870958945,DOWN
بريميير اسفنجة - 5 قطع,2026-05-12,5.0,6.081163175746281,1.0811631757462807,21.623263514925615,UP
بريميير فوط تنظيف سهلة الامتصاص - 2 قطع,2026-05-12,2.0,5.242354598104246,3.242354598104246,162.1177299052123,UP
بريميير فوط تنظيف سهلة الامتصاص - 4 قطع,2026-05-12,4.0,5.242354598104246,1.2423545981042459,31.058864952606147,UP
بريميير فوط تنظيف سهلة الامتصاص - 6 قطع,2026-05-12,6.0,7.109818969169242,1.1098189691692424,18.49698281948737,UP
بريميير فوط تنظيف ضد البكتريا,2026-05-12,24.0,23.50234559324413,-0.4976544067558706,-2.073560028149461,STABLE
بريميير فوط تنظيف ضد البكتريا - 3 قطع,2026-05-12,3.0,5.242354598104246,2.242354598104246,74.74515327014153,UP
بريميير فوط تنظيف متعددة الاستخدام - 4 قطع,2026-05-12,4.0,5.242354598104246,1.2423545981042459,31.058864952606147,UP
بريميير فوط تنظيف متعددة الاستخدام - 6 قطع,2026-05-12,6.0,7.109818969169242,1.1098189691692424,18.49698281948737,UP
بسكويت الزبدة سماش - 40 جم,2026-05-12,40.0,39.59131447186522,-0.4086855281347823,-1.0217138203369558,STABLE
بسكويت الشوفان لينو بالتفاح والقرفة,2026-05-12,18.0,18.667161136087273,0.6671611360872731,3.706450756040406,STABLE
بسكويت الفانيليا سماش - 40 جم,2026-05-12,40.0,39.59131447186522,-0.4086855281347823,-1.0217138203369558,STABLE
بسكويت القرفة سماش - 40 جم,2026-05-12,40.0,39.59131447186522,-0.4086855281347823,-1.0217138203369558,STABLE
بسلة خضراء شهرزاد - 400 جرام,2026-05-12,400.0,402.4222507967035,2.4222507967035085,0.6055626991758771,UP
بسلة خضراء مجمدة منترا جاردينز- 400 جرام,2026-05-12,400.0,402.4222507967035,2.4222507967035085,0.6055626991758771,UP
بسمة بروكلي مجمد - 400 جرم,2026-05-12,400.0,400.71167976362517,0.7116797636251704,0.1779199409062926,STABLE
بسمة بسلة بالجزر مجمدة - 400 جرام,2026-05-12,400.0,402.4222507967035,2.4222507967035085,0.6055626991758771,UP
بسمة بسلة مجمدة - 400 جرام,2026-05-12,400.0,402.4222507967035,2.4222507967035085,0.6055626991758771,UP
بسمة بطاطس بهارات مقرمشة - 750 جم,2026-05-12,750.0,698.1708463161798,-51.82915368382021,-6.9105538245093605,DOWN
بسمة خرشوف مجمد - 400 جرام,2026-05-12,9.0,17.494365397409773,8.494365397409773,94.38183774899748,UP
بسمة خضار مشكل مجمد - 400 جرام,2026-05-12,400.0,402.4222507967035,2.4222507967035085,0.6055626991758771,UP
بسمة سبانخ مجمدة - 400 جرام,2026-05-12,400.0,402.4222507967035,2.4222507967035085,0.6055626991758771,UP
بسمة فاصوليا بيضاء مجمدة - 400 جرام,2026-05-12,400.0,400.71167976362517,0.7116797636251704,0.1779199409062926,STABLE
بسمة فاصوليا خضراء مجمدة - 400 جرام,2026-05-12,400.0,400.71167976362517,0.7116797636251704,0.1779199409062926,STABLE
بسمة فراولة مجمدة - 400 جم,2026-05-12,400.0,400.71167976362517,0.7116797636251704,0.1779199409062926,STABLE
بسمة فلافل نصف مقلية مجمدة - 400 جرام,2026-05-12,400.0,402.4222507967035,2.4222507967035085,0.6055626991758771,UP
بسمة قلقاس مجمد - 400 جرام,2026-05-12,400.0,400.71167976362517,0.7116797636251704,0.1779199409062926,STABLE
بسمة لوبيا مجمدة مسلوقة - 400 جرام,2026-05-12,400.0,402.4222507967035,2.4222507967035085,0.6055626991758771,UP
بسمة مكعبات بنجر مجمد - 400 جرام,2026-05-12,400.0,402.4222507967035,2.4222507967035085,0.6055626991758771,UP
بشاير عصير جوافة - 200مل,2026-05-12,5.0,6.043839742892518,1.0438397428925184,20.876794857850367,UP
بشاير عصير كوكتيل - 200مل,2026-05-12,5.0,6.043839742892518,1.0438397428925184,20.876794857850367,UP
بطاطس رفيعة أكثر قرمشة لامب وستون - 900 جرام,2026-05-12,900.0,788.7844541515689,-111.21554584843113,-12.357282872047904,DOWN
بطاطس رفيعة مو فالي - 2.5 كجم,2026-05-12,2.5,5.966083783648153,3.466083783648153,138.6433513459261,UP
بطاطس رفيعة مو فالي -1 كجم,2026-05-12,75.0,73.30960229417217,-1.6903977058278343,-2.253863607770446,DOWN
بطاطس شيبسي رو كرنكل بطعم بيستو - 75 جم,2026-05-12,75.0,75.46708390546387,0.46708390546386624,0.6227785406184883,STABLE
بطاطس كريسكت لامب وستون - 750 جرام,2026-05-12,750.0,620.4740462458416,-129.52595375415842,-17.270127167221123,DOWN
بطاطس مزجزجة فارم فريتس - 1 كجم,2026-05-12,66.0,64.51001203265133,-1.489987967348668,-2.2575575262858605,DOWN
بطاطس مزجزجة مو فالي - 1 كجم,2026-05-12,77.0,74.09671085117772,-2.9032891488222816,-3.770505388080885,DOWN
بطاطس مقرمشة لامب وستون - 750 جرام,2026-05-12,750.0,698.1708463161798,-51.82915368382021,-6.9105538245093605,DOWN
بطاطس مقلية السنبلة - 1 كجم,2026-05-12,81.0,78.18326269649158,-2.816737303508418,-3.4774534611215038,DOWN
بطاطس مقلية السنبلة - 2.5 كجم,2026-05-12,2.5,5.966083783648153,3.466083783648153,138.6433513459261,UP
بطاطس مقلية رفيعة السنبلة - 1 كجم,2026-05-12,81.0,78.18326269649158,-2.816737303508418,-3.4774534611215038,DOWN
بطاطس مقلية رفيعة السنبلة - 2.5 كجم,2026-05-12,2.5,5.966083783648153,3.466083783648153,138.6433513459261,UP
بطاطس مو فالي بوم فريت - 1 كجم,2026-05-12,75.0,73.30960229417217,-1.6903977058278343,-2.253863607770446,DOWN
بطاطس ميجا شيبس - ملح - 50 جم,2026-05-12,50.0,51.475741695197456,1.4757416951974562,2.9514833903949125,UP
بطاطس نصف مقلية بوم دور - 2.5 كجم,2026-05-12,2.5,5.966083783648153,3.466083783648153,138.6433513459261,UP
بطانة ورقية للمقلاة الهوائية العربية,2026-05-12,139.0,139.53111320525204,0.5311132052520406,0.382095831116576,STABLE
بطة كاملة العابد - 2900-3000 كيلو جرام,2026-05-12,2900.0,940.7833672425118,-1959.2166327574882,-67.55919423301684,DOWN
بقلاوة عش البلبل قويدر,2026-05-12,300.0,324.8486375741334,24.84863757413342,8.282879191377807,UP
بكرة مناديل زينة متعددة الاستخدامات، جامبو - 700 جم,2026-05-12,700.0,684.3202620338465,-15.679737966153539,-2.2399625665933627,DOWN
بلح الشام 5 مينتس - 200 جم,2026-05-12,5.0,7.278912356078499,2.278912356078499,45.57824712156998,UP
بلح سكري,2026-05-12,137.0,140.01523561453655,3.01523561453655,2.2009019084208394,UP
بلووم أعشاب زنجبيل - 20 فتلة,2026-05-12,20.0,19.3112000698131,-0.6887999301868994,-3.443999650934497,STABLE
بلووم أعشاب كركديه - 20 فتلة,2026-05-12,20.0,19.3112000698131,-0.6887999301868994,-3.443999650934497,STABLE
بلووم أعشاب نعناع - 20 فتلة,2026-05-12,20.0,19.3112000698131,-0.6887999301868994,-3.443999650934497,STABLE
بلووم أعشاب يانسون - 20 فتلة,2026-05-12,20.0,19.3112000698131,-0.6887999301868994,-3.443999650934497,STABLE
بلووم بابونج - 20 فتلة,2026-05-12,20.0,19.3112000698131,-0.6887999301868994,-3.443999650934497,STABLE
بن العروبة غامق سادة - 100 جرام,2026-05-12,100.0,103.89301896000244,3.8930189600024363,3.893018960002436,UP
بن العروبة فاتح سادة - 100 جرام,2026-05-12,100.0,103.89301896000244,3.8930189600024363,3.893018960002436,UP
بن العروبة فاتح سادة مخصوص - 200 جرام,2026-05-12,200.0,205.60893267509945,5.608932675099453,2.8044663375497265,UP
بن العروبة فاتح محوج - 100 جرام,2026-05-12,100.0,103.89301896000244,3.8930189600024363,3.893018960002436,UP
بن العروبة فاتح محوج مخصوص - 200 جرام,2026-05-12,200.0,205.60893267509945,5.608932675099453,2.8044663375497265,UP
بن العروبة وسط سادة - 100 جرام,2026-05-12,100.0,103.89301896000244,3.8930189600024363,3.893018960002436,UP
بن العروبة وسط سادة مخصوص - 200 جرام,2026-05-12,200.0,205.60893267509945,5.608932675099453,2.8044663375497265,UP
بن العروبة وسط محوج - 100 جرام,2026-05-12,100.0,103.89301896000244,3.8930189600024363,3.893018960002436,UP
بن العروبة وسط محوج مخصوص - 200 جرام,2026-05-12,200.0,205.60893267509945,5.608932675099453,2.8044663375497265,UP
بن تركي بونجورنو بريكي فاتح ساده - 180 جم,2026-05-12,7.0,8.181922271774567,1.1819222717745674,16.88460388249382,UP
بن تركي بونجورنو بريكي فاتح ساده - 40 جم,2026-05-12,40.0,39.512643482822206,-0.48735651717779405,-1.2183912929444851,STABLE
بن تركي بونجورنو بريكي فاتح ساده - 80 جم,2026-05-12,80.0,79.39545157045443,-0.6045484295455736,-0.755685536931967,STABLE
بن تركي بونجورنو بريكي فاتح محوج - 180 جم,2026-05-12,180.0,176.96747288690824,-3.03252711309176,-1.6847372850509776,DOWN
بن تركي بونجورنو بريكي وسط ساده - 40 جم,2026-05-12,40.0,39.512643482822206,-0.48735651717779405,-1.2183912929444851,STABLE
بن تركي بونجورنو بريكي وسط ساده - 80 جم,2026-05-12,80.0,79.39545157045443,-0.6045484295455736,-0.755685536931967,STABLE
بن تركي بونجورنو بريكي وسط محوج - 180 جم,2026-05-12,180.0,176.96747288690824,-3.03252711309176,-1.6847372850509776,DOWN
بن تركي شاهين فاتح مع هيل - 200 جرام,2026-05-12,200.0,205.60893267509945,5.608932675099453,2.8044663375497265,UP
بن حاج عرفة غامق مخصوص - 100 جرام,2026-05-12,100.0,103.89301896000244,3.8930189600024363,3.893018960002436,UP
بن حاج عرفة فاتح مخصوص - 100 جرام,2026-05-12,100.0,103.89301896000244,3.8930189600024363,3.893018960002436,UP
بن حاج عرفة وسط - 100 جرام,2026-05-12,100.0,103.89301896000244,3.8930189600024363,3.893018960002436,UP
بن حاج عرفة وسط مخصوص - 100 جرام,2026-05-12,100.0,103.89301896000244,3.8930189600024363,3.893018960002436,UP
بن شاهين أولية بالبندق - 250 جرام,2026-05-12,250.0,247.28112526171415,-2.718874738285848,-1.0875498953143392,DOWN
بن غامق بالحبهان من شاهين - 200 جرام,2026-05-12,200.0,205.60893267509945,5.608932675099453,2.8044663375497265,UP
بن غامق حاج عرفة,2026-05-12,93.0,97.43781187072337,4.437811870723365,4.77184072120792,UP
بن غامق سادة من شاهين - 200 جرام,2026-05-12,200.0,205.60893267509945,5.608932675099453,2.8044663375497265,UP
بن متوسط محوج من بن شاهين - 200 جرام,2026-05-12,200.0,205.60893267509945,5.608932675099453,2.8044663375497265,UP
بن محوج فاتح من حاج عرفة,2026-05-12,106.0,110.30924780071052,4.309247800710523,4.065328113877851,UP
بن محوج وسط من حاج عرفة,2026-05-12,93.0,97.43781187072337,4.437811870723365,4.77184072120792,UP
بن ناتشورز واندرز غامق محوج بالحبهان - 100 جرام,2026-05-12,100.0,103.89301896000244,3.8930189600024363,3.893018960002436,UP
بن ناتشورز واندرز وسط محوج بالحبهان - 100 جرام,2026-05-12,100.0,103.89301896000244,3.8930189600024363,3.893018960002436,UP
بن وسط سادة من شاهين - 200 جرام,2026-05-12,200.0,205.60893267509945,5.608932675099453,2.8044663375497265,UP
بندق خام من حاج عرفة,2026-05-12,250.0,247.58109011462136,-2.418909885378639,-0.9675639541514557,DOWN
بندق محمص من حاج عرفة,2026-05-12,275.0,231.24257360354014,-43.75742639645986,-15.911791416894497,DOWN
بهارات حمص الحاج عرفة الحارة - 10 جرام,2026-05-12,10.0,11.345288341242082,1.3452883412420817,13.45288341242082,UP
بودرة عصير الموخيتو يلا سموزي - 40 جرام,2026-05-12,40.0,39.512643482822206,-0.48735651717779405,-1.2183912929444851,STABLE
بودرة عصير الپينا كولادا يلا سموزي - 40 جرام,2026-05-12,40.0,39.512643482822206,-0.48735651717779405,-1.2183912929444851,STABLE
بودرة كاكاو ساخن 3في1 كادبوري - 30 جم - 10 عبوات,2026-05-12,30.0,29.464638089234786,-0.5353619107652143,-1.7845397025507144,STABLE
بودرة مشروب تانج بالمانجو، 25 جم - 12 عبوة,2026-05-12,25.0,25.503102514258774,0.5031025142587744,2.0124100570350976,STABLE
بودرة مشروب فروتي بالتفاح - 10 جم,2026-05-12,10.0,11.345288341242082,1.3452883412420817,13.45288341242082,UP
بودرة مشروب فروتي بالمانجو - 12 جم,2026-05-12,12.0,11.787877236579112,-0.2121227634208882,-1.7676896951740684,STABLE
بودرة مشروب فروتي باليوسفي - 750 جم,2026-05-12,750.0,744.8183965645629,-5.181603435437069,-0.6908804580582758,DOWN
بودينج الشوكولاته 5 مينتس - 100 جرام,2026-05-12,5.0,7.278912356078499,2.278912356078499,45.57824712156998,UP
بورا أقراص منظفة للتواليت برائحة التوت - 3 قطع,2026-05-12,3.0,5.242354598104246,2.242354598104246,74.74515327014153,UP
بورا أقراص منظفة للتواليت برائحة الخوخ - 3 قطع,2026-05-12,3.0,5.242354598104246,2.242354598104246,74.74515327014153,UP
بورا بيرل صابون سائل أطباق - رائحة ليمون - 4 لتر,2026-05-12,4.0,5.242354598104246,1.2423545981042459,31.058864952606147,UP
بورجورنو كابيتشينو دوبل شوت - 18 جرام - 12 كيس,2026-05-12,18.0,23.56908743903431,5.569087439034309,30.939374661301716,UP
بوفانا زجاجة مياه معدنية - 1500 مل,2026-05-12,1500.0,666.2937652105751,-833.7062347894249,-55.580415652628325,DOWN
بوفانا زجاجة مياه معدنية - 600 مل,2026-05-12,600.0,518.5163972116343,-81.48360278836572,-13.580600464727619,DOWN
بوفانا كرتونة مياه معدنية - 1500 مل - 12 زجاجة,2026-05-12,1500.0,943.2436996415354,-556.7563003584646,-37.11708669056431,DOWN
بولات ورق بغطاء - 25 قطعة,2026-05-12,25.0,25.537111652831538,0.5371116528315376,2.1484466113261504,STABLE
بولة بريما أكريليك صغيرة,2026-05-12,25.0,25.537111652831538,0.5371116528315376,2.1484466113261504,STABLE
بولة بريما بلاستيك صغيرة,2026-05-12,13.0,13.431284582322633,0.43128458232263256,3.3175737101740967,STABLE
بولة بلاستيك ماي تشويس,2026-05-12,44.0,41.76081245027312,-2.2391875497268785,-5.089062613015633,DOWN
بولة سلطة مربع زين استايل لوك اند لوك - 950 مل,2026-05-12,950.0,933.4365734329758,-16.56342656702418,-1.7435185860025453,DOWN
بولة سلطة ملونة لايفا استايل,2026-05-12,85.0,95.58100191046788,10.581001910467876,12.448237541726913,UP
بولة صغيرة ام ديزاين,2026-05-12,55.0,53.503488156604476,-1.496511843395524,-2.720930624355498,DOWN
بون كافيه كبسولات قهوة بورو ارابيكا متوافقة مع نسبريسو - 10 كبسولات,2026-05-12,10.0,11.345288341242082,1.3452883412420817,13.45288341242082,UP
بون كافيه كبسولات قهوة كريموسو متوافقة مع نسبريسو - 10 كبسولات,2026-05-12,10.0,11.345288341242082,1.3452883412420817,13.45288341242082,UP
بون كافيه كبسولات قهوة كولومبيا متوافقة مع نسبريسو - 10 كبسولات,2026-05-12,10.0,11.345288341242082,1.3452883412420817,13.45288341242082,UP
بون كافيه كبسولات قهوة لونجو متوافقة مع نسبريسو - 10 كبسولات,2026-05-12,10.0,11.345288341242082,1.3452883412420817,13.45288341242082,UP
بون كافيه كبسولات قهوة منزوعة الكافين متوافقة مع نسبريسو - 10 كبسولات,2026-05-12,10.0,11.345288341242082,1.3452883412420817,13.45288341242082,UP
بونجورنو بريكي فاتج محوج - 80 جم,2026-05-12,80.0,79.39545157045443,-0.6045484295455736,-0.755685536931967,STABLE
بونجورنو بريكي وسط سادة - 180 جم,2026-05-12,7.0,8.181922271774567,1.1819222717745674,16.88460388249382,UP
بونجورنو بريكي وسط محوج - 80 جم,2026-05-12,80.0,79.39545157045443,-0.6045484295455736,-0.755685536931967,STABLE
بونجورنو خمسينة كوفي ميكس 2 في 1 - 6 جم,2026-05-12,2.0,5.219324704621356,3.2193247046213562,160.9662352310678,UP
بونجورنو كابتشينو بالبندق - 14 جم,2026-05-12,14.0,19.78661125079067,5.786611250790671,41.33293750564765,UP
بونجورنو كابتشينو فانيليا - 14 جم,2026-05-12,14.0,14.00196759248031,0.0019675924803106426,0.014054232002218874,STABLE
بونجورنو كابتشينو لاتيه - 18 جم,2026-05-12,18.0,23.56908743903431,5.569087439034309,30.939374661301716,UP
بونجورنو كوفي ميكس ميجا - 12 جم,2026-05-12,12.0,11.787877236579112,-0.2121227634208882,-1.7676896951740684,STABLE
بونز سناك بريميوم بنكهة الخل - 40 جم,2026-05-12,40.0,41.201266700656554,1.2012667006565536,3.003166751641384,UP
بونز سناك بريميوم بنكهة الطماطم - 40 جم,2026-05-12,40.0,41.201266700656554,1.2012667006565536,3.003166751641384,UP
بوني حليب مكثف غير محلي - 410 جم,2026-05-12,410.0,406.65335691765705,-3.3466430823429505,-0.816254410327549,DOWN
بيانكا اسفنجة جلي - 5 قطع,2026-05-12,5.0,6.081163175746281,1.0811631757462807,21.623263514925615,UP
بيانكا تنظيف - لحماية الأظافر - 3 قطع,2026-05-12,3.0,5.242354598104246,2.242354598104246,74.74515327014153,UP
بيبسي - 2.43 لتر,2026-05-12,2.43,5.219324704621356,2.789324704621356,114.78702488153726,UP
بيبسي - 250 مل,2026-05-12,250.0,247.28112526171415,-2.718874738285848,-1.0875498953143392,DOWN
بيبسي - 300 مل,2026-05-12,17.0,17.218544195614456,0.21854419561445582,1.2855540918497401,STABLE
بيبسي - 390 مل,2026-05-12,390.0,386.38438328318733,-3.615616716812667,-0.9270812094391454,DOWN
بيبسي دايت - 300 مل,2026-05-12,17.0,17.218544195614456,0.21854419561445582,1.2855540918497401,STABLE
بيتزا بالبيبروني مولتو فورني - 1 قطعة - 300 جرام,2026-05-12,300.0,313.51211900361875,13.51211900361875,4.504039667872917,UP
بيتزا مارجريتا مولتو فورني مستديرة - 426 جرام - 1قطعة,2026-05-12,426.0,436.05500976051616,10.055009760516157,2.360330929698628,UP
بيتزا مولتو فورني بباربيكيو الدجاج - 1 قطعة - 300 جرام,2026-05-12,300.0,313.51211900361875,13.51211900361875,4.504039667872917,UP
بيتزا مولتو فورني تشيكن رانش - 1 قطعة,2026-05-12,207.0,209.6708588238073,2.6708588238072934,1.2902699631919292,UP
بيتى كروكر خليط كيك شيكولاته غامقه - 360 جم,2026-05-12,360.0,365.73582796800184,5.735827968001843,1.5932855466671785,UP
بيج برتقال - 1.25 لتر,2026-05-12,1.25,5.219324704621356,3.9693247046213562,317.5459763697085,UP
بيج برتقال مشروب غازي - 200 مل,2026-05-12,200.0,205.60893267509945,5.608932675099453,2.8044663375497265,UP
بيج شيبس بطعم البارميزان والبيستو - 85جم,2026-05-12,20.0,20.03650346175373,0.03650346175372832,0.18251730876864158,STABLE
بيج شيبس رقائق بطاطس بالكريمة الحامضة والبصل - 58 جرام,2026-05-12,58.0,58.959445530044626,0.9594455300446256,1.6542164311114236,STABLE
بيج شيبس رقائق بطاطس كلاسيكية - 58 جرام,2026-05-12,58.0,58.959445530044626,0.9594455300446256,1.6542164311114236,STABLE
بيج كولا - 1.25 لتر,2026-05-12,1.25,5.219324704621356,3.9693247046213562,317.5459763697085,UP
بيج كولا - 200 مل,2026-05-12,200.0,205.60893267509945,5.608932675099453,2.8044663375497265,UP
بيج ليمون - 1.25 لتر,2026-05-12,1.25,5.219324704621356,3.9693247046213562,317.5459763697085,UP
بيج ليمون مشروب غازي - 200 مل,2026-05-12,200.0,205.60893267509945,5.608932675099453,2.8044663375497265,UP
بيربيتو جبنة موزاريلا مبشورة نباتي الدهن - 1 كجم,2026-05-12,189.0,200.17758534879977,11.177585348799767,5.914066322116279,UP
بيستو فشار مايكروويف بالكارميل - 100 جرام,2026-05-12,100.0,102.07746009759929,2.0774600975992854,2.0774600975992854,UP
بيف برجر أشهى - 1000 جرام,2026-05-12,1000.0,825.9276667014155,-174.07233329858445,-17.407233329858446,DOWN
بيف برجر أشهى - 1500 جرام,2026-05-12,1500.0,940.7833672425118,-559.2166327574882,-37.281108850499216,DOWN
بيف برجر المراعي جريت - 1 كجم,2026-05-12,182.0,187.6246591018065,5.624659101806486,3.0904720339596077,UP
بيف برجر حلواني جامبو - 2 كجم,2026-05-12,2.0,5.966083783648153,3.966083783648153,198.30418918240764,UP
بيف برجر فرحة - 25 قطعة,2026-05-12,25.0,26.25807641315077,1.2580764131507713,5.032305652603085,UP
بيف برجر قنجارى - 25 قطعه + بطاطس هديه,2026-05-12,25.0,26.25807641315077,1.2580764131507713,5.032305652603085,UP
بيف برجر كوكي جولد - 6 قطع,2026-05-12,12.0,12.63383158112408,0.6338315811240793,5.281929842700661,STABLE
بيك رولز بالفلفل الحلو - 24 جم,2026-05-12,24.0,30.811486834287724,6.811486834287724,28.38119514286552,UP
بيك رولز حجم عائلى بنكهة البيتزا - 65 جرام,2026-05-12,65.0,68.1427516608219,3.142751660821901,4.835002555110616,UP
بيك رولز حجم عائلى بنكهة الجبنة الناتشو - 65 جرام,2026-05-12,65.0,68.1427516608219,3.142751660821901,4.835002555110616,UP
بيك رولز سناكس قمح - طعم شطة وليمون - 65 جرام,2026-05-12,65.0,68.1427516608219,3.142751660821901,4.835002555110616,UP
بيك رولز وجبات خفيفة من القمح بنكهة الزيتون - 65 جرام,2026-05-12,65.0,68.1427516608219,3.142751660821901,4.835002555110616,UP
بيك رولز وجبات خفيفة من القمح بنكهة الكاتشب - 45 جرام,2026-05-12,45.0,45.414925676338356,0.4149256763383562,0.9220570585296805,STABLE
بيك رولز وجبات خفيفة من القمح بنكهة الكاتشب - 65 جرام,2026-05-12,65.0,68.1427516608219,3.142751660821901,4.835002555110616,UP
بيك لاند بلح الشام - 400 جرام,2026-05-12,400.0,404.06172847209876,4.061728472098764,1.015432118024691,UP
بيك لاند بيتزا ميكس - 400 جرام,2026-05-12,400.0,404.06172847209876,4.061728472098764,1.015432118024691,UP
بيك لاند سبونج كيك شوكولاتة - 400 جم,2026-05-12,400.0,404.06172847209876,4.061728472098764,1.015432118024691,UP
بيكان خام من حاج عرفة,2026-05-12,525.0,507.9247311783945,-17.075268821605505,-3.2524321564962864,DOWN
بيكلاند بيكينج باودر - 16 جرام,2026-05-12,16.0,17.22777303164607,1.2277730316460698,7.673581447787936,UP
بيكنج باودر تاج الملوك - 16 جرام,2026-05-12,16.0,17.22777303164607,1.2277730316460698,7.673581447787936,UP
بيكنج باودر كوكس - 16جم - عبوة من 50,2026-05-12,50.0,51.475741695197456,1.4757416951974562,2.9514833903949125,UP
بيكي بيكر دقيق للبيتزا والمخبوزات - 1 كجم,2026-05-12,29.0,29.298881485712055,0.2988814857120552,1.0306258128001904,STABLE
بيكي بيكر عيش فينو بالسمسم - 4 قطع,2026-05-12,4.0,4.765568774246742,0.7655687742467423,19.139219356168557,STABLE
بيكينج بودر تاج الملوك - 16 جرام - 50 باكيت,2026-05-12,16.0,17.22777303164607,1.2277730316460698,7.673581447787936,UP
بينتو لانش بوكس - 1.65 لتر - بينك,2026-05-12,1.65,3.8554960219276317,2.205496021927632,133.66642557137163,UP
بينجو كرات فوم لمسدس هواء سبورت للأطفال - 1.1 بوصة - 24 كرة - أزرق,2026-05-12,1.1,3.8554960219276317,2.7554960219276317,250.49963835705742,UP
بيورا منظف ومعطر التواليت - برتقال - قطعتين,2026-05-12,66.0,64.17583621487576,-1.8241637851242416,-2.7638845229155176,DOWN
بيوفانا زجاجة مياه فوارة - متوسطة - 240 مل,2026-05-12,240.0,245.9541310463245,5.954131046324505,2.480887935968544,UP
تاباسكو صوص فلفل - 60 مل,2026-05-12,60.0,60.24883998740697,0.2488399874069671,0.41473331234494515,STABLE
تاج الملوك شاي أسود - 100 جرام,2026-05-12,100.0,103.89301896000244,3.8930189600024363,3.893018960002436,UP
تاج الملوك شاي أسود - 250 جرام,2026-05-12,250.0,247.28112526171415,-2.718874738285848,-1.0875498953143392,DOWN
تانج مشروب باودر برتقال - 20 جم,2026-05-12,20.0,19.3112000698131,-0.6887999301868994,-3.443999650934497,STABLE
تايجر اكسلانس رقائق بطاطس بالفلفل الحلو - 58 جرام,2026-05-12,58.0,58.959445530044626,0.9594455300446256,1.6542164311114236,STABLE
تايجر اكسلانس رقائق بطاطس بالكزبرة والليمون - 58 جرام,2026-05-12,58.0,58.959445530044626,0.9594455300446256,1.6542164311114236,STABLE
تايجر اكسلانس رقائق بطاطس بملح البحر والخل - 58 جرام,2026-05-12,58.0,58.959445530044626,0.9594455300446256,1.6542164311114236,STABLE
تايجر اكسيلنس بطعم الجبنة المدخنة - 85جم,2026-05-12,10.0,12.757280423343431,2.757280423343431,27.57280423343431,UP
تايجر اكسيلنس بطعم الرانش الحار - 85جم,2026-05-12,10.0,18.02358712017302,8.02358712017302,80.23587120173019,UP
تايجر اكسيلنس بطعم الفلفل الحلو - 85 جم,2026-05-12,10.0,12.757280423343431,2.757280423343431,27.57280423343431,UP
تايجر اكسيلنس بطعم الكزبرة والليمون - 85جم,2026-05-12,10.0,12.757280423343431,2.757280423343431,27.57280423343431,UP
تايجر تشيب ستيكس عيدان بطاطس مقلية - الصلصة الحارة - 80 جرام,2026-05-12,80.0,86.2016314876498,6.201631487649806,7.752039359562257,UP
تايجر تشيب ستيكس عيدان بطاطس مقلية - خل بالساميك وملح - 80 جرام,2026-05-12,80.0,86.2016314876498,6.201631487649806,7.752039359562257,UP
تايد جل غسيل الملابس الأوتوماتيكية بلمسة داوني - 3 كجم - عبوتين,2026-05-12,3.0,5.242354598104246,2.242354598104246,74.74515327014153,UP
تراي قلم - 10 أقلام,2026-05-12,10.0,9.755210818100108,-0.24478918189989152,-2.447891818998915,STABLE
تشيبو جولد سيليكشن قهوة سريعة التحضير - 200 جم,2026-05-12,200.0,205.60893267509945,5.608932675099453,2.8044663375497265,UP
تشيبو جولد سيليكشن قهوة سريعة التحضير- 100جم,2026-05-12,352.0,343.31036718974025,-8.689632810259752,-2.468645684732884,DOWN
تشيبو جولد قهوة سريعة الذوبان - 50 جم,2026-05-12,50.0,49.750238709318246,-0.24976129068175368,-0.4995225813635073,STABLE
تشيكن بيتزا حلواني - 400 جم,2026-05-12,400.0,402.4222507967035,2.4222507967035085,0.6055626991758771,UP
تشيكن ستريبس كوكي - 1 كجم,2026-05-12,23.0,22.857691706763806,-0.14230829323619432,-0.618731709722584,STABLE
تشيكن شانكس أطياب بطعم العسل الحار - 400 جرام,2026-05-12,400.0,402.4222507967035,2.4222507967035085,0.6055626991758771,UP
تشيكن فينجرز روستي - 350 جم,2026-05-12,350.0,349.432895259994,-0.5671047400060161,-0.16202992571600458,STABLE
تشيكن كييف حلواني - 400 جم,2026-05-12,400.0,402.4222507967035,2.4222507967035085,0.6055626991758771,UP
تكت مدرسي ياسين - 5 خانة - أشكال متنوعة,2026-05-12,5.0,4.8031059229321675,-0.19689407706783246,-3.9378815413566493,STABLE
تمر قويدر بالشوكولاتة,2026-05-12,134.0,136.37299253488752,2.3729925348875156,1.7708899514085936,UP
تمر مبروم المدينة مزارع النخيل - 500 جرام,2026-05-12,500.0,498.81733030678015,-1.1826696932198502,-0.23653393864397002,DOWN
تمر مجدول مزارع النخيل - 500 جرام,2026-05-12,500.0,498.81733030678015,-1.1826696932198502,-0.23653393864397002,DOWN
تمر مغطى بالشوكولاتة محشو باللوز,2026-05-12,149.0,152.08050164659832,3.0805016465983215,2.0674507695290747,UP
تمري أجنحة الدجاج - 700 جم,2026-05-12,21.0,20.829494249544414,-0.17050575045558602,-0.8119321450266,STABLE
تمري فراخ بانيه حارة - 1 كجم,2026-05-12,27.0,27.319939192239065,0.3199391922390653,1.1849599712557974,STABLE
تندر الدجاج المقرمش الحار حلواني - 900 جرام,2026-05-12,900.0,788.7844541515689,-111.21554584843113,-12.357282872047904,DOWN
تندر الدجاج المقرمش حلواني - 900 جرام,2026-05-12,900.0,788.7844541515689,-111.21554584843113,-12.357282872047904,DOWN
تورابيكا كابتشينو - 12.5 جرام - 10 كيس,2026-05-12,12.5,12.02497368959005,-0.4750263104099499,-3.8002104832795993,STABLE
تورابيكا كابتشينو خالي من السكر - 12.5 جرام,2026-05-12,12.5,12.02497368959005,-0.4750263104099499,-3.8002104832795993,STABLE
توستاتورا بيسكارا كبسولات قهوة - كثافة 6 - 10 كبسولات,2026-05-12,6.0,7.0638062970183855,1.0638062970183855,17.730104950306426,UP
توستاتورا فلورنسا كبسولات قهوة - كثافة 7 - 10 كبسولات,2026-05-12,7.0,8.181922271774567,1.1819222717745674,16.88460388249382,UP
توليفة بن شرقى سادة فاتح من شاهين - 200 جرام,2026-05-12,200.0,206.58883099633195,6.58883099633195,3.294415498165975,UP
تونكيتا جاروف بيد,2026-05-12,599.0,585.3701512871595,-13.629848712840499,-2.275433841876544,DOWN
تونكيتا جروف,2026-05-12,100.0,105.23115419550474,5.231154195504743,5.231154195504743,UP
تونكيتا ماكسي مقشة خشنة + عصا,2026-05-12,539.0,522.6309558888835,-16.369044111116523,-3.0369284065151247,DOWN
تونكيتا ممسحة قطن,2026-05-12,259.0,238.47929670648907,-20.520703293510934,-7.923051464676037,DOWN
تونكيتا ممسحة للزجاج,2026-05-12,279.0,327.33658642867573,48.33658642867573,17.324941372285206,UP
تونكيتا يد مقشة معدن - 130 سم,2026-05-12,130.0,140.5641777093262,10.564177709326202,8.12629054563554,UP
تويننجز شاي إيرل جراي - 100 كيس شاي,2026-05-12,100.0,103.89301896000244,3.8930189600024363,3.893018960002436,UP
تيتز كوب قهوة كبير- 650 مل,2026-05-12,650.0,647.6529310393498,-2.3470689606501765,-0.36108753240771946,DOWN
تيتيز فرشاة,2026-05-12,129.0,134.680681190414,5.680681190413992,4.403628829778288,UP
تيتيز فرشاة بعلبة صابون سائل,2026-05-12,179.0,174.72120117451848,-4.278798825481516,-2.3903904052969365,DOWN
تيتيز فرشاة لتنظيف البلاط,2026-05-12,149.0,147.77989702437478,-1.220102975625224,-0.8188610574665932,DOWN
تيتيز كوب مع شفاطة - 650 مللي,2026-05-12,650.0,647.6529310393498,-2.3470689606501765,-0.36108753240771946,DOWN
تيتيز مكنسة أربع فرش بيد,2026-05-12,199.0,200.81284058794486,1.8128405879448621,0.9109751698215387,UP
تيليو إيزيس - 12 كيس,2026-05-12,12.0,11.787877236579112,-0.2121227634208882,-1.7676896951740684,STABLE
تيميز حبوب شوكولاتة للافطار - 450 جرام,2026-05-12,450.0,440.2505916781519,-9.74940832184808,-2.1665351826329067,DOWN
تيميز حبوب كورن فليكس - 120 جم,2026-05-12,120.0,123.25253669147004,3.2525366914700413,2.7104472428917012,UP
تيميز رقائق الذرة المقرمشة بالعسل - 250 جرام,2026-05-12,250.0,247.58109011462136,-2.418909885378639,-0.9675639541514557,DOWN
تيميز سويت فليكس رقائق ذرة - 500 جرام,2026-05-12,500.0,498.81733030678015,-1.1826696932198502,-0.23653393864397002,DOWN
تيميز شوكو بيلو - 30 جرام,2026-05-12,30.0,30.645875743080058,0.6458757430800581,2.1529191436001938,STABLE
تيميز شوكو سكوبس حبوب قمح مقرمشة - 500 جرام,2026-05-12,500.0,498.81733030678015,-1.1826696932198502,-0.23653393864397002,DOWN
تيميز فروت رينجز - 250 جم,2026-05-12,250.0,247.58109011462136,-2.418909885378639,-0.9675639541514557,DOWN
تيميز فروت رينجز - 375 جرام,2026-05-12,375.0,380.19382509230945,5.193825092309453,1.3850200246158542,UP
تيميز فروت رينجز رقائق ذرة - 500 جرام,2026-05-12,500.0,498.81733030678015,-1.1826696932198502,-0.23653393864397002,DOWN
تيميز كورن فليكس - 250جم,2026-05-12,59.0,59.75147581036301,0.7514758103630115,1.2736878141745958,STABLE
تيميز هانى بوبس - 376 جرام,2026-05-12,376.0,384.6348137965988,8.634813796598792,2.296493031010317,UP
ثري ستارز ايليفنت شعيرية عيدان الأرز الصينية - 400 جم,2026-05-12,400.0,404.06172847209876,4.061728472098764,1.015432118024691,UP
ثيو ساندوتش سبريد بالتونة - 350 جم,2026-05-12,350.0,349.22340456999683,-0.7765954300031694,-0.22188440857233413,STABLE
ثيو ساندوتش سبريد بالجزر والخيار والاعشاب - 350 جم,2026-05-12,350.0,349.22340456999683,-0.7765954300031694,-0.22188440857233413,STABLE
ثيو ساندوتش سبريد بالزيتون والاعشاب - 350 جم,2026-05-12,350.0,349.22340456999683,-0.7765954300031694,-0.22188440857233413,STABLE
ثيو ساندوتش سبريد بالطماطم المجففة والاعشاب - 350 جم,2026-05-12,350.0,349.22340456999683,-0.7765954300031694,-0.22188440857233413,STABLE
ثيو ساندوتش سبريد بالمشروم والاعشاب - 350 جم,2026-05-12,350.0,349.22340456999683,-0.7765954300031694,-0.22188440857233413,STABLE
جاردينو صوص برجر - 285 مل,2026-05-12,285.0,292.9431770053535,7.943177005353505,2.7870796510012297,UP
جاردينو صوص مستردة - 300 مل,2026-05-12,300.0,348.940796161135,48.94079616113498,16.313598720378327,UP
جاردينو صوص مستردة - 5 كجم,2026-05-12,5.0,7.278912356078499,2.278912356078499,45.57824712156998,UP
جاردينو كاتشب طماطم - 500 جرام,2026-05-12,500.0,498.81733030678015,-1.1826696932198502,-0.23653393864397002,DOWN
جاردينو مايونيز - 3.2 كجم,2026-05-12,3.2,6.399105295622842,3.199105295622842,99.9720404882138,UP
جاردينو مايونيز كاتشب - 280 جرام,2026-05-12,280.0,293.3419310782443,13.341931078244272,4.76497538508724,UP
جاروف وفرشاة تونكيتا ايكو بعصا طويلة قابلة للطي - tk683,2026-05-12,549.0,557.2840150698229,8.284015069822885,1.5089280637200155,UP
جبنة موزاريلا سالوتي - 1 كجم,2026-05-12,224.0,221.38201972284764,-2.6179802771523555,-1.1687411951573015,DOWN
جبنة موزاريلا مبشورة طبيعية بيربيتو - 1 كجم,2026-05-12,303.0,309.1237268227688,6.123726822768788,2.021031954709171,UP
جراندوز جولد قهوة سريعة الذوبان200ج,2026-05-12,494.0,481.0713295475739,-12.928670452426104,-2.617139767697592,DOWN
جرانولا بار لينو بالتفاح والقرفة - 40 جم,2026-05-12,40.0,41.201266700656554,1.2012667006565536,3.003166751641384,UP
جرانولا سادة ناتشرز وندرز - 350 جرام,2026-05-12,350.0,349.22340456999683,-0.7765954300031694,-0.22188440857233413,STABLE
جرانولا لينو بالشوكولاتة - 350 جرام,2026-05-12,19.0,19.69151114528265,0.6915111452826501,3.6395323435928955,STABLE
جرانولا لينو بالمكسرات - 350 جرام,2026-05-12,19.0,19.69151114528265,0.6915111452826501,3.6395323435928955,STABLE
جرانولا لينو ميكس بالفواكه المجففة - 350 جرام,2026-05-12,19.0,19.69151114528265,0.6915111452826501,3.6395323435928955,STABLE
جردل سبيدو مع مصفاة ستانلس ستيل من الهلال,2026-05-12,799.0,751.4501778778346,-47.54982212216544,-5.951166723675274,DOWN
جردل و ممسحة فيليدا تربو سمارت ايزي رينج - اسود,2026-05-12,799.0,751.4501778778346,-47.54982212216544,-5.951166723675274,DOWN
جرين هاوس بامية إكسترا مجمدة - 400 جرام,2026-05-12,400.0,402.4222507967035,2.4222507967035085,0.6055626991758771,UP
جرين هاوس بامية زيرو مجمدة - 400 جرام,2026-05-12,400.0,402.4222507967035,2.4222507967035085,0.6055626991758771,UP
جرين هاوس خضار سوتيه مشكل - 400 جرام,2026-05-12,400.0,402.4222507967035,2.4222507967035085,0.6055626991758771,UP
جرين هاوس خضار مشكل تورلي - 400 جرام,2026-05-12,400.0,402.4222507967035,2.4222507967035085,0.6055626991758771,UP
جرين هاوس خضار مشكل مجمد - 400 جرام,2026-05-12,400.0,402.4222507967035,2.4222507967035085,0.6055626991758771,UP
جرين هاوس فراولة - 400 جرام,2026-05-12,400.0,402.4222507967035,2.4222507967035085,0.6055626991758771,UP
جرين هاوس قرنبيط - 400 جرام,2026-05-12,400.0,402.4222507967035,2.4222507967035085,0.6055626991758771,UP
جرينز فانيليا بودرة - 60 جرام,2026-05-12,60.0,60.24883998740697,0.2488399874069671,0.41473331234494515,STABLE
جرينز مسحوق كاسترد - 285 جرام,2026-05-12,285.0,292.9431770053535,7.943177005353505,2.7870796510012297,UP
جل التنظيف شاينى سوبر - 900 مل,2026-05-12,20.0,19.357212583018235,-0.6427874169817649,-3.2139370849088245,STABLE
جل الغسالات الاوتوماتيك شايني برائحة الورد - 3.3 لتر,2026-05-12,3.3,5.242354598104246,1.942354598104246,58.85923024558322,UP
جل الغسالات الاوتوماتيك شايني بقوة الاكسجين - 3.3 لتر,2026-05-12,3.3,5.242354598104246,1.942354598104246,58.85923024558322,UP
جل الغسالات الاوتوماتيك شايني للملابس السوداء - 3.3 لتر,2026-05-12,3.3,5.242354598104246,1.942354598104246,58.85923024558322,UP
جل الغسيل اريال بانتعاش داوني - 3 لتر,2026-05-12,3.0,5.242354598104246,2.242354598104246,74.74515327014153,UP
جل الغسيل اريال برائحة اللافندر - 3 لتر,2026-05-12,3.0,5.242354598104246,2.242354598104246,74.74515327014153,UP
جل الغسيل اريال كلين اند فريش - 3 لتر,2026-05-12,3.0,5.242354598104246,2.242354598104246,74.74515327014153,UP
جل تنظيف الأحذية الرياضية سيلفر - 50 مل,2026-05-12,50.0,49.76216375973339,-0.23783624026660988,-0.4756724805332197,STABLE
جل شاينى الأوتوماتيكي رائحة اللافندر - 3.3 لتر + جل شاينى الأوتوماتيكي رائحة اللافند - 900 مل,2026-05-12,3.3,5.242354598104246,1.942354598104246,58.85923024558322,UP
جل شايني لغسل الملابس برائحة اللافندر - 3.3 لتر,2026-05-12,3.3,5.242354598104246,1.942354598104246,58.85923024558322,UP
جل غسالات الأطباق ماكسيل ماكس 1 - 1 لتر,2026-05-12,30.0,29.169776125496117,-0.8302238745038828,-2.7674129150129425,STABLE
جل غسيل تايد أوتوماتيك الاصلى - 2.35 لتر,2026-05-12,2.35,5.242354598104246,2.8923545981042458,123.07891906826578,UP
جل غسيل شاينى بالورد أوتوماتيك - 2.5 لتر,2026-05-12,26.0,25.79026302228043,-0.20973697771956878,-0.8066806835368031,STABLE
جل غسيل شاينى برائحة الورد - 900 مل,2026-05-12,900.0,933.4365734329758,33.43657343297582,3.715174825886202,UP
جل غسيل فيلفيتا للملابس الرياضية - 1.5 كجم,2026-05-12,14.0,14.092125441286319,0.09212544128631883,0.6580388663308488,STABLE
جل كارفور إكسبرت لتنظيف المصارف - 1 لتر,2026-05-12,174.0,168.50823850351466,-5.4917614964853385,-3.1561847680950224,DOWN
جل للعناية بالملابس السوداء و الغامقة فلفيتا - 1.5 لتر,2026-05-12,16.0,15.859729034144143,-0.14027096585585674,-0.8766935365991047,STABLE
جلاتين من حاج عرفة,2026-05-12,70.0,71.21322566317409,1.2132256631740859,1.7331795188201227,UP
جلاسي زجاجة إعادة تعبئة سائل منظف للزجاج والنوافذ برائحة التفاح - 600 مل,2026-05-12,600.0,585.3701512871595,-14.629848712840499,-2.4383081188067495,DOWN
جلاسي زجاجة إعادة تعبئة سائل منظف للزجاج والنوافذ برائحة الصنوبر - 600 مل,2026-05-12,600.0,585.3701512871595,-14.629848712840499,-2.4383081188067495,DOWN
جلاسي سائل منظف للزجاج والنوافذ - 600 مل,2026-05-12,24.0,23.50234559324413,-0.4976544067558706,-2.073560028149461,STABLE
جلاسي سائل منظف للزجاج والنوافذ - 600 مل + زجاجة إعادة تعبئة,2026-05-12,16.0,15.859729034144143,-0.14027096585585674,-0.8766935365991047,STABLE
جلاسي سائل منظف للزجاج والنوافذ برائحة التفاح - 600 مل,2026-05-12,24.0,23.50234559324413,-0.4976544067558706,-2.073560028149461,STABLE
جلاسي سائل منظف للزجاج والنوافذ برائحة الصنوبر - 600 مل,2026-05-12,24.0,23.50234559324413,-0.4976544067558706,-2.073560028149461,STABLE
جلاسي منظف شبابيك - 475 مل,2026-05-12,475.0,473.1377208313207,-1.862279168679322,-0.39205877235354153,DOWN
جلاش سفرة - 400 جم,2026-05-12,400.0,402.4222507967035,2.4222507967035085,0.6055626991758771,UP
جلاش شيف إم - 350 جم,2026-05-12,350.0,349.432895259994,-0.5671047400060161,-0.16202992571600458,STABLE
جليد أكوا معطر جو - 460 مل,2026-05-12,460.0,448.9419159362635,-11.058084063736487,-2.403931318203584,DOWN
جليد أوتو هولدر عنبر وعود أنيق- 269 مل + إعادة تعبئة,2026-05-12,269.0,249.4320535580092,-19.567946441990813,-7.274329532338592,DOWN
جليد انتعاش النظافة عبوة إعادة تعبئة معطر جو - 269 مل,2026-05-12,269.0,249.4320535580092,-19.567946441990813,-7.274329532338592,DOWN
جليد حامل بخاخ اوتوماتيك مع معطر جو بنعومة الفانيليا - 269 مل,2026-05-12,269.0,249.4320535580092,-19.567946441990813,-7.274329532338592,DOWN
جليد حامل بخاخ اوتوماتيك مع معطر جو فخامة العنبر والعود - 269 مل,2026-05-12,269.0,249.4320535580092,-19.567946441990813,-7.274329532338592,DOWN
جليد عبوة إعادة تعبئة معطر جو برائحة التفاح والقرفة - 175 جرام,2026-05-12,175.0,172.14201471891747,-2.8579852810825344,-1.633134446332877,DOWN
جليد عبوة إعادة تعبئة معطر جو برائحة الزهور الاستوائية - 269 مل,2026-05-12,269.0,249.4320535580092,-19.567946441990813,-7.274329532338592,DOWN
جليد عبوة إعادة تعبئة معطر جو برائحة العود والعنبر - 269 مل,2026-05-12,269.0,249.4320535580092,-19.567946441990813,-7.274329532338592,DOWN
جليد عبوة إعادة تعبئة معطر جو برائحة الفانيليا - 269 مل,2026-05-12,269.0,249.4320535580092,-19.567946441990813,-7.274329532338592,DOWN
جليد عبوة إعادة تعبئة معطر جو برائحة الفانيليا واللافندر - 175 جرام,2026-05-12,175.0,172.14201471891747,-2.8579852810825344,-1.633134446332877,DOWN
جليد عبوة إعادة تعبئة معطر جو برائحة النسيم الاستوائي - 175 جرام,2026-05-12,175.0,172.14201471891747,-2.8579852810825344,-1.633134446332877,DOWN
جليد عبوة إعادة تعبئة معطر جو برائحة عبق الورد والتوت البري - 269 مل,2026-05-12,269.0,249.4320535580092,-19.567946441990813,-7.274329532338592,DOWN
جليد عبوة إعادة تعبئة معطر جو برائحة عطر الغابات - 269 مل,2026-05-12,269.0,249.4320535580092,-19.567946441990813,-7.274329532338592,DOWN
جليد عبوة إعادة تعبئة معطر جو هدوء البحر - 269 مل,2026-05-12,269.0,249.4320535580092,-19.567946441990813,-7.274329532338592,DOWN
جليد معطر جو أوتوماتيك بالورد و التوت البري - 269 مل,2026-05-12,269.0,249.4320535580092,-19.567946441990813,-7.274329532338592,DOWN
جليد معطر جو بانتعاش النظافة - 460 مل,2026-05-12,460.0,448.9419159362635,-11.058084063736487,-2.403931318203584,DOWN
جليد معطر جو برائحة اللافندر - 300 مل,2026-05-12,300.0,337.2274695262168,37.227469526216794,12.409156508738931,UP
جليد معطر جو برائحة اللافندر - 460 مل,2026-05-12,460.0,448.9419159362635,-11.058084063736487,-2.403931318203584,DOWN
جليد معطر جو برائحة الورد - 460 مل,2026-05-12,460.0,448.9419159362635,-11.058084063736487,-2.403931318203584,DOWN
جليد معطر جو نسيم الصباح - 300 مل,2026-05-12,300.0,337.2274695262168,37.227469526216794,12.409156508738931,UP
جليد معطر جو هدوء البحر - 300 مل,2026-05-12,300.0,337.2274695262168,37.227469526216794,12.409156508738931,UP
جمبري جاهز للقلي سى كيوب - 500 جرام,2026-05-12,25.0,26.25807641315077,1.2580764131507713,5.032305652603085,UP
جمبري سي كيوب جاهز للقلي حار - 400 جرام,2026-05-12,400.0,402.4222507967035,2.4222507967035085,0.6055626991758771,UP
جهاز ريد طارد للناموس - 300 ساعة,2026-05-12,300.0,337.2274695262168,37.227469526216794,12.409156508738931,UP
جهينة بيور عصير برتقال - 1 لتر,2026-05-12,64.0,59.71171905111671,-4.2882809488832905,-6.700438982630141,DOWN
جهينة بيور عصير برتقال - 235 مل,2026-05-12,235.0,236.74224195235857,1.7422419523585688,0.7413795541951357,UP
جهينة بيور عصير برتقال بالجزر - 1 لتر,2026-05-12,64.0,59.71171905111671,-4.2882809488832905,-6.700438982630141,DOWN
جهينة بيور عصير برتقال بالجزر - 235 مل,2026-05-12,235.0,236.77602511108262,1.7760251110826175,0.7557553664181351,UP
جهينة بيور عصير تفاح - 235 مل,2026-05-12,235.0,236.77602511108262,1.7760251110826175,0.7557553664181351,UP
جهينة بيور عصير جوافة - 1 لتر,2026-05-12,64.0,59.71171905111671,-4.2882809488832905,-6.700438982630141,DOWN
جهينة بيور عصير رمان - 1 لتر,2026-05-12,64.0,59.71171905111671,-4.2882809488832905,-6.700438982630141,DOWN
جهينة بيور عصير عنب احمر - 1 لتر,2026-05-12,64.0,59.71171905111671,-4.2882809488832905,-6.700438982630141,DOWN
جهينة بيور عصير عنب احمر - 235 مل,2026-05-12,235.0,236.77602511108262,1.7760251110826175,0.7557553664181351,UP
جهينة بيور عصير كوكتيل - 235 مل,2026-05-12,235.0,236.77602511108262,1.7760251110826175,0.7557553664181351,UP
جهينة بيور عصير مانجو و خوخ - 1 لتر,2026-05-12,64.0,59.71171905111671,-4.2882809488832905,-6.700438982630141,DOWN
جهينة عصير تفاح كمثري - 1 لتر,2026-05-12,37.0,35.706932875021465,-1.2930671249785348,-3.4947760134554993,DOWN
جهينة عصير ميكس توت - 1 لتر,2026-05-12,37.0,35.706932875021465,-1.2930671249785348,-3.4947760134554993,DOWN
جهينة عصير ميكس توت - 235 مل,2026-05-12,235.0,236.77602511108262,1.7760251110826175,0.7557553664181351,UP
جهينة عصير يوسفي - 1 لتر,2026-05-12,37.0,35.706932875021465,-1.2930671249785348,-3.4947760134554993,DOWN
جهينه كلاسيك عصير مون شيري - 1 لتر,2026-05-12,37.0,35.706932875021465,-1.2930671249785348,-3.4947760134554993,DOWN
جو أون بار فيتامين بالشيكولاتة وجوز الهند - 50جم,2026-05-12,68.0,68.24557985962083,0.2455798596208325,0.3611468523835772,STABLE
جو اون بروتين بار بطعم الشيكولاته - 50 جرام,2026-05-12,50.0,51.475741695197456,1.4757416951974562,2.9514833903949125,UP
جود كير مناديل وجه - طبقتين - 400 منديل - 3 عبوات,2026-05-12,400.0,407.79008131515616,7.790081315156158,1.9475203287890395,UP
جوز هند من حاج عرفة,2026-05-12,72.0,72.75660775440156,0.756607754401557,1.0508441033354958,STABLE
جولد طحينة بالسمسم - 700 جرام,2026-05-12,700.0,685.7520343369456,-14.247965663054401,-2.0354236661506286,DOWN
جياردينو صوص الرانش - 285 مل,2026-05-12,285.0,292.9431770053535,7.943177005353505,2.7870796510012297,UP
جياردينو كاتشب حار - 310 جرام,2026-05-12,310.0,322.13614137146266,12.136141371462656,3.9148843133750506,UP
جياردينو كاتشب حار - 320 جرام,2026-05-12,320.0,321.4526242876029,1.4526242876028732,0.45394508987589793,UP
جياردينو كاتشب حار - 500 جرام,2026-05-12,500.0,498.81733030678015,-1.1826696932198502,-0.23653393864397002,DOWN
جيد ليف دقيق ارز - 400 جم,2026-05-12,400.0,404.06172847209876,4.061728472098764,1.015432118024691,UP
جيفركس بامية كبيرة مجمدة - 400 جرام,2026-05-12,400.0,402.4222507967035,2.4222507967035085,0.6055626991758771,UP
جيفركس بسلة مجمدة - 400 جرام,2026-05-12,400.0,402.4222507967035,2.4222507967035085,0.6055626991758771,UP
جيفركس خرشوف حشو مجمد - 500 جرام,2026-05-12,500.0,507.5384005868036,7.538400586803618,1.5076801173607237,UP
جيفركس خضار مجمد للشوربة - 400 جرام,2026-05-12,400.0,402.4222507967035,2.4222507967035085,0.6055626991758771,UP
جيفركس خضار مشكل مجمد - 400 جرام,2026-05-12,400.0,402.4222507967035,2.4222507967035085,0.6055626991758771,UP
جيفركس قلقاس مجمد - 500 جرام,2026-05-12,500.0,507.5384005868036,7.538400586803618,1.5076801173607237,UP
جيفركس ورق عنب مجمد - 250 جرام,2026-05-12,250.0,241.4287808485025,-8.571219151497502,-3.428487660599001,DOWN
جيلي الكرز من كوكس - 80 جم,2026-05-12,80.0,81.45638367080706,1.4563836708070568,1.820479588508821,UP
جيلي اناناس 5 مينتس - 70 جرام,2026-05-12,5.0,7.278912356078499,2.278912356078499,45.57824712156998,UP
جيلي بالتفاح الاخضر دريم - 70 جم,2026-05-12,70.0,71.21322566317409,1.2132256631740859,1.7331795188201227,UP
جيلي دريم بالمشمش - 70جم,2026-05-12,11.0,12.582476100627167,1.5824761006271668,14.38614636933788,UP
حاج عرفة بروتين رينجز سناكس بطعم الجبنة - 60 جرام,2026-05-12,60.0,60.24883998740697,0.2488399874069671,0.41473331234494515,STABLE
حاج عرفة بروتين رينجز سناكس بطعم الفلفل الحلو - 60 جرام,2026-05-12,60.0,60.24883998740697,0.2488399874069671,0.41473331234494515,STABLE
حاج عرفة بروتين رينجز سناكس بطعم الكريمة الحامضة - 60 جرام,2026-05-12,60.0,60.24883998740697,0.2488399874069671,0.41473331234494515,STABLE
حاج عرفة بن غامق - 100 جرام,2026-05-12,100.0,103.89301896000244,3.8930189600024363,3.893018960002436,UP
حاج عرفة بن غامق مخصوص,2026-05-12,106.0,110.30924780071052,4.309247800710523,4.065328113877851,UP
حاج عرفة بن محوج وسط - 200 جرام,2026-05-12,200.0,205.60893267509945,5.608932675099453,2.8044663375497265,UP
حاج عرفة شوكولاتة بالترمس,2026-05-12,47.0,47.23108958788439,0.23108958788439082,0.4916799742221081,STABLE
حاج عرفة شوكولاتة بالفول السوداني,2026-05-12,50.0,51.475741695197456,1.4757416951974562,2.9514833903949125,UP
حاج عرفة عرقسوس,2026-05-12,32.0,31.90669407385165,-0.09330592614834998,-0.2915810192135937,STABLE
حاج عرفة فشار بالكراميل والشوكولاتة - 100 جم,2026-05-12,100.0,102.07746009759929,2.0774600975992854,2.0774600975992854,UP
حاج عرفة فول سوداني مدشوش,2026-05-12,64.0,62.646240727636005,-1.3537592723639946,-2.1152488630687416,DOWN
حاج عرفة كاجو جامبو,2026-05-12,350.0,349.22340456999683,-0.7765954300031694,-0.22188440857233413,STABLE
حاج عرفة كراوية,2026-05-12,87.0,92.93546243116641,5.935462431166414,6.822370610536107,UP
حاج عرفة لوز شرائح,2026-05-12,275.0,231.24257360354014,-43.75742639645986,-15.911791416894497,DOWN
حاج عرفة مكسرات محمصة اكسترا,2026-05-12,237.0,232.31617648204576,-4.683823517954238,-1.976296843018666,DOWN
حاج عرفة ينسون بالكيلو,2026-05-12,95.0,98.92841712301738,3.9284171230173826,4.135175918965666,UP
حاج عرفةة رقائق ذرة,2026-05-12,42.0,42.088246411333415,0.08824641133341515,0.21011050317479799,STABLE
حافظة مستندات - 4 سم,2026-05-12,4.0,3.9596229887355,-0.040377011264499885,-1.0094252816124971,STABLE
حافظة مستندات ثري دي - تصاميم مختلفة - 8558fc,2026-05-12,59.0,58.69182211654341,-0.3081778834565867,-0.52233539568913,STABLE
حافظة ملفات - 2 سم,2026-05-12,2.0,3.8554960219276317,1.8554960219276317,92.7748010963816,UP
حافظة ملفات قماش بسوستة,2026-05-12,45.0,45.40918841129733,0.40918841129732897,0.9093075806607311,STABLE
حامل أقلام إم آند جي دائري معدني - أسود - abt984h2,2026-05-12,79.0,79.04108173585045,0.04108173585045449,0.05200219727905632,STABLE
حامل أكواب ستيتش,2026-05-12,100.0,100.26031812248114,0.26031812248113795,0.26031812248113795,STABLE
حامل اكواب بينجو شكل سلحفاة,2026-05-12,100.0,100.26031812248114,0.26031812248113795,0.26031812248113795,STABLE
حامل بطاقات ييجان - 120 كارت - fa120,2026-05-12,120.0,120.14820633576323,0.14820633576323416,0.12350527980269513,STABLE
حامل بطاقات ييجان - 180 كارت - m28,2026-05-12,180.0,179.7390110407966,-0.26098895920338805,-0.14499386622410448,STABLE
حامل بطاقات ييجان - 40 كارت - m24,2026-05-12,40.0,40.18355950343549,0.18355950343548955,0.4588987585887239,STABLE
حامل معطر جو جليد برائحة عبق الورد والكرز مع عبوه إعادة التعبئة - 269 مل,2026-05-12,269.0,249.4320535580092,-19.567946441990813,-7.274329532338592,DOWN
حامل معطر جو جليد برائحة نعومه الفانليا مع عبوه إعادة التعبئة - 269 مل,2026-05-12,269.0,249.4320535580092,-19.567946441990813,-7.274329532338592,DOWN
حبوب إفطار تيميز شوكو بوبس - 25جم,2026-05-12,11.0,12.582476100627167,1.5824761006271668,14.38614636933788,UP
حبوب إفطار تيميز شوكو سكوبس - 25جم,2026-05-12,11.0,12.582476100627167,1.5824761006271668,14.38614636933788,UP
حبوب إفطار تيميز هني بوبس - 25جم,2026-05-12,11.0,12.582476100627167,1.5824761006271668,14.38614636933788,UP
حبوب إفطار لينو بالشوفان - 250جم,2026-05-12,71.0,71.1070224908729,0.10702249087289317,0.1507359026378777,STABLE
حبوب إفطار لينو بالعسل و الشوفان -250 جرام,2026-05-12,250.0,247.58109011462136,-2.418909885378639,-0.9675639541514557,DOWN
حبوب إفطار لينو بالفواكه والشوفان - 250 جم,2026-05-12,250.0,247.58109011462136,-2.418909885378639,-0.9675639541514557,DOWN
حبوب إفطار لينو بشوكولاتة بافس والشوفان - 375 جم,2026-05-12,375.0,380.19382509230945,5.193825092309453,1.3850200246158542,UP
حبوب إفطارنستله شوكولاته كيت كات - 330 جرام,2026-05-12,11.0,12.582476100627167,1.5824761006271668,14.38614636933788,UP
حبوب افطار كيدو شوكو كريم - 250 جم,2026-05-12,250.0,247.58109011462136,-2.418909885378639,-0.9675639541514557,DOWN
حبوب افطار كيدو محشية بكريمة الفراولة - 250 جم,2026-05-12,250.0,247.58109011462136,-2.418909885378639,-0.9675639541514557,DOWN
حبوب افطار كيدو محشية بكريمة الموز - 250 جم,2026-05-12,250.0,247.58109011462136,-2.418909885378639,-0.9675639541514557,DOWN
حبوب الافطار بالشوفان لينو شوكو سكوبس - 250 جرام,2026-05-12,250.0,247.58109011462136,-2.418909885378639,-0.9675639541514557,DOWN
حبوب الافطار تيميز شوكو رايس - 25 جرام,2026-05-12,25.0,26.651717189541937,1.6517171895419374,6.606868758167749,UP
حبوب القهوة الخضراء من حاج عرفة,2026-05-12,93.0,97.43781187072337,4.437811870723365,4.77184072120792,UP
حبوب جرانولا ابو عوف بالتوت البري والزبيب - 350 جم,2026-05-12,350.0,349.22340456999683,-0.7765954300031694,-0.22188440857233413,STABLE
حبوب شوكو بيلو تيميز - 300 جرام,2026-05-12,300.0,348.940796161135,48.94079616113498,16.313598720378327,UP
حج عرفة بن غامق محوج - 200 جرام,2026-05-12,200.0,205.60893267509945,5.608932675099453,2.8044663375497265,UP
حج عرفة بن غامق وسط - 200 جرام,2026-05-12,200.0,205.60893267509945,5.608932675099453,2.8044663375497265,UP
حج عرفة بن فاتح محوج - 200 جرام,2026-05-12,200.0,205.60893267509945,5.608932675099453,2.8044663375497265,UP
حج عرفة بن فاتح وسط - 200 جرام,2026-05-12,200.0,205.60893267509945,5.608932675099453,2.8044663375497265,UP
حصيرة لف السوشي من الخيزران,2026-05-12,150.0,157.0301259011403,7.030125901140309,4.686750600760206,UP
حفصه صوص حار - 300 مل,2026-05-12,300.0,348.940796161135,48.94079616113498,16.313598720378327,UP
حقيبة ظهر مدرسية من مينترا هوم - تركواز,2026-05-12,359.0,353.04840897077867,-5.951591029221333,-1.6578247992259982,DOWN
حقيبة مدرسية للأطفال,2026-05-12,9.0,8.408858038510065,-0.5911419614899351,-6.568244016554835,STABLE
حكاية بيف برجر - 25 قطعة,2026-05-12,25.0,26.25807641315077,1.2580764131507713,5.032305652603085,UP
حلبة الضحى - 50 جرام,2026-05-12,50.0,49.750238709318246,-0.24976129068175368,-0.4995225813635073,STABLE
حلبة من حاج عرفة,2026-05-12,20.0,20.03650346175373,0.03650346175372832,0.18251730876864158,STABLE
حلقات الشوفان لينو بطعم البصل والكريمة - 30 جرام,2026-05-12,30.0,30.645875743080058,0.6458757430800581,2.1529191436001938,STABLE
حلقات الشوفان لينو بطعم الجبنة الشيدر - 30 جرام,2026-05-12,30.0,30.645875743080058,0.6458757430800581,2.1529191436001938,STABLE
حلقات الشوفان لينو بطعم الجمبري - 30 جرام,2026-05-12,30.0,30.645875743080058,0.6458757430800581,2.1529191436001938,STABLE
حلقات الشوفان لينو بطعم السيراتشا - 30 جرام,2026-05-12,30.0,30.645875743080058,0.6458757430800581,2.1529191436001938,STABLE
حلقات الشوفان لينو بطعم الطماطم - 30 جرام,2026-05-12,30.0,30.645875743080058,0.6458757430800581,2.1529191436001938,STABLE
حلقات الشوفان لينو بطعم الفلفل الحلو - 30 جرام,2026-05-12,30.0,30.645875743080058,0.6458757430800581,2.1529191436001938,STABLE
حلقات ذرة كيدو بطعم العسل - 250 جم,2026-05-12,250.0,247.58109011462136,-2.418909885378639,-0.9675639541514557,DOWN
حلقات شيكا بالفلفل الحلو - 57-67 جرام,2026-05-12,57.0,57.83225048408417,0.8322504840841702,1.4600885685687197,STABLE
حلقات كورن فليكس لينو بالعسل والشوفان - 30 جم,2026-05-12,30.0,30.645875743080058,0.6458757430800581,2.1529191436001938,STABLE
حلواني أجنحة دجاج كرانشي - 700 جرام,2026-05-12,700.0,632.7924728724388,-67.2075271275612,-9.601075303937314,DOWN
حلواني اخوان طحينة - 240 جرام,2026-05-12,25.0,26.651717189541937,1.6517171895419374,6.606868758167749,UP
حلواني اخوان طحينة - 475 جرام,2026-05-12,475.0,470.6990859533559,-4.300914046644095,-0.905455588767178,DOWN
حلواني اخوان طحينة - 710 جرام,2026-05-12,710.0,692.1584735485663,-17.84152645143365,-2.5128910494976973,DOWN
حلواني برجر جامبو - 1.5 كجم,2026-05-12,1.5,5.966083783648153,4.466083783648153,297.7389189098769,UP
حلواني بيف برجر - 1 كجم - 20 قطعة,2026-05-12,20.0,20.07838613825508,0.07838613825508034,0.39193069127540175,STABLE
حلواني بيف برجر - 16 قطعة,2026-05-12,16.0,16.621376957597143,0.6213769575971426,3.8836059849821414,STABLE
حلواني بيف برجر - 8 قطع,2026-05-12,8.0,9.430109421433677,1.4301094214336771,17.876367767920964,UP
حلواني دجاج مقلي - 12 قطعة,2026-05-12,12.0,12.63383158112408,0.6338315811240793,5.281929842700661,STABLE
حلواني دجاج مقلي حار - 12 قطعة,2026-05-12,12.0,12.63383158112408,0.6338315811240793,5.281929842700661,STABLE
حلواني ستربس دجاج حارة - 400 جم,2026-05-12,400.0,400.71167976362517,0.7116797636251704,0.1779199409062926,STABLE
حلواني ستيك برجر - 150 جرام - 4 قطع,2026-05-12,150.0,153.4767039149965,3.4767039149965058,2.3178026099976705,UP
حلواني سجق شرقي - 300 جم,2026-05-12,300.0,313.51211900361875,13.51211900361875,4.504039667872917,UP
حلواني كفتة بقري - 900 جم,2026-05-12,900.0,788.7844541515689,-111.21554584843113,-12.357282872047904,DOWN
حلواني كفتة بيف - 350 جم,2026-05-12,350.0,349.432895259994,-0.5671047400060161,-0.16202992571600458,STABLE
حلواني كوردن بلو دجاج - 400 جم,2026-05-12,400.0,402.4222507967035,2.4222507967035085,0.6055626991758771,UP
حلواني لحم مفروم - 900 جم,2026-05-12,900.0,788.7844541515689,-111.21554584843113,-12.357282872047904,DOWN
حلواني ناجتس دجاج - 400 جم,2026-05-12,400.0,402.4222507967035,2.4222507967035085,0.6055626991758771,UP
حلواني هوت دوج بيف - 900 جم,2026-05-12,900.0,788.7844541515689,-111.21554584843113,-12.357282872047904,DOWN
حلوى التوت الحامض سور بانك - 40 جرام,2026-05-12,40.0,39.59131447186522,-0.4086855281347823,-1.0217138203369558,STABLE
حلوى الجيلي ترولي بطعم الفراولة - 18جم,2026-05-12,17.0,17.371582429284675,0.37158242928467544,2.1857789957922082,STABLE
حلوى الجيلي فيني الكريمي بالفراولة والموز - 80 جم,2026-05-12,80.0,78.22947994603176,-1.7705200539682409,-2.213150067460301,DOWN
حلوى بيبيتو على شكل هوت دوغ - 30جرام,2026-05-12,13.0,13.501217924112943,0.5012179241129431,3.855522493176485,STABLE
حلوى كلويتا توتي حلوى بنكهة الكولا - 18 cloeta tutti frutti cola candy,2026-05-12,18.0,17.699992273621906,-0.3000077263780945,-1.6667095909894138,STABLE
حليب مكثف محلي المراعي - 397 جرام,2026-05-12,397.0,393.60044877792353,-3.399551222076468,-0.8563101315054077,DOWN
خبز بانيني,2026-05-12,24.0,23.57254727019337,-0.42745272980663174,-1.7810530408609655,STABLE
خبز بريوش ريتش بيك - 4 قطع,2026-05-12,4.0,4.765568774246742,0.7655687742467423,19.139219356168557,STABLE
خبز سوفت جليزد ريتش بيك -4 قطع,2026-05-12,4.0,4.765568774246742,0.7655687742467423,19.139219356168557,STABLE
خبز سياباتا سادة,2026-05-12,19.0,18.697660336588083,-0.3023396634119173,-1.5912613863785123,STABLE
خرامة إم آند جي 2 ثقب - abs916kq,2026-05-12,2.0,3.8554960219276317,1.8554960219276317,92.7748010963816,UP
خرشوف امريكانا - 400 جم,2026-05-12,400.0,402.4222507967035,2.4222507967035085,0.6055626991758771,UP
خرشوف جيفركس - 400جم,2026-05-12,59.0,57.89194119829091,-1.1080588017090918,-1.8780657656086301,DOWN
خرشوف قاع مونتانا - 400 جم,2026-05-12,400.0,402.4222507967035,2.4222507967035085,0.6055626991758771,UP
خضار مشكل بالذرة الحلوة مونتانا - 400 جم,2026-05-12,400.0,402.4222507967035,2.4222507967035085,0.6055626991758771,UP
خل أبيض طبيعي رانفيتو - 1 لتر,2026-05-12,14.0,15.229634573871122,1.229634573871122,8.783104099079443,UP
خل أبيض هارفست - 1 لتر,2026-05-12,16.0,17.22777303164607,1.2277730316460698,7.673581447787936,UP
خل أبيض وادي فوود - 1 لتر,2026-05-12,17.0,18.314344858644578,1.3143448586445778,7.731440344968105,UP
خل أبيض يمامة - 1 لتر,2026-05-12,63.0,62.32508862395781,-0.6749113760421892,-1.0712878984796654,STABLE
خل الأرز الأبيض هي شين - 500 مل,2026-05-12,500.0,498.81733030678015,-1.1826696932198502,-0.23653393864397002,DOWN
خل التفاح تشويس - 500 مل,2026-05-12,500.0,498.81733030678015,-1.1826696932198502,-0.23653393864397002,DOWN
خل العنب يمامة - 750 مل,2026-05-12,750.0,747.102965087268,-2.8970349127320105,-0.3862713216976014,DOWN
خل بلسمك مازيتي - 250 مل,2026-05-12,250.0,247.58109011462136,-2.418909885378639,-0.9675639541514557,DOWN
خل بلسمك وادى فود - 250 مل,2026-05-12,250.0,247.58109011462136,-2.418909885378639,-0.9675639541514557,DOWN
خل بلسميك كوهن - 250 مل,2026-05-12,250.0,247.58109011462136,-2.418909885378639,-0.9675639541514557,DOWN
خل تفاح اورجانيك,2026-05-12,87.0,92.93546243116641,5.935462431166414,6.822370610536107,UP
خل تفاح تشويس - 500 جرام,2026-05-12,500.0,498.81733030678015,-1.1826696932198502,-0.23653393864397002,DOWN
خل طبيعي تيرا - 1 لتر,2026-05-12,14.0,15.229634573871122,1.229634573871122,8.783104099079443,UP
خل طبيعي ريحانة - 1 لتر,2026-05-12,16.0,17.22777303164607,1.2277730316460698,7.673581447787936,UP
خل عنب من يمامة - 300 مل,2026-05-12,300.0,348.940796161135,48.94079616113498,16.313598720378327,UP
خل قصب السكر درة - 1 لتر,2026-05-12,20.0,20.03650346175373,0.03650346175372832,0.18251730876864158,STABLE
خل من جاردينو - 1 لتر,2026-05-12,19.0,19.69151114528265,0.6915111452826501,3.6395323435928955,STABLE
خليط كيك القهوة كوكس - 400 جرام,2026-05-12,400.0,404.06172847209876,4.061728472098764,1.015432118024691,UP
خمس نجوم دقيق لجميع الأغراض - 1 كجم,2026-05-12,39.0,40.91986064380151,1.9198606438015133,4.92271959949106,UP
خميرة جافة فورية ايديال - 450جم,2026-05-12,135.0,139.1527437592696,4.152743759269612,3.0761064883478606,UP
خميرة فورية باكمايا - 450 جم,2026-05-12,450.0,440.2505916781519,-9.74940832184808,-2.1665351826329067,DOWN
خوخ أنصاف توليدو في شراب خفيف - 820 جرام,2026-05-12,820.0,830.6294554211931,10.629455421193143,1.2962750513650174,UP
داساني مياه شرب طبيعية - 1.5 لتر,2026-05-12,10.0,11.345288341242082,1.3452883412420817,13.45288341242082,UP
دافيدوف قهوة فاين اروما - 100جم,2026-05-12,550.0,548.7566627863745,-1.243337213625523,-0.2260613115682769,DOWN
دانيلز بليند كبسولات قهوة بالشوكولاتة - الكثافة 8 - 10 كبسولات,2026-05-12,8.0,8.623779850137703,0.6237798501377032,7.79724812672129,STABLE
داوني منعم الملابس المركز برائحة اللافندر والمسك - 1 لتر,2026-05-12,17.0,17.308702044420464,0.308702044420464,1.815894378943906,STABLE
داوني منعم ملابس مركز بالفانيليا والمسك - 1 لتر,2026-05-12,17.0,17.308702044420464,0.308702044420464,1.815894378943906,STABLE
داوني نسيم الوادي منعم الملابس المركز - 1 لتر,2026-05-12,17.0,17.308702044420464,0.308702044420464,1.815894378943906,STABLE
دايم بانيه دجاج - 1 كجم,2026-05-12,134.0,139.16767931446373,5.167679314463726,3.856477100346064,UP
دايم بانيه دجاج حار - 1 كجم,2026-05-12,134.0,139.16767931446373,5.167679314463726,3.856477100346064,UP
دايم بيف برجر جامبو - 1.5 كجم,2026-05-12,1.5,5.966083783648153,4.466083783648153,297.7389189098769,UP
دايم بيف فرانكفورت - 1 كجم,2026-05-12,222.0,219.1030091479863,-2.896990852013687,-1.3049508342403995,DOWN
دايم ستربس دجاج - 1 كجم,2026-05-12,285.0,271.0797164930129,-13.920283506987118,-4.88431000245162,DOWN
دايم ستربس دجاج حار - 1 كجم,2026-05-12,285.0,271.0797164930129,-13.920283506987118,-4.88431000245162,DOWN
دايم سجق شرقي - 700 جم,2026-05-12,700.0,632.7924728724388,-67.2075271275612,-9.601075303937314,DOWN
دايم كفتة بقري - 700 جرام,2026-05-12,700.0,632.7924728724388,-67.2075271275612,-9.601075303937314,DOWN
دايم هوت دوج بقري - 1 كجم,2026-05-12,222.0,219.1030091479863,-2.896990852013687,-1.3049508342403995,DOWN
دبابيس دباسة إم آند جي 1000 قطعة - absn2631,2026-05-12,1000.0,935.612896177414,-64.38710382258603,-6.438710382258603,DOWN
دبابيس دباسة إم آند جي 17/23 مم - 1000 قطعة - absn2632,2026-05-12,17.0,20.335608322263024,3.335608322263024,19.62122542507661,UP
دبابيس دباسة إم آند جي 23/23 مم - 1000 قطعة - abs92628,2026-05-12,23.0,21.926222896903667,-1.073777103096333,-4.668596100418839,DOWN
دبابيس دباسة إم آند جي 23/24 مم - 1000 قطعة - absn2634,2026-05-12,23.0,21.926222896903667,-1.073777103096333,-4.668596100418839,DOWN
دبابيس دجاج حلواني حارة - 700جم,2026-05-12,218.0,217.455755419793,-0.5442445802069926,-0.24965347715917094,STABLE
دبابيس دجاج حلواني- 700جم,2026-05-12,218.0,217.455755419793,-0.5442445802069926,-0.24965347715917094,STABLE
دبابيس ضغط مكتبية - 60 دبوس - متعددة الألوان,2026-05-12,60.0,59.09191407835283,-0.9080859216471708,-1.513476536078618,STABLE
دبابيس فراخ كوكي كرانشي - 700 جم,2026-05-12,12.0,12.63383158112408,0.6338315811240793,5.281929842700661,STABLE
دبابيس مكتب ملونة إم آند جي - 35 قطعه - abs916dp,2026-05-12,35.0,37.38538563874517,2.38538563874517,6.815387539271914,UP
دباسة إم آند جي - ألوان متنوعة - abs916d1,2026-05-12,95.0,93.80834035916708,-1.191659640832924,-1.2543785692978149,DOWN
دباسة إم آند جي - ألوان متنوعة - abs916ed,2026-05-12,64.0,63.07546522385298,-0.92453477614702,-1.4445855877297187,STABLE
دباسة صغيرة إم آند جي - ألوان متنوعة - abs916ef,2026-05-12,49.0,50.10734690618171,1.1073469061817107,2.2598916452687976,UP
دباسة صغيرة إم آند جي تشا تشا تشا للأطفال - abs916et,2026-05-12,119.0,120.12650759597227,1.1265075959722708,0.9466450386321603,UP
دباسة صغيرة إم آند جي سو ماني كاتس - abs916fj,2026-05-12,89.0,90.05524082718425,1.0552408271842495,1.1856638507688195,UP
دباسة صغيرة إم آند جي مع 1000 دبوس - ألوان متنوعة - abs916ff,2026-05-12,1000.0,935.612896177414,-64.38710382258603,-6.438710382258603,DOWN
دباسة صغيرة إم آند جي مع 500 دبوس - ألوان متنوعة - abs916s6,2026-05-12,500.0,500.93512082968454,0.9351208296845357,0.18702416593690713,STABLE
دباسة كماشة إم آند جي - ألوان متنوعة - رقم 10,2026-05-12,10.0,9.755210818100108,-0.24478918189989152,-2.447891818998915,STABLE
دبل شوت اسبريسو باللبن مستر براون - 330 مل,2026-05-12,330.0,340.7802920057248,10.780292005724789,3.266755153249936,UP
دجاج البانيه المقرمش الحار كوكي - 8 قطع,2026-05-12,24.0,24.223310353563363,0.22331035356336315,0.9304598065140132,STABLE
دجاج بانيه روستي حار - 500 جم,2026-05-12,500.0,507.5384005868036,7.538400586803618,1.5076801173607237,UP
دجاج بانيه كرانشي كوكي - 8 قطع,2026-05-12,24.0,24.223310353563363,0.22331035356336315,0.9304598065140132,STABLE
دجاج ستربس الوطنية - 400 جرام,2026-05-12,400.0,402.4222507967035,2.4222507967035085,0.6055626991758771,UP
دجاج ستربس حار كينجاري - 900 جرام,2026-05-12,900.0,788.7844541515689,-111.21554584843113,-12.357282872047904,DOWN
دجاج شانكس أطياب - 400 جرام,2026-05-12,400.0,402.4222507967035,2.4222507967035085,0.6055626991758771,UP
دجاج شانكس أطياب بطعم الشطة والليمون - 400 جرام,2026-05-12,400.0,402.4222507967035,2.4222507967035085,0.6055626991758771,UP
دجاج شانكس أطياب بطعم صوص البافلو - 400 جرام,2026-05-12,400.0,402.4222507967035,2.4222507967035085,0.6055626991758771,UP
دجاج كامل مجمد دواجن الوطنية - 900-950 جم,2026-05-12,900.0,788.7844541515689,-111.21554584843113,-12.357282872047904,DOWN
دجاج مقلي أطياب - 12 قطعة + بطاطس,2026-05-12,12.0,12.63383158112408,0.6338315811240793,5.281929842700661,STABLE
دجاج مقلي أطياب حار - 12 قطعة,2026-05-12,12.0,12.63383158112408,0.6338315811240793,5.281929842700661,STABLE
دجاج مقلي حار شيكيتيتا - 12 قطعة,2026-05-12,12.0,12.63383158112408,0.6338315811240793,5.281929842700661,STABLE
دجاج مقلي شيكيتيتا - 12 قطعة,2026-05-12,12.0,12.63383158112408,0.6338315811240793,5.281929842700661,STABLE
دجاج ناجتس الوطنيه - 1 كجم,2026-05-12,25.0,26.25807641315077,1.2580764131507713,5.032305652603085,UP
دجاج ناجتس كوكي - 1.25 كجم,2026-05-12,23.0,22.857691706763806,-0.14230829323619432,-0.618731709722584,STABLE
دجاجة الوطنية كاملة مجمدة - 950-1000جم,2026-05-12,30.0,30.259159458235377,0.2591594582353771,0.8638648607845905,STABLE
دجاجة كاملة الوطنية مجمدة - 750-800جم,2026-05-12,750.0,698.1708463161798,-51.82915368382021,-6.9105538245093605,DOWN
دجاجة كاملة شهد - 1100-1200 جم,2026-05-12,1100.0,940.7833672425118,-159.21663275748824,-14.47423934158984,DOWN
دجاجة كاملة مجمدة الوطنية - 1300-1400 جم,2026-05-12,1300.0,940.7833672425118,-359.21663275748824,-27.632048673652942,DOWN
دجاجة كاملة مجمدة الوطنية - 850-900 جرام,2026-05-12,850.0,764.8350256762169,-85.1649743237831,-10.019408743974482,DOWN
دجاجة كاملة مجمدة شهد - 1000-1100 جم,2026-05-12,1000.0,825.9276667014155,-174.07233329858445,-17.407233329858446,DOWN
دجاجة كاملة مجمدة فيونكه - 1000-1100 غرام,2026-05-12,1000.0,825.9276667014155,-174.07233329858445,-17.407233329858446,DOWN
دجاجة كاملة مجمدة فيونكه - 1200-1100 غرام,2026-05-12,1200.0,940.7833672425118,-259.21663275748824,-21.60138606312402,DOWN
دجاجة كاملة مجمدة كوكي - 1200-1300 جم,2026-05-12,1200.0,940.7833672425118,-259.21663275748824,-21.60138606312402,DOWN
دجاجة كاملة مقلية حارة اطياب - 9 قطع,2026-05-12,9.0,10.640947202367999,1.6409472023679985,18.23274669297776,UP
درة فليفلة حمراء مطحونة - 360جم,2026-05-12,62.0,61.905815285028815,-0.09418471497118475,-0.15191083059868507,STABLE
درة كاتشب - 500 جرام,2026-05-12,500.0,498.81733030678015,-1.1826696932198502,-0.23653393864397002,DOWN
درة كاتشب حار - 250جم,2026-05-12,31.0,30.87378722728987,-0.12621277271012943,-0.4071379764842885,STABLE
درة كاتشب حار - 500 جرام,2026-05-12,500.0,498.81733030678015,-1.1826696932198502,-0.23653393864397002,DOWN
درة كاتشب حار - 750جم,2026-05-12,75.0,75.46708390546387,0.46708390546386624,0.6227785406184883,STABLE
درة كاتشب طماطم - 350 جرام,2026-05-12,350.0,349.22340456999683,-0.7765954300031694,-0.22188440857233413,STABLE
درة كاتشب طماطم - 500 جرام,2026-05-12,500.0,498.81733030678015,-1.1826696932198502,-0.23653393864397002,DOWN
درة كاتشب طماطم - 900 جرام,2026-05-12,900.0,937.985127594032,37.98512759403195,4.220569732670216,UP
درة نايو مايونيز - 250 جرام,2026-05-12,250.0,247.58109011462136,-2.418909885378639,-0.9675639541514557,DOWN
دريسنج ثاوزند ايلاند امريكان جاردن - 240 مل,2026-05-12,240.0,241.3282998871333,1.328299887133312,0.5534582863055467,UP
دريسنج هريسة أيلو - 400 جرام,2026-05-12,400.0,404.06172847209876,4.061728472098764,1.015432118024691,UP
دريم بسبوسة - 400 جم,2026-05-12,400.0,404.06172847209876,4.061728472098764,1.015432118024691,UP
دريم بودنج فانيليا - 100 جم,2026-05-12,100.0,102.07746009759929,2.0774600975992854,2.0774600975992854,UP
دريم بيور بكنج صودا - 60 جم,2026-05-12,60.0,60.24883998740697,0.2488399874069671,0.41473331234494515,STABLE
دريم جيلي بالبطيخ - 70جم,2026-05-12,12.0,13.015542310621292,1.0155423106212922,8.462852588510767,UP
دريم جيلي ليمون ونعناع - 70جم,2026-05-12,16.0,17.22777303164607,1.2277730316460698,7.673581447787936,UP
دريم خليط بان كيك - 440 جرام,2026-05-12,440.0,438.8817994574891,-1.1182005425109196,-0.2541364869342999,DOWN
دريم خليط كيك البراونيز - 400 جرام,2026-05-12,400.0,404.06172847209876,4.061728472098764,1.015432118024691,UP
دريم خليط مافن فانيليا - 450 جم,2026-05-12,450.0,440.2505916781519,-9.74940832184808,-2.1665351826329067,DOWN
دريم خليط مولتن كيك بالشوكولاتة - 400 جرام,2026-05-12,400.0,404.06172847209876,4.061728472098764,1.015432118024691,UP
دريم دقيق نشا الذرة - 240 جرام,2026-05-12,240.0,241.3282998871333,1.328299887133312,0.5534582863055467,UP
دريم فانيليا بالبرتقال - 5 جرام - 25 كيس,2026-05-12,5.0,7.278912356078499,2.278912356078499,45.57824712156998,UP
دريم فانيليا برتقال كيس - 5 جرام - 25 كيس,2026-05-12,5.0,7.278912356078499,2.278912356078499,45.57824712156998,UP
دريم كريم شانتيه - 45 جم,2026-05-12,45.0,45.414925676338356,0.4149256763383562,0.9220570585296805,STABLE
دريم كريم كراميل - 92 جم,2026-05-12,92.0,94.22440284889575,2.2244028488957497,2.4178291835823367,UP
دريم كريمة خفق بالشوكولاتة - 65 جم,2026-05-12,65.0,68.1427516608219,3.142751660821901,4.835002555110616,UP
دريم كريمة خفق بالفراولة - 45 جم,2026-05-12,45.0,45.414925676338356,0.4149256763383562,0.9220570585296805,STABLE
دريم كيك شيف - 23 جم,2026-05-12,23.0,22.851383787034475,-0.14861621296552485,-0.646157447676195,STABLE
دريم كيكة الشوكولاتة - 400 جم,2026-05-12,400.0,404.06172847209876,4.061728472098764,1.015432118024691,UP
دريم كيكة الفانيليا - 500 جم,2026-05-12,500.0,498.81733030678015,-1.1826696932198502,-0.23653393864397002,DOWN
دريم مبيض القهوة - 300 جم,2026-05-12,300.0,348.940796161135,48.94079616113498,16.313598720378327,UP
دريم مبيض قهوة - 150 جم,2026-05-12,150.0,157.0301259011403,7.030125901140309,4.686750600760206,UP
دريم مسحوق كريمة معدة للخفق - 180 جرام,2026-05-12,180.0,178.66556396265705,-1.3344360373429538,-0.7413533540794188,DOWN
دريم مسحوق كريمة معدة للخفق - 400 جرام,2026-05-12,400.0,404.06172847209876,4.061728472098764,1.015432118024691,UP
دريم مشروب شوكولاتة - 60 جرام,2026-05-12,60.0,57.353603560213664,-2.6463964397863364,-4.410660732977227,DOWN
دريم نكهة فانيليا بالبرتقال - 5 جم,2026-05-12,5.0,7.278912356078499,2.278912356078499,45.57824712156998,UP
دساني كرتونة مياه طبيعية - 1.5 لتر - عبوة من 12,2026-05-12,21.0,20.062308181102438,-0.9376918188975623,-4.465199137607439,STABLE
دفتر برافو مقاس a4 بغلاف صلب 5 موضوعات - 186 ورقة,2026-05-12,5.0,4.8031059229321675,-0.19689407706783246,-3.9378815413566493,STABLE
دقيق أرز زومرا الدبق - 500 جرام,2026-05-12,500.0,498.81733030678015,-1.1826696932198502,-0.23653393864397002,DOWN
دقيق الأرز البني سنبلة الفرات - 500 جم,2026-05-12,500.0,498.81733030678015,-1.1826696932198502,-0.23653393864397002,DOWN
دقيق البيتزا خمس نجوم - 1 كجم,2026-05-12,44.0,43.3631954336627,-0.6368045663372968,-1.447283105312038,STABLE
دقيق الذرة الأبيض دون لوبيز - 1 كجم,2026-05-12,39.0,40.91986064380151,1.9198606438015133,4.92271959949106,UP
دقيق الذرة الأصفر دون لوبيز - 1 كجم,2026-05-12,38.0,37.56663378879353,-0.4333662112064687,-1.1404373979117597,STABLE
دقيق الذرة الصفراء ريليشو - 1 كجم,2026-05-12,62.0,61.905815285028815,-0.09418471497118475,-0.15191083059868507,STABLE
دقيق الزعيم لجميع الأغراض - 1 كجم,2026-05-12,25.0,26.651717189541937,1.6517171895419374,6.606868758167749,UP
دقيق الشوفان إمتنان - 500 جرام,2026-05-12,500.0,498.81733030678015,-1.1826696932198502,-0.23653393864397002,DOWN
دقيق القمح الكامل دون لوبيز - 1 كجم,2026-05-12,41.0,47.65805377038126,6.658053770381258,16.239155537515263,UP
دقيق الكحك والبسكويت دون لوبيز - 1كجم,2026-05-12,41.0,41.38655399133015,0.3865539913301532,0.9428146130003737,STABLE
دقيق الكيك دون لوبيز - 1 كجم,2026-05-12,41.0,41.38655399133015,0.3865539913301532,0.9428146130003737,STABLE
دقيق المزاج - 1 كجم - 3 قطع + خل ريحانة الطبيعي - 1 لتر,2026-05-12,18.0,18.667161136087273,0.6671611360872731,3.706450756040406,STABLE
دقيق دريا الأبيض للبيتزا والمخبوزات - 1 كجم,2026-05-12,40.0,41.201266700656554,1.2012667006565536,3.003166751641384,UP
دقيق دريا الأبيض للكعك والبسكويت - 1 كجم,2026-05-12,40.0,41.201266700656554,1.2012667006565536,3.003166751641384,UP
دقيق دريا الأبيض للكيك - 1 كجم,2026-05-12,40.0,41.201266700656554,1.2012667006565536,3.003166751641384,UP
دقيق ريليشو للكيك والبسكويت - 1 كجم,2026-05-12,47.0,45.313314610680294,-1.686685389319706,-3.588692317701502,DOWN
دقيق سنبلة الفرات لجميع الاستعمالات خالي من الجلوتين - 500 جرام,2026-05-12,500.0,498.81733030678015,-1.1826696932198502,-0.23653393864397002,DOWN
دقيق فاخر الضحى لجميع الاستخدامات - 1 كيلو,2026-05-12,35.0,35.41206453268432,0.41206453268431886,1.177327236240911,STABLE
دقيق لمتنا أبيض متعدد الاستخدامات - 1 كجم,2026-05-12,29.0,29.298881485712055,0.2988814857120552,1.0306258128001904,STABLE
دلو رينامورا برونو أوتوماتيك,2026-05-12,799.0,751.4501778778346,-47.54982212216544,-5.951166723675274,DOWN
دميتا رول كلينج فيلم - 30 سم في 20 متر,2026-05-12,30.0,29.169776125496117,-0.8302238745038828,-2.7674129150129425,STABLE
دوسية مسطرة إم آند جي - adm94521,2026-05-12,279.0,286.6750889519899,7.675088951989892,2.7509279397813233,UP
دومتي ساندوتش جامبو بالجبنة الاسطنبولي - 1 قطعة,2026-05-12,13.0,12.739195078182506,-0.2608049218174937,-2.006191706288413,STABLE
دومتي ساندوتش جامبو بالجبنة الفيتا السادة - 1 قطعة,2026-05-12,13.0,12.739195078182506,-0.2608049218174937,-2.006191706288413,STABLE
دومتي ساندوتش جامبو بالجبنة الفيتا بالزيتون - 1 قطعة,2026-05-12,13.0,12.739195078182506,-0.2608049218174937,-2.006191706288413,STABLE
دومتي ساندوتش شوكولاتة بالبندق جامبو - 1 قطعة,2026-05-12,13.0,12.739195078182506,-0.2608049218174937,-2.006191706288413,STABLE
دومتي سندوتش جامبو بالجبنة الرومي - 1 قطعة,2026-05-12,13.0,12.739195078182506,-0.2608049218174937,-2.006191706288413,STABLE
دومتي سندوتش جبنه كريمى بالهالبينو الحار - 1 قطعة,2026-05-12,13.0,12.739195078182506,-0.2608049218174937,-2.006191706288413,STABLE
دومتي عصير اناناس - 235 مل,2026-05-12,235.0,236.74224195235857,1.7422419523585688,0.7413795541951357,UP
دومتي عصير تفاح - 235 مل,2026-05-12,235.0,236.77602511108262,1.7760251110826175,0.7557553664181351,UP
دومتي عصير جوافة - 235 مل,2026-05-12,235.0,236.77602511108262,1.7760251110826175,0.7557553664181351,UP
دومتي عصير خوخ - 1لتر,2026-05-12,11.0,11.372423231156523,0.37242323115652276,3.3856657377865704,STABLE
دومتي عصير خوخ - 235 مل,2026-05-12,235.0,236.77602511108262,1.7760251110826175,0.7557553664181351,UP
دومتي عصير كوكتيل - 1 لتر,2026-05-12,11.0,11.372423231156523,0.37242323115652276,3.3856657377865704,STABLE
دومتي عصير كوكتيل - 235 مل,2026-05-12,235.0,236.77602511108262,1.7760251110826175,0.7557553664181351,UP
دومتي كرواسون جبنة بيضاء بطعم الهالبينو الحار - 1 قطعة,2026-05-12,12.0,11.190244903768116,-0.8097550962318838,-6.747959135265698,STABLE
دومتي كرواسون جبنة فيتا بطعم الفلامنك - 1 قطعة,2026-05-12,12.0,11.190244903768116,-0.8097550962318838,-6.747959135265698,STABLE
دون لوبيز خل أبيض طبيعي - 900 مل,2026-05-12,900.0,937.985127594032,37.98512759403195,4.220569732670216,UP
دون لوبيز دقيق شوفان - 500 جرام,2026-05-12,500.0,498.81733030678015,-1.1826696932198502,-0.23653393864397002,DOWN
ديا حقيبة ظهر - متعددة الألوان,2026-05-12,699.0,682.7954637459467,-16.204536254053323,-2.318245529907485,DOWN
ديا شنطة ظهر - شكل ريترو + مقلمة,2026-05-12,499.0,500.93512082968454,1.9351208296845357,0.38779976546784284,UP
ديب الجبنة بوكو لوكو - 300 جرام,2026-05-12,300.0,348.940796161135,48.94079616113498,16.313598720378327,UP
ديب صلصة المكسيكانا الحارة بوكو لوكو - 310 جم,2026-05-12,310.0,322.13614137146266,12.136141371462656,3.9148843133750506,UP
ديباك أطباق ألومنيوم فويل - 5 قطع,2026-05-12,5.0,6.081163175746281,1.0811631757462807,21.623263514925615,UP
ديباك طبق الومنيوم فويل مربع غويط مقاس كبير - 5 قطع,2026-05-12,5.0,6.081163175746281,1.0811631757462807,21.623263514925615,UP
ديباك علبة فويل ألومنيوم لحفظ الطعام - صغيرة - 5 قطع,2026-05-12,5.0,6.081163175746281,1.0811631757462807,21.623263514925615,UP
ديتول أكوا 4 في 1 منظف متعدد الأغراض - 1.3 لتر - 2 قطعة,2026-05-12,8.0,8.669792999125718,0.6697929991257183,8.372412489071479,STABLE
ديتول أكوا منظف ارضيات مضاد للبكتيريا - 650 مل,2026-05-12,650.0,647.6529310393498,-2.3470689606501765,-0.36108753240771946,DOWN
ديتول اورجينال مناديل مبللة للبشرة مضادة للبكتيريا - 10 منادل - 3 عبوات,2026-05-12,10.0,11.391301490230097,1.3913014902300969,13.913014902300969,UP
ديتول سائل معقّم ومطهر - 120 مل,2026-05-12,120.0,122.30096423312601,2.3009642331260096,1.9174701942716748,UP
ديتول سائل معقّم ومطهر - 475 مل,2026-05-12,475.0,473.1377208313207,-1.862279168679322,-0.39205877235354153,DOWN
ديتول سبراي منظف للمطبخ - 500 مل + سبراي منظف للحمامات - 500 مل,2026-05-12,8.0,8.669792999125718,0.6697929991257183,8.372412489071479,STABLE
ديتول منظف ارضيات مضاد للبكتيريا برائحة اللافندر - 650 مل,2026-05-12,650.0,647.6529310393498,-2.3470689606501765,-0.36108753240771946,DOWN
ديتول منظف الحمام 4 في 1 - 500 مل,2026-05-12,4.0,5.242354598104246,1.2423545981042459,31.058864952606147,UP
ديرتي كوكي خليط كوكيز برقائق الشوكولاتة - 456 جرام,2026-05-12,456.0,442.69173941468506,-13.30826058531494,-2.918478198533978,DOWN
ديفا تول منظف سائل متعدد الاستخدامات برائحة التفاح - 250مل,2026-05-12,80.0,79.39538455373024,-0.6046154462697615,-0.7557693078372019,STABLE
ديفا تول منظف سائل متعدد الاستخدامات برائحة التفاح - 500مل,2026-05-12,137.0,139.314642743552,2.314642743552014,1.6895202507678933,UP
ديفا تول منظف سائل متعدد الاستخدامات برائحة التفاح - 700مل,2026-05-12,97.0,99.89792113738127,2.8979211373812745,2.9875475643105927,UP
ديفا تول منظف سائل متعدد الاستخدامات برائحة الصنوبر - 250مل,2026-05-12,80.0,79.39538455373024,-0.6046154462697615,-0.7557693078372019,STABLE
ديفا تول منظف سائل متعدد الاستخدامات برائحة الصنوبر - 250مل - زجاجتين,2026-05-12,29.0,27.96824868271449,-1.0317513172855115,-3.557763163053488,DOWN
ديفا تول منظف سائل متعدد الاستخدامات برائحة الصنوبر - 500مل,2026-05-12,137.0,139.314642743552,2.314642743552014,1.6895202507678933,UP
ديفا تول منظف سائل متعدد الاستخدامات برائحة الصنوبر - 500مل مع منظف برائحة التفاح - 500مل,2026-05-12,169.0,163.46997229805166,-5.530027701948342,-3.272205740797835,DOWN
ديفا تول منظف سائل متعدد الاستخدامات برائحة الصنوبر - 700مل,2026-05-12,97.0,99.89792113738127,2.8979211373812745,2.9875475643105927,UP
ديفا تول منظف سائل متعدد الاستخدامات برائحة اللافندر - 500مل,2026-05-12,137.0,139.314642743552,2.314642743552014,1.6895202507678933,UP
ديلي et70110 دبابيس ورق فضية - 53/9,2026-05-12,53.0,52.44037564897303,-0.5596243510269687,-1.055895001937677,STABLE
ديلي h00410 أستيكة,2026-05-12,25.0,25.64970759619361,0.6497075961936112,2.5988303847744447,STABLE
ديلي أقلام سبورة مع ممحاة,2026-05-12,159.0,155.90076088634078,-3.099239113659223,-1.9492069897227822,DOWN
ديلي ثينك طقم أقلام جاف - 1.0 مم - 5 أقلام - أسود,2026-05-12,5.0,4.8031059229321675,-0.19689407706783246,-3.9378815413566493,STABLE
ديلي دباسة ورقة للمدرسة - 15 ورقة,2026-05-12,15.0,13.942097462805227,-1.0579025371947726,-7.052683581298484,DOWN
ديلي طقم أقلام جاف باستيل - 0.7 مم - 5 أقلام,2026-05-12,5.0,4.8031059229321675,-0.19689407706783246,-3.9378815413566493,STABLE
ديلي مجموعة أدوات مدرسة - 3 أقلام رصاص + أستيكة + براية,2026-05-12,3.0,3.8542162515335114,0.8542162515335114,28.473875051117048,STABLE
ديلي مجموعة أقلام جل - سن 0.5 مم - 3 أقلام - أسود,2026-05-12,3.0,3.8542162515335114,0.8542162515335114,28.473875051117048,STABLE
ديلي مجموعة أقلام جل - سن 0.5 مم - 4 أقلام,2026-05-12,4.0,3.9596229887355,-0.040377011264499885,-1.0094252816124971,STABLE
ديلي مجموعة ادوات رسم هندسي - e959,2026-05-12,50.0,50.77492894589992,0.7749289458999229,1.5498578917998458,STABLE
ديلي مجموعة اقلام ماركر - 4 أقلام,2026-05-12,4.0,8.058520593141752,4.058520593141752,101.4630148285438,UP
ديلي مشابك ورق - 29 مم - 100 قطعة - ألوان متنوعة,2026-05-12,29.0,28.249948672233135,-0.7500513277668652,-2.5863838888512594,STABLE
ديميتا رول فويل ألومنيوم - 8 متر في 40 سم,2026-05-12,8.0,8.669792999125718,0.6697929991257183,8.372412489071479,STABLE
ديميتا رول فويل ألومنيوم فرن - 20 متر في 30 سم - 3 غطاء,2026-05-12,20.0,19.357212583018235,-0.6427874169817649,-3.2139370849088245,STABLE
ديميتا رول فويل الومنيوم - 35 سم * 20 متر,2026-05-12,35.0,34.03939855845269,-0.9606014415473112,-2.744575547278032,STABLE
ديميتا رول فويل الومنيوم بمنشار لتسهيل القطع - 60 متر × 40 سم,2026-05-12,60.0,57.43350667126746,-2.566493328732541,-4.2774888812209015,DOWN
ذا جود هابيتس بار بروتين بالشوكولاتة وزبدة الفول السوداني - 60 جرام,2026-05-12,60.0,60.24883998740697,0.2488399874069671,0.41473331234494515,STABLE
ذا جود هابيتس بار بروتين بالكابتشينو - 60 جرام,2026-05-12,60.0,60.24883998740697,0.2488399874069671,0.41473331234494515,STABLE
ذا جود هابيتس بوست بار بروتين بنكهة الكوكيز والكريمة - 60 جرام,2026-05-12,60.0,60.24883998740697,0.2488399874069671,0.41473331234494515,STABLE
ذا جود هابيتس بوست بار بروتين بنكهة شوكولاتة فادج براوني - 60 جرام,2026-05-12,60.0,60.24883998740697,0.2488399874069671,0.41473331234494515,STABLE
ذا ميلك مان أيس كوفى لاتيه - 250 مل,2026-05-12,250.0,247.28112526171415,-2.718874738285848,-1.0875498953143392,DOWN
ذرة حلوة امريكانا - 400 جم,2026-05-12,400.0,402.4222507967035,2.4222507967035085,0.6055626991758771,UP
ذرة سكرية حب جيفركس - 250جم,2026-05-12,34.0,33.567058625239106,-0.4329413747608939,-1.2733569845908643,STABLE
ذرة سكرية كاملة جيفركس - 760جم,2026-05-12,89.0,91.36306969247919,2.3630696924791863,2.65513448593167,UP
رأس ممسحة سبونتكس,2026-05-12,259.0,238.47929670648907,-20.520703293510934,-7.923051464676037,DOWN
رأس ممسحة مايكروفايبر من فيليدا,2026-05-12,440.0,445.6641587448608,5.664158744860799,1.2873088056501816,UP
رائحة البرتقال دون لوبيز - 30 مل,2026-05-12,30.0,30.645875743080058,0.6458757430800581,2.1529191436001938,STABLE
رائحة البندق دون لوبيز - 30 مل,2026-05-12,30.0,30.645875743080058,0.6458757430800581,2.1529191436001938,STABLE
رائحة الزبدة دون لوبيز - 30 مل,2026-05-12,30.0,30.645875743080058,0.6458757430800581,2.1529191436001938,STABLE
رائحة السمن دون لوبيز - 30 مل,2026-05-12,30.0,30.645875743080058,0.6458757430800581,2.1529191436001938,STABLE
رائحة اللوز دون لوبيز - 30 مل,2026-05-12,30.0,30.645875743080058,0.6458757430800581,2.1529191436001938,STABLE
رائحة جوز الهند دون لوبيز - 30 مل,2026-05-12,30.0,30.645875743080058,0.6458757430800581,2.1529191436001938,STABLE
راز باوند كيك فانيليا - 225 جرام,2026-05-12,225.0,220.8439442780881,-4.156055721911912,-1.8471358764052943,DOWN
راز باوند كيك ماربل - 225 جرام,2026-05-12,225.0,220.8439442780881,-4.156055721911912,-1.8471358764052943,DOWN
راز كب كيك بالشوكولاتة,2026-05-12,5.0,5.623358437638756,0.623358437638756,12.46716875277512,STABLE
رافيز بلح الشام - 400 جم,2026-05-12,400.0,404.06172847209876,4.061728472098764,1.015432118024691,UP
رافيز جيلي أناناس - 70 جرام,2026-05-12,70.0,71.21322566317409,1.2132256631740859,1.7331795188201227,UP
رافيز جيلي فراولة - 70 جرام,2026-05-12,70.0,71.21322566317409,1.2132256631740859,1.7331795188201227,UP
رافيز جيلي مانجو - 70 جم,2026-05-12,70.0,71.21322566317409,1.2132256631740859,1.7331795188201227,UP
رافيز خلطة الأمريكان كوكيز - 400 جرام,2026-05-12,400.0,404.06172847209876,4.061728472098764,1.015432118024691,UP
رافيز خلطة البيتزا - 400 جرام,2026-05-12,400.0,404.06172847209876,4.061728472098764,1.015432118024691,UP
رافيز خلطة سبونج كيك شوكولاتة - 400 جرام,2026-05-12,400.0,404.06172847209876,4.061728472098764,1.015432118024691,UP
رافيز خلطة سبونج كيك فانيليا - 500 جرام,2026-05-12,500.0,498.81733030678015,-1.1826696932198502,-0.23653393864397002,DOWN
رافيز خلطة كيك الفانيليا - 400 جرام,2026-05-12,400.0,404.06172847209876,4.061728472098764,1.015432118024691,UP
رافيز خليط مافن - 400 جم,2026-05-12,400.0,404.06172847209876,4.061728472098764,1.015432118024691,UP
رافيز كاسترد - 70 جرام,2026-05-12,70.0,71.21322566317409,1.2132256631740859,1.7331795188201227,UP
رافيز كيكة إنجليزية بالبرتقال - 400 جم,2026-05-12,400.0,404.06172847209876,4.061728472098764,1.015432118024691,UP
رافيز مافن كيك بالشوكولاتة - 400 جم,2026-05-12,400.0,404.06172847209876,4.061728472098764,1.015432118024691,UP
رافيز مسحوق الكريم شانتيه - 200 جرام,2026-05-12,200.0,202.1751499873623,2.175149987362289,1.0875749936811445,UP
راني عصير حبيبات جوافة - 240 مل,2026-05-12,240.0,245.9541310463245,5.954131046324505,2.480887935968544,UP
ربيع شاى اثقل 100ف,2026-05-12,119.0,125.767291359753,6.767291359753003,5.686799461977313,UP
ربيع شاي أسود ناعم قوي - 100 جرام,2026-05-12,100.0,103.89301896000244,3.8930189600024363,3.893018960002436,UP
ربيع شاي سايب الأقوى - 250 جرام,2026-05-12,250.0,247.28112526171415,-2.718874738285848,-1.0875498953143392,DOWN
ربيع شاي فتلة - 100 جرام,2026-05-12,100.0,103.89301896000244,3.8930189600024363,3.893018960002436,UP
رقائق ألومنيوم متعددة الاستخدامات من سانيتا - 40 متر,2026-05-12,40.0,39.55149864665351,-0.44850135334648655,-1.1212533833662164,STABLE
رقائق البطاطس المطبوخة تايجر بطعم الخل والملح,2026-05-12,10.0,12.757280423343431,2.757280423343431,27.57280423343431,UP
رقائق البطاطس المطبوخة تايجر بطعم المخلل والجبن,2026-05-12,10.0,12.757280423343431,2.757280423343431,27.57280423343431,UP
رقائق البطاطس بونكي لونج بنكهة العسل والبربكيو - 75 جرام,2026-05-12,75.0,75.46708390546387,0.46708390546386624,0.6227785406184883,STABLE
رقائق البطاطس تايجر إكسلنس بنكهة السلمون المدخن النرويجي - 90 جرام,2026-05-12,10.0,12.757280423343431,2.757280423343431,27.57280423343431,UP
رقائق البطاطس تايجر إكسلنس بنكهة طماطم مخلله و جبنه كريمى - 90 جرام,2026-05-12,10.0,12.757280423343431,2.757280423343431,27.57280423343431,UP
رقائق البطاطس تايجر إكسلنس بنكهة كاتشب هالبينو لاذع - 90 جرام,2026-05-12,10.0,12.757280423343431,2.757280423343431,27.57280423343431,UP
رقائق البطاطس رو بالكريمة الحمضية و الأعشاب - 40 جرام,2026-05-12,40.0,41.201266700656554,1.2012667006565536,3.003166751641384,UP
رقائق البطاطس رو بالهالبينو - 40 جرام,2026-05-12,40.0,41.201266700656554,1.2012667006565536,3.003166751641384,UP
رقائق البطاطس رو بجبنة الشيدروالبصل الأخضر - 40 جرام,2026-05-12,40.0,41.201266700656554,1.2012667006565536,3.003166751641384,UP
رقائق البطاطس رو بلفلفل الحلو - 40 جرام,2026-05-12,40.0,41.201266700656554,1.2012667006565536,3.003166751641384,UP
رقائق البطاطس لايون زجز بطعم التوابل - 53 جرام,2026-05-12,53.0,53.02472516671144,0.024725166711441204,0.04665125794611548,STABLE
رقائق البطاطس لايون زجز بطعم الجبنة المتبلة - 53 جرام,2026-05-12,53.0,53.02472516671144,0.024725166711441204,0.04665125794611548,STABLE
رقائق البطاطس لايون زجز بطعم الطماطم والهالبينو - 53 جرام,2026-05-12,53.0,53.02472516671144,0.024725166711441204,0.04665125794611548,STABLE
رقائق البطاطس لايون زجز بطعم الفلفل الحار والليمون - 53 جرام,2026-05-12,53.0,53.02472516671144,0.024725166711441204,0.04665125794611548,STABLE
رقائق التورتيلا ميشن ناتشوز بطعم الباربكيو المدخن الحلو - 175 جرام,2026-05-12,175.0,176.17970545355607,1.1797054535560676,0.6741174020320386,UP
رقائق التورتيلا ميشن ناتشوز بطعم الشطة - 175 جرام,2026-05-12,175.0,176.17970545355607,1.1797054535560676,0.6741174020320386,UP
رقائق الذرة إمتنان - 400 جرام,2026-05-12,400.0,404.06172847209876,4.061728472098764,1.015432118024691,UP
رقائق الشوكولاتة من حاج عرفة,2026-05-12,65.0,68.1427516608219,3.142751660821901,4.835002555110616,UP
رقائق باف باستري مولتو فورني - 10 شرائح,2026-05-12,10.0,12.179613958929766,2.1796139589297656,21.796139589297656,UP
رقائق بطاطس إيجل بالخل والملح - 150-160 جرام,2026-05-12,150.0,157.0301259011403,7.030125901140309,4.686750600760206,UP
رقائق بطاطس إيجل بالكاتشب - 150-160 جرام,2026-05-12,150.0,157.0301259011403,7.030125901140309,4.686750600760206,UP
رقائق بطاطس بالخل والملح مصنوعة يدويا هانترز جورميه - 50 جم,2026-05-12,50.0,51.475741695197456,1.4757416951974562,2.9514833903949125,UP
رقائق بطاطس بالفلفل الحار مصنوعة يدويا هانترز جورميه - 125 جم,2026-05-12,125.0,127.99756702743421,2.997567027434215,2.3980536219473723,UP
رقائق بطاطس بالملح مصنوعة يدويا هانترز جورميه - 125 جم,2026-05-12,125.0,127.99756702743421,2.997567027434215,2.3980536219473723,UP
رقائق بطاطس بالملح مصنوعة يدويا هانترز جورميه - 50 جم,2026-05-12,50.0,51.475741695197456,1.4757416951974562,2.9514833903949125,UP
رقائق بطاطس بيج شيبس بالشطة الحلوة - 53جرام,2026-05-12,10.0,12.757280423343431,2.757280423343431,27.57280423343431,UP
رقائق بطاطس بيج شيبس بالليمون الحلو - 53جرام,2026-05-12,10.0,12.757280423343431,2.757280423343431,27.57280423343431,UP
رقائق بطاطس تايجر اكسلانس بطعم الزبادي والأعشاب - 104 جرام,2026-05-12,10.0,12.757280423343431,2.757280423343431,27.57280423343431,UP
رقائق بطاطس تايجر بطعم الجبنة المتبلة - 53 جرام,2026-05-12,53.0,53.02472516671144,0.024725166711441204,0.04665125794611548,STABLE
رقائق بطاطس تايجر بطعم الطماطم - 53 جرام,2026-05-12,53.0,53.02472516671144,0.024725166711441204,0.04665125794611548,STABLE
رقائق بطاطس جاغوار بنكهة الدجاج الكوري,2026-05-12,10.0,12.757280423343431,2.757280423343431,27.57280423343431,UP
رقائق بطاطس رو كرينكلز بطعم الاعشاب والبيستو - 70 جم,2026-05-12,70.0,71.21322566317409,1.2132256631740859,1.7331795188201227,UP
رقائق بطاطس رو كرينكلز بطعم الزبدة والفلفل الأسود - 70 جم,2026-05-12,70.0,71.21322566317409,1.2132256631740859,1.7331795188201227,UP
رقائق بطاطس رو مطبوخة بطعم الباربكيو الحلو - 75 جم,2026-05-12,75.0,75.46708390546387,0.46708390546386624,0.6227785406184883,STABLE
رقائق بطاطس رو مطبوخة بطعم الليمون الحار - 75 جم,2026-05-12,75.0,75.46708390546387,0.46708390546386624,0.6227785406184883,STABLE
رقائق بطاطس رو مطبوخة بطعم الوايت ترافيل - 75 جم,2026-05-12,75.0,75.46708390546387,0.46708390546386624,0.6227785406184883,STABLE
رقائق بطاطس شيبسي بالخل والملح - 65 جرام,2026-05-12,65.0,68.1427516608219,3.142751660821901,4.835002555110616,UP
رقائق بطاطس شيبسي بالشطة والليمون - 108-118 جرام,2026-05-12,108.0,109.70917434065234,1.7091743406523392,1.582568833937351,UP
رقائق بطاطس شيبسي بالطماطم - 65 جم,2026-05-12,65.0,68.1427516608219,3.142751660821901,4.835002555110616,UP
رقائق بطاطس شيبسي بالفلفل الحلو - 64 جرام,2026-05-12,64.0,69.01507224580804,5.015072245808042,7.836050384075066,UP
رقائق بطاطس شيبسي بطعم الملح - 65 جم,2026-05-12,65.0,68.1427516608219,3.142751660821901,4.835002555110616,UP
رقائق بطاطس شيبسي بطعم بالجبنة - 130 جرام,2026-05-12,130.0,144.33277588917667,14.332775889176673,11.025212222443596,UP
رقائق بطاطس شيبسي ويفي بطعم الليمون بالكزبرة - 77 جرام,2026-05-12,77.0,76.66144981790885,-0.3385501820911543,-0.4396755611573432,STABLE
رقائق بطاطس كادووه بالجبنة - 20-30 جم,2026-05-12,20.0,20.03650346175373,0.03650346175372832,0.18251730876864158,STABLE
رقائق بطاطس كادووه بالجبنة - 90-100 جم,2026-05-12,90.0,94.78105936589668,4.781059365896681,5.3122881843296454,UP
رقائق بطاطس كادووه بالجبنة المتبلة - 50-60 جم,2026-05-12,50.0,51.475741695197456,1.4757416951974562,2.9514833903949125,UP
رقائق بطاطس كادووه بالخل والملح - 20-30 جم,2026-05-12,20.0,20.03650346175373,0.03650346175372832,0.18251730876864158,STABLE
رقائق بطاطس كادووه بالخل والملح - 50-60 جم,2026-05-12,50.0,51.475741695197456,1.4757416951974562,2.9514833903949125,UP
رقائق بطاطس كادووه بالخل والملح - 90-100 جم,2026-05-12,90.0,94.78105936589668,4.781059365896681,5.3122881843296454,UP
رقائق بطاطس كادووه بالشطة والليمون - 20-30 جم,2026-05-12,20.0,20.03650346175373,0.03650346175372832,0.18251730876864158,STABLE
رقائق بطاطس كادووه بالشطة والليمون - 50-60 جم,2026-05-12,50.0,51.475741695197456,1.4757416951974562,2.9514833903949125,UP
رقائق بطاطس كادووه بالشطة والليمون - 90-100 جم,2026-05-12,90.0,94.78105936589668,4.781059365896681,5.3122881843296454,UP
رقائق بطاطس كادووه بالكاتشب - 20-30 جم,2026-05-12,20.0,20.03650346175373,0.03650346175372832,0.18251730876864158,STABLE
رقائق بطاطس كادووه بالكاتشب - 50-60 جم,2026-05-12,50.0,51.475741695197456,1.4757416951974562,2.9514833903949125,UP
رقائق بطاطس كادووه بالكاتشب - 90-100 جم,2026-05-12,90.0,94.78105936589668,4.781059365896681,5.3122881843296454,UP
رقائق بطاطس كادووه بطعم الملح - 100-90 جرام,2026-05-12,100.0,102.07746009759929,2.0774600975992854,2.0774600975992854,UP
رقائق بطاطس كادووه بطعم الملح - 20-30 جرام,2026-05-12,20.0,20.03650346175373,0.03650346175372832,0.18251730876864158,STABLE
رقائق بطاطس كادووه بطعم الملح - 50-60 جرام,2026-05-12,50.0,51.475741695197456,1.4757416951974562,2.9514833903949125,UP
رقائق تورتيلا دوريتوس بنكهة الليمون الحار - 70 جرام,2026-05-12,70.0,71.21322566317409,1.2132256631740859,1.7331795188201227,UP
رقائق دجاج شهد - 400 جرام,2026-05-12,32.0,31.707030029934533,-0.2929699700654673,-0.9155311564545854,STABLE
رقائق فريتا المقلية بتوابل خاصة - 40 جم,2026-05-12,40.0,41.201266700656554,1.2012667006565536,3.003166751641384,UP
رقائق فريتا المقلية بجبنة الناتشو - 40 جم,2026-05-12,40.0,41.201266700656554,1.2012667006565536,3.003166751641384,UP
رقائق فريتا المقلية بفلفل هالبينو الحار - 40 جم,2026-05-12,40.0,41.201266700656554,1.2012667006565536,3.003166751641384,UP
رقائق فريتا المقلية بكاتشب الطماطم - 40 جم,2026-05-12,40.0,41.201266700656554,1.2012667006565536,3.003166751641384,UP
رقائق فريتا المقلية بملح البحر - 40 جم,2026-05-12,40.0,41.201266700656554,1.2012667006565536,3.003166751641384,UP
رو رقائق بطاطس مطبوخة بطعم الكريمة الحامضة والأعشاب - 55 جم,2026-05-12,55.0,55.81169654731449,0.8116965473144901,1.4758119042081639,STABLE
رو رقائق بطاطس مطبوخة بطعم الكريمة الحامضة والأعشاب - 90 جم,2026-05-12,90.0,94.78105936589668,4.781059365896681,5.3122881843296454,UP
رو رقائق بطاطس مطبوخة بطعم الهالبينو - 55 جم,2026-05-12,55.0,55.81169654731449,0.8116965473144901,1.4758119042081639,STABLE
رو رقائق بطاطس مقلية بطعم الجبنة الشيدر والبصل - 55 جم,2026-05-12,55.0,55.81169654731449,0.8116965473144901,1.4758119042081639,STABLE
رو رقائق بطاطس مقلية بطعم الجبنة الشيدر والبصل - 90 جم,2026-05-12,90.0,94.78105936589668,4.781059365896681,5.3122881843296454,UP
رو رقائق بطاطس مقلية بطعم الفلفل الحلو - 55 جم,2026-05-12,55.0,62.85630502185605,7.856305021856052,14.284190948829185,UP
رو رقائق بطاطس مقلية بطعم الملح - 55 جم,2026-05-12,55.0,55.81169654731449,0.8116965473144901,1.4758119042081639,STABLE
رو رقائق بطاطس مقلية بطعم الملح - 90 جم,2026-05-12,90.0,94.78105936589668,4.781059365896681,5.3122881843296454,UP
رو رقائق بطاطس مقلية بطعم الملح والخل - 90 جم,2026-05-12,90.0,94.78105936589668,4.781059365896681,5.3122881843296454,UP
رو رقائق بطاطس مقلية بطعم الهالبينو - 90 جم,2026-05-12,90.0,94.78105936589668,4.781059365896681,5.3122881843296454,UP
روتس أعشاب ليمون بالزنجبيل - 12 فتلة,2026-05-12,12.0,11.787877236579112,-0.2121227634208882,-1.7676896951740684,STABLE
روتس أعشاب ليمون بالزنجبيل - 20 فتلة,2026-05-12,20.0,19.3112000698131,-0.6887999301868994,-3.443999650934497,STABLE
روتس ليمون بالنعناع - 30 كيس,2026-05-12,30.0,29.464638089234786,-0.5353619107652143,-1.7845397025507144,STABLE
روزيلا اصابع موزاريلا - 300 جم,2026-05-12,300.0,313.51211900361875,13.51211900361875,4.504039667872917,UP
روزيلا جلاش - 400 جم,2026-05-12,400.0,402.4222507967035,2.4222507967035085,0.6055626991758771,UP
روزيلا سبرينج رولز بالجبنة - 350 جم,2026-05-12,350.0,349.432895259994,-0.5671047400060161,-0.16202992571600458,STABLE
روزيلا سبرينج رولز بالخضروات - 350 جم,2026-05-12,350.0,349.432895259994,-0.5671047400060161,-0.16202992571600458,STABLE
روزيلا سبرينج رولز بالدجاج - 350 جم,2026-05-12,350.0,349.432895259994,-0.5671047400060161,-0.16202992571600458,STABLE
روزيلا سمبوسك بالشيدر - 350 جم,2026-05-12,350.0,349.432895259994,-0.5671047400060161,-0.16202992571600458,STABLE
روزيلا سمبوسك باللحمة - 350 جم,2026-05-12,350.0,349.432895259994,-0.5671047400060161,-0.16202992571600458,STABLE
روستى ستربس الدجاج - 350 جرام,2026-05-12,350.0,349.432895259994,-0.5671047400060161,-0.16202992571600458,STABLE
روستي أصابع دجاج حارة - 350 جم,2026-05-12,350.0,349.432895259994,-0.5671047400060161,-0.16202992571600458,STABLE
روستي بانيه دجاج كرانشي - 900 جم,2026-05-12,900.0,788.7844541515689,-111.21554584843113,-12.357282872047904,DOWN
روستي بانيه دجاج كرانشي حار - 900 جم,2026-05-12,900.0,788.7844541515689,-111.21554584843113,-12.357282872047904,DOWN
روستي ستربس دجاج حار - 350 جم,2026-05-12,350.0,349.432895259994,-0.5671047400060161,-0.16202992571600458,STABLE
رول أكياس ثلاجة الفتح هاي ستار - 35 * 20 سم - 75 كيس,2026-05-12,35.0,34.03939855845269,-0.9606014415473112,-2.744575547278032,STABLE
رول أكياس ثلاجة الفتح هاي ستار - 40 * 25 سم - 75 كيس,2026-05-12,40.0,39.55149864665351,-0.44850135334648655,-1.1212533833662164,STABLE
رول أكياس قمامة ماي تشويس - 70 * 90 سم - 750 جرام,2026-05-12,70.0,67.9346681176458,-2.065331882354201,-2.9504741176488585,DOWN
رول أكياس قمامة ماي تشويس - 90 * 120 سم - 750 جرام,2026-05-12,90.0,93.6626749536037,3.662674953603698,4.069638837337442,UP
رول ألمونيوم فويل أحمر من سانيتا، 10متر,2026-05-12,115.0,131.118650149613,16.11865014961299,14.016217521402599,UP
رول اكياس زباله الفتح برابطه - 50 * 30 سم - 50 كيس,2026-05-12,50.0,49.76216375973339,-0.23783624026660988,-0.4756724805332197,STABLE
رول اكياس قمامة الفتح، 70x90 سم - 10 كيس,2026-05-12,10.0,11.391301490230097,1.3913014902300969,13.913014902300969,UP
رول اكياس قمامة المصري، 60x70 سم - 15 كيس,2026-05-12,15.0,14.64883427504906,-0.3511657249509401,-2.3411048330062676,STABLE
رول اكياس قمامة بشريطة الفتح - 70 * 90 سم,2026-05-12,70.0,67.9346681176458,-2.065331882354201,-2.9504741176488585,DOWN
رول اكياس قمامة بشريطة هاي ستار - 70 * 90 سم - 10 كيس,2026-05-12,70.0,67.9346681176458,-2.065331882354201,-2.9504741176488585,DOWN
رول اكياس قمامة بشريطة هاي ستار، 60 * 70 سم - 15 كيس,2026-05-12,60.0,57.43350667126746,-2.566493328732541,-4.2774888812209015,DOWN
رول باف باستري مولتو فورني - 430 جرام,2026-05-12,430.0,439.03777635153784,9.037776351537843,2.1018084538460102,UP
رول تغليف الطعام ديمتا - 20 متر x 40 سم,2026-05-12,20.0,19.357212583018235,-0.6427874169817649,-3.2139370849088245,STABLE
رول تغليف الطعام هوم جيني - 20 متر × 30 سم,2026-05-12,20.0,19.357212583018235,-0.6427874169817649,-3.2139370849088245,STABLE
رول زباله الفتح - 60 * 40 سم - 40 كيس,2026-05-12,60.0,57.43350667126746,-2.566493328732541,-4.2774888812209015,DOWN
رول زباله الفتح - 60×40 سم - 30 كيس,2026-05-12,60.0,57.43350667126746,-2.566493328732541,-4.2774888812209015,DOWN
رول فويل سانيتا متعدد الاستخدامات - 60 متر,2026-05-12,60.0,57.43350667126746,-2.566493328732541,-4.2774888812209015,DOWN
رول قمامة ماى شويس- 60*70 سم - 750 جم,2026-05-12,60.0,57.43350667126746,-2.566493328732541,-4.2774888812209015,DOWN
رول ماى شويس كلينج فيلم - 50 متر,2026-05-12,50.0,49.76216375973339,-0.23783624026660988,-0.4756724805332197,STABLE
رول مطبخ وايت ماجيك - 6 رول,2026-05-12,6.0,7.109818969169242,1.1098189691692424,18.49698281948737,UP
رول مفرش سفرة حسام بلاستيك - 110 * 110 سم - 3 رول,2026-05-12,110.0,110.57980546881105,0.5798054688110454,0.5270958807373141,STABLE
رول مفرش سفرة ماي تشويس، 15 مفرش - 2+1 رول,2026-05-12,15.0,13.942097462805227,-1.0579025371947726,-7.052683581298484,DOWN
رول مفرش سفرة من فرست وان، 110×110 سم - 15 مفرش - 6 رول - أبيض,2026-05-12,110.0,110.57980546881105,0.5798054688110454,0.5270958807373141,STABLE
رول مناديل زينه اكس اكس لارج جامبو متعددة الاستخدامات - 918 جرام,2026-05-12,19.0,18.661461897953068,-0.33853810204693247,-1.7817794844575394,STABLE
رول ورق ألومنيوم حسام - 40×50 متر,2026-05-12,40.0,39.55149864665351,-0.44850135334648655,-1.1212533833662164,STABLE
رول ورق تواليت ايكو - 12 رول,2026-05-12,12.0,11.878035085385122,-0.12196491461487824,-1.0163742884573188,STABLE
رول ورق زبدة ديميتا - 20 * 40 سم,2026-05-12,20.0,19.357212583018235,-0.6427874169817649,-3.2139370849088245,STABLE
رومانس مناديل مطبخ - 8 بكرة,2026-05-12,8.0,8.669792999125718,0.6697929991257183,8.372412489071479,STABLE
رووتس أعشاب قرفة بالزنجبيل - 20 فتلة,2026-05-12,20.0,19.3112000698131,-0.6887999301868994,-3.443999650934497,STABLE
رووتس أعشاب كركديه - 20 فتلة,2026-05-12,20.0,19.3112000698131,-0.6887999301868994,-3.443999650934497,STABLE
رووتس أعشاب كركديه - 50 فتلة,2026-05-12,50.0,49.750238709318246,-0.24976129068175368,-0.4995225813635073,STABLE
رووتس أعشاب يانسون - 20 فتلة,2026-05-12,20.0,19.3112000698131,-0.6887999301868994,-3.443999650934497,STABLE
رووتس أعشاب يانسون - 50 فتلة,2026-05-12,50.0,49.750238709318246,-0.24976129068175368,-0.4995225813635073,STABLE
رووتس قهوة بالكريمة 2 في 1 - 12 جرام,2026-05-12,2.0,5.219324704621356,3.2193247046213562,160.9662352310678,UP
رووتس قهوة بالكريمة 2 في 1 - 12 جرام - 12 كيس,2026-05-12,2.0,5.219324704621356,3.2193247046213562,160.9662352310678,UP
رووتس قهوة بالكريمة 3 في 1 - 12 جرام,2026-05-12,3.0,5.219324704621356,2.2193247046213562,73.97749015404521,UP
رويال أعشاب بردقوش - 12 فتلة,2026-05-12,12.0,11.787877236579112,-0.2121227634208882,-1.7676896951740684,STABLE
رويال أعشاب تيليو - 20 فتلة,2026-05-12,20.0,19.3112000698131,-0.6887999301868994,-3.443999650934497,STABLE
رويال أعشاب زنجبيل - 12 فتلة,2026-05-12,12.0,11.787877236579112,-0.2121227634208882,-1.7676896951740684,STABLE
رويال أعشاب كركدية - 12 فتلة,2026-05-12,12.0,11.787877236579112,-0.2121227634208882,-1.7676896951740684,STABLE
رويال أعشاب ليمون زنجبيل - 12 كيس,2026-05-12,12.0,11.787877236579112,-0.2121227634208882,-1.7676896951740684,STABLE
رويال أعشاب نعناع - 20 فتلة,2026-05-12,20.0,19.3112000698131,-0.6887999301868994,-3.443999650934497,STABLE
رويال بردقوش - 20 كيس,2026-05-12,20.0,19.3112000698131,-0.6887999301868994,-3.443999650934497,STABLE
رويال شاى إيرل جراى - 20 كيس شاي,2026-05-12,20.0,19.3112000698131,-0.6887999301868994,-3.443999650934497,STABLE
رويال شاي أسود - 20 كيس شاي,2026-05-12,20.0,19.3112000698131,-0.6887999301868994,-3.443999650934497,STABLE
رويال شاي أسود - 50 كيس شاي,2026-05-12,50.0,49.750238709318246,-0.24976129068175368,-0.4995225813635073,STABLE
رويال شاي أسود بالمريمية - 20 فتلة,2026-05-12,20.0,19.3112000698131,-0.6887999301868994,-3.443999650934497,STABLE
رويال شاي بالنعناع - 20 فتلة,2026-05-12,20.0,19.3112000698131,-0.6887999301868994,-3.443999650934497,STABLE
رويال شاي ريجيم بطعم القرفة - 50 فتلة,2026-05-12,50.0,49.750238709318246,-0.24976129068175368,-0.4995225813635073,STABLE
رويال شراب التيليو بأوراق الجوافة الطبيعية - 12 كيس,2026-05-12,12.0,11.787877236579112,-0.2121227634208882,-1.7676896951740684,STABLE
رويال كاموميل - 20 كيس,2026-05-12,20.0,19.3112000698131,-0.6887999301868994,-3.443999650934497,STABLE
رويال نعناع - 12 كيس,2026-05-12,12.0,11.787877236579112,-0.2121227634208882,-1.7676896951740684,STABLE
ريتاج جلاش - 350 جرام,2026-05-12,350.0,349.432895259994,-0.5671047400060161,-0.16202992571600458,STABLE
ريتاج عجينة سمبوسة - 350 جرام,2026-05-12,350.0,349.432895259994,-0.5671047400060161,-0.16202992571600458,STABLE
ريتش بيك بقسماط مطحون - 400 جرام,2026-05-12,400.0,408.22130673412056,8.22130673412056,2.05532668353014,UP
ريتش بيك خبز فينو,2026-05-12,29.0,28.429478522888573,-0.5705214771114271,-1.9673154383152658,STABLE
ريتش بيك خلطة بانيه ناعمة - 450 جرام,2026-05-12,450.0,442.6161287168161,-7.3838712831839075,-1.6408602851519793,DOWN
ريتش بيك عيش فينو بسمسم - 4 قطع,2026-05-12,4.0,4.765568774246742,0.7655687742467423,19.139219356168557,STABLE
ريتش بيك عيش لبناني - 300 جرام,2026-05-12,300.0,324.8486375741334,24.84863757413342,8.282879191377807,UP
ريتش ميكس قهوة جولد - 1.8 جم,2026-05-12,1.8,5.219324704621356,3.4193247046213564,189.96248359007535,UP
ريتش ميكس قهوة سريعة الذوبان - علبة - 1.8 جرام - 25 كيس,2026-05-12,1.8,5.219324704621356,3.4193247046213564,189.96248359007535,UP
ريتش ميكس مبيض القهوة - 300 جم,2026-05-12,300.0,348.940796161135,48.94079616113498,16.313598720378327,UP
ريتش ميكس مسحوق كاكاو - 100 جم,2026-05-12,100.0,102.07746009759929,2.0774600975992854,2.0774600975992854,UP
ريحانة سكر أبيض - 1 كجم,2026-05-12,37.0,43.30642783910682,6.306427839106817,17.044399565153558,UP
ريحانة سكر بودرة - 1 كجم,2026-05-12,61.0,60.45455212794831,-0.5454478720516889,-0.8941768394289982,STABLE
ريحاني أقماع بخور برائحة المسك - 10 قطع,2026-05-12,10.0,11.391301490230097,1.3913014902300969,13.913014902300969,UP
ريد بُل مشروب الطاقة - 250 مل,2026-05-12,250.0,247.28112526171415,-2.718874738285848,-1.0875498953143392,DOWN
ريد بُل مشروب الطاقة - جوز الهند والتوت - 250 مل - 4 عبوات,2026-05-12,7.0,8.181922271774567,1.1819222717745674,16.88460388249382,UP
ريد بُل مشروب الطاقة - خالي من السكر - 250 مل,2026-05-12,250.0,247.28112526171415,-2.718874738285848,-1.0875498953143392,DOWN
ريد بُل مشروب الطاقة - خالي من السكر - 250 مل - 4 عبوات,2026-05-12,7.0,8.181922271774567,1.1819222717745674,16.88460388249382,UP
ريد سائل طارد للناموس اعادة تعبئة - 300 ساعة,2026-05-12,300.0,337.2274695262168,37.227469526216794,12.409156508738931,UP
ريد للحشرات الزاحفة - 300 مل,2026-05-12,300.0,337.2274695262168,37.227469526216794,12.409156508738931,UP
ريفويلا كبة شامي - 360 جرام,2026-05-12,360.0,363.9650447021905,3.9650447021904824,1.1014013061640229,UP
ريفيولا بطاطس روندال - 350 جرام,2026-05-12,350.0,349.432895259994,-0.5671047400060161,-0.16202992571600458,STABLE
ريفيولا بيتزا سوبر سوبريم - 525 جرام,2026-05-12,525.0,503.7165498223794,-21.28345017762058,-4.053990510022968,DOWN
ريفيولا بيتزا فراخ - 525 جرام,2026-05-12,525.0,503.7165498223794,-21.28345017762058,-4.053990510022968,DOWN
ريفيولا جبلاش فاخر - 400 جرام,2026-05-12,400.0,402.4222507967035,2.4222507967035085,0.6055626991758771,UP
ريفيولا دجاج كرسبي - 350 جرام,2026-05-12,350.0,349.432895259994,-0.5671047400060161,-0.16202992571600458,STABLE
ريفيولا سبرنج رولز جبنة - 350 جم,2026-05-12,350.0,349.432895259994,-0.5671047400060161,-0.16202992571600458,STABLE
ريفيولا سبرنج رولز خضار - 350 جم,2026-05-12,350.0,349.432895259994,-0.5671047400060161,-0.16202992571600458,STABLE
ريفيولا سمبوسة بالجبنة - 350 جم,2026-05-12,350.0,349.432895259994,-0.5671047400060161,-0.16202992571600458,STABLE
ريفيولا هوت دوج رولز - 320 جرام,2026-05-12,320.0,320.3851706967764,0.385170696776413,0.12036584274262908,STABLE
ريفيولا ورق عنب بالزيت - 500 جم,2026-05-12,500.0,507.5384005868036,7.538400586803618,1.5076801173607237,UP
رينا مورا مجموعة فوط إسفنجية شديدة الامتصاص - 5 قطع,2026-05-12,5.0,6.081163175746281,1.0811631757462807,21.623263514925615,UP
رينامورا أكورديون مضخة - لارجرينامورا أكورديون مضخة - لارج,2026-05-12,195.0,197.60379532739867,2.6037953273986716,1.3352796550762418,UP
رينامورا أوريجينال ممسحة,2026-05-12,95.0,97.3396286257043,2.339628625704293,2.4627669744255716,UP
رينامورا ايكو ممسحة مايكروفايبر,2026-05-12,95.0,97.3396286257043,2.339628625704293,2.4627669744255716,UP
رينامورا بطانة ورقية كبيرة للمقلاة الهوائية - 50 قطعة,2026-05-12,50.0,49.76216375973339,-0.23783624026660988,-0.4756724805332197,STABLE
رينامورا بطانة ورقية مربعة للمقلاة الهوائية - 50 قطعة,2026-05-12,50.0,49.76216375973339,-0.23783624026660988,-0.4756724805332197,STABLE
رينامورا تويست عصا مقشة معدن,2026-05-12,95.0,97.3396286257043,2.339628625704293,2.4627669744255716,UP
رينامورا جاروف بيد - حجم جامبو,2026-05-12,419.0,421.84608893870404,2.8460889387040424,0.6792575032706545,UP
رينامورا رأس ممسحة بي في ايه - 27 سم,2026-05-12,27.0,26.309684620886987,-0.690315379113013,-2.5567236263444926,STABLE
رينامورا رأس ممسحة بي في ايه - 38 سم,2026-05-12,38.0,36.14810274971753,-1.8518972502824695,-4.873413816532814,DOWN
رينامورا سوبر مقشة,2026-05-12,95.0,97.3396286257043,2.339628625704293,2.4627669744255716,UP
رينامورا فرشاة أرضيات,2026-05-12,175.0,172.14201471891747,-2.8579852810825344,-1.633134446332877,DOWN
رينامورا فرشاة استحمام,2026-05-12,219.0,216.73038985372565,-2.2696101462743457,-1.0363516649654547,DOWN
رينامورا فرشاة لتنظيف الشبابيك,2026-05-12,239.0,241.041030793039,2.041030793038999,0.8539877795142256,UP
رينامورا فرشاة مع يد,2026-05-12,439.0,441.81572064211167,2.815720642111671,0.6413942237156426,UP
رينامورا فرشاة مقشة ناعمة,2026-05-12,389.0,383.54426862193986,-5.455731378060136,-1.402501639604148,DOWN
رينامورا فرشاة وجروف,2026-05-12,699.0,684.3202620338465,-14.679737966153539,-2.1001055745570154,DOWN
رينامورا فرشاه تنظيف ارضيات,2026-05-12,129.0,134.680681190414,5.680681190413992,4.403628829778288,UP
رينامورا فوطة أسفنجية شديدة الامتصاص - 3 قطع,2026-05-12,3.0,5.242354598104246,2.242354598104246,74.74515327014153,UP
رينامورا فوطة مايكروفايبر للأطباق,2026-05-12,210.0,208.855605479093,-1.1443945209070137,-0.5449497718604827,DOWN
رينامورا كلاسيك مجرفة بمقبض,2026-05-12,425.0,437.9436467003979,12.943646700397892,3.0455639295053865,UP
رينامورا كوين مقشة وجاروف,2026-05-12,129.0,134.680681190414,5.680681190413992,4.403628829778288,UP
رينامورا مساحة أرضيات - 40 سم,2026-05-12,40.0,39.55149864665351,-0.44850135334648655,-1.1212533833662164,STABLE
رينامورا مقشة بمقبض,2026-05-12,310.0,339.20660927581747,29.20660927581747,9.421486863166926,UP
رينامورا مقشة ناعمة كبيرة,2026-05-12,209.0,208.57964392654722,-0.4203560734527798,-0.20112730787214345,STABLE
رينامورا ممسحة أرضيات باركيه,2026-05-12,399.0,392.37185589706223,-6.6281441029377675,-1.661188998230017,DOWN
رينامورا ممسحة زجاج,2026-05-12,95.0,97.3396286257043,2.339628625704293,2.4627669744255716,UP
رينامورا ممسحة قطن,2026-05-12,179.0,174.72120117451848,-4.278798825481516,-2.3903904052969365,DOWN
رينامورا ممسحة قطن بمقبض,2026-05-12,269.0,249.4320535580092,-19.567946441990813,-7.274329532338592,DOWN
رينامورا ممسحة قطن جامبو,2026-05-12,163.0,159.70725921911554,-3.2927407808844578,-2.0200863686407713,DOWN
رينامورا ممسحه أرضيات - 40 سم,2026-05-12,40.0,39.55149864665351,-0.44850135334648655,-1.1212533833662164,STABLE
رينامورا ممسحه للباركية بمقبض,2026-05-12,499.0,500.27039944116285,1.2703994411628514,0.2545890663653009,UP
رينامورا هامر فرشاة,2026-05-12,249.0,247.2760436928635,-1.7239563071364898,-0.6923519305769036,DOWN
رينامورا يد مقشة معدن - 120 سم,2026-05-12,120.0,122.30096423312601,2.3009642331260096,1.9174701942716748,UP
رينولدز 045 قلم جاف - 6 أقلام,2026-05-12,45.0,45.40918841129733,0.40918841129732897,0.9093075806607311,STABLE
رينولدز 048 وسط قلم جاف - 10 أقلام,2026-05-12,48.0,48.520920184949404,0.5209201849494036,1.0852503853112574,STABLE
زادنا بندق - 150 جرام,2026-05-12,150.0,157.0301259011403,7.030125901140309,4.686750600760206,UP
زادنا بندق - 250 جرام,2026-05-12,250.0,247.58109011462136,-2.418909885378639,-0.9675639541514557,DOWN
زادنا فستق مقشر - 150 جرام,2026-05-12,150.0,157.0301259011403,7.030125901140309,4.686750600760206,UP
زبيب أبيض,2026-05-12,78.0,77.67087814975875,-0.3291218502412505,-0.4219510900528853,STABLE
زبيب أحمر,2026-05-12,81.0,81.08719137904147,0.0871913790414709,0.10764367782897641,STABLE
زبيب أصفر,2026-05-12,500.0,498.81733030678015,-1.1826696932198502,-0.23653393864397002,DOWN
زبيب من حاج عرفة,2026-05-12,72.0,72.75660775440156,0.756607754401557,1.0508441033354958,STABLE
زبيب، جامبو الحجم,2026-05-12,500.0,498.81733030678015,-1.1826696932198502,-0.23653393864397002,DOWN
زجاجة بلاستيك كوكا كولا مشروب غازي - 300 مل,2026-05-12,300.0,319.4272225180408,19.42722251804082,6.47574083934694,UP
زجاجة عصير التفاح راوش - 900 مل,2026-05-12,900.0,932.6539372717438,32.65393727174376,3.6282152524159725,UP
زجاجة ماء - 1 لتر,2026-05-12,159.0,155.90076088634078,-3.099239113659223,-1.9492069897227822,DOWN
زجاجة مياه بوفانا - 500 مللي,2026-05-12,500.0,501.53867223738945,1.5386722373894486,0.30773444747788975,UP
زعافة دائرية قابلة للفرد الهلال,2026-05-12,149.0,147.77989702437478,-1.220102975625224,-0.8188610574665932,DOWN
زمرا بقسماط ناعم - 1 كيلوجرام,2026-05-12,326.0,319.94999946406296,-6.050000535937045,-1.8558283852567623,DOWN
زمرا حليب جوز هند كريمي للطبخ 20-22 دسم - 400 جرام,2026-05-12,20.0,20.03650346175373,0.03650346175372832,0.18251730876864158,STABLE
زورو اسفنجة تنظيف - 3 قطع,2026-05-12,3.0,5.242354598104246,2.242354598104246,74.74515327014153,UP
زومرا بقسماط بانكو على الطريقة اليابانية - 200 جرام,2026-05-12,200.0,202.1751499873623,2.175149987362289,1.0875749936811445,UP
زيت الليمون العطري ريحاني - 30 مل,2026-05-12,30.0,29.169776125496117,-0.8302238745038828,-2.7674129150129425,STABLE
زيت زيتون اليادا جينتل بكر ممتاز - 500 مل,2026-05-12,500.0,498.81733030678015,-1.1826696932198502,-0.23653393864397002,DOWN
زيت زيتون ايه ام ار 500 مل + 250 مل,2026-05-12,13.0,13.501217924112943,0.5012179241129431,3.855522493176485,STABLE
زيت زيتون بكر إيزيس - 500 مل,2026-05-12,500.0,500.27231052094066,0.272310520940664,0.0544621041881328,STABLE
زيت عطري كافرو سوراج - 30 مل,2026-05-12,30.0,29.169776125496117,-0.8302238745038828,-2.7674129150129425,STABLE
زينة اروما مناديل وجه برائحة الخوخ - 500 منديل,2026-05-12,500.0,500.27039944116285,0.2703994411628514,0.05407988823257028,STABLE
زينة اروما مناديل وجه برائحة الخوخ - 500 منديل - 3 عبوات,2026-05-12,500.0,500.27039944116285,0.2703994411628514,0.05407988823257028,STABLE
زينة اروما مناديل وجه برائحة العود - 500 منديل,2026-05-12,500.0,500.27039944116285,0.2703994411628514,0.05407988823257028,STABLE
زينة اروما مناديل وجه برائحة العود - 500 منديل - 3 عبوات,2026-05-12,500.0,500.27039944116285,0.2703994411628514,0.05407988823257028,STABLE
زينة اروما مناديل وجه برائحة الفراولة - 500 منديل - 3 عبوات,2026-05-12,500.0,500.27039944116285,0.2703994411628514,0.05407988823257028,STABLE
زينة تريو مناديل تواليت - 12 بكرة,2026-05-12,12.0,11.878035085385122,-0.12196491461487824,-1.0163742884573188,STABLE
زينة تريو مناديل ناعمة - 500 منديل - 3 عبوات,2026-05-12,500.0,500.27039944116285,0.2703994411628514,0.05407988823257028,STABLE
زينة تريو مناديل ناعمة - 500 منديل - 4 عبوات,2026-05-12,500.0,500.27039944116285,0.2703994411628514,0.05407988823257028,STABLE
زينة تريو مناديل ناعمة - 500 منديل - 6 عبوات,2026-05-12,500.0,500.27039944116285,0.2703994411628514,0.05407988823257028,STABLE
زينة مناديل مطبخ - 12 بكرة,2026-05-12,12.0,11.878035085385122,-0.12196491461487824,-1.0163742884573188,STABLE
زينة مناديل وجه - 400 منديل - 3 عبوات,2026-05-12,22.0,21.37766297435537,-0.6223370256446294,-2.8288046620210427,STABLE
زينة مناديل وجه - 480 منديل - 3 عبوات,2026-05-12,480.0,473.1377208313207,-6.862279168679322,-1.4296414934748587,DOWN
زينة مناديل وجه للجيب - 10 مناديل - 10 أكياس,2026-05-12,10.0,11.391301490230097,1.3913014902300969,13.913014902300969,UP
زينه تريو مناديل تواليت - 6 بكرة,2026-05-12,6.0,7.109818969169242,1.1098189691692424,18.49698281948737,UP
سائل تبييض الأحذية الرياضية سيلفر الترا - 75 مل,2026-05-12,75.0,73.40565975466046,-1.5943402453395379,-2.1257869937860505,DOWN
سائل تنظيف الاأطباق من بريل - 2.5 كجم,2026-05-12,2.5,5.242354598104246,2.742354598104246,109.69418392416983,UP
سائل تنظيف الاطباق بريل 5 في 1 - تفاح - 600 مل,2026-05-12,5.0,6.081163175746281,1.0811631757462807,21.623263514925615,UP
سائل تنظيف الاطباق بريل بالليمون الاصفر - 600 مل,2026-05-12,600.0,585.3701512871595,-14.629848712840499,-2.4383081188067495,DOWN
سائل طارد للبعوض ريد عبوة إعادة تعبئة - 41 مل,2026-05-12,41.0,39.74531533055495,-1.254684669445048,-3.0602065108415806,DOWN
سائل غسيل الأطباق أوكسي برائحة التفاح الأحمر - 600 مل,2026-05-12,9.0,9.906802653517095,0.9068026535170954,10.075585039078838,STABLE
سائل غسيل الأطباق أوكسي برايت بالليمون الأصفر - 600 مل,2026-05-12,9.0,9.906802653517095,0.9068026535170954,10.075585039078838,STABLE
سائل غسيل الأطباق بالتفاح من فيبا - 4 لتر,2026-05-12,4.0,10.820854941515309,6.820854941515309,170.52137353788274,UP
سائل غسيل الأطباق بالليمون الأخضر من أوكسي - 600 مل,2026-05-12,9.0,9.906802653517095,0.9068026535170954,10.075585039078838,STABLE
سائل فانيش لازالة بقع الاقمشة - 900 مل - عبوتين,2026-05-12,900.0,933.4365734329758,33.43657343297582,3.715174825886202,UP
سائل كراون لتلميع الأحذية - أسود - 75 مل,2026-05-12,75.0,73.40565975466046,-1.5943402453395379,-2.1257869937860505,DOWN
سائل كراون لتلميع الأحذية - بني - 75 مل,2026-05-12,75.0,73.40565975466046,-1.5943402453395379,-2.1257869937860505,DOWN
سائل كيرو ملمع أسود للأحذية - 75مل,2026-05-12,33.0,31.71007109249192,-1.2899289075080809,-3.9088754772972147,DOWN
سائل لودويك لتنظيف الباركيه - 1 لتر,2026-05-12,170.0,165.188889540593,-4.81111045940699,-2.830064976121759,DOWN
سائل مزيل البقع شاوت - 500 مل,2026-05-12,500.0,500.27039944116285,0.2703994411628514,0.05407988823257028,STABLE
سائل مطهر ديتول - 500 مل - عبوتين,2026-05-12,5.0,6.081163175746281,1.0811631757462807,21.623263514925615,UP
سائل منظف أطباق بالليمون من وفير- 4 لتر,2026-05-12,4.0,5.242354598104246,1.2423545981042459,31.058864952606147,UP
سائل منظف أطباق وفير بالليمون الأخضر - 4 لتر,2026-05-12,4.0,5.242354598104246,1.2423545981042459,31.058864952606147,UP
ساسكو حامل اوراق وأقلام,2026-05-12,109.0,111.10089241781903,2.1008924178190256,1.9274242365312162,UP
سانتي جو أون بروتين جرانولا بالبراونيز والكرز - 300 جرام,2026-05-12,300.0,348.940796161135,48.94079616113498,16.313598720378327,UP
سانتي جو اون بروتين بار بطعم الكراميل - 50 جرام,2026-05-12,50.0,51.475741695197456,1.4757416951974562,2.9514833903949125,UP
سانتي جو اون بروتين بار بطعم الكراميل والسوداني - 50 جرام,2026-05-12,50.0,51.475741695197456,1.4757416951974562,2.9514833903949125,UP
سانتي جو اون جرانولا البروتين بالبندق والشوكولاتة - 300 جرام,2026-05-12,300.0,348.940796161135,48.94079616113498,16.313598720378327,UP
سانتي كيك ذرة رفيع للغاية - 120 جرام,2026-05-12,120.0,123.25253669147004,3.2525366914700413,2.7104472428917012,UP
ساندوتش سبريد ثيو بالجبن الهالبينو - 320 جم,2026-05-12,320.0,321.4526242876029,1.4526242876028732,0.45394508987589793,UP
ساندوتش سبريد ثيو بالجبنة الباريميزان والثوم - 320 جم,2026-05-12,320.0,321.4526242876029,1.4526242876028732,0.45394508987589793,UP
ساندوتش سبريد ثيو بالخضروات المشوية - 320 جم,2026-05-12,320.0,321.4526242876029,1.4526242876028732,0.45394508987589793,UP
ساندوتش سبريد ثيو بالريحان والأعشاب - 320 جم,2026-05-12,320.0,321.4526242876029,1.4526242876028732,0.45394508987589793,UP
ساندويتش بيكي بيكر بالجبن - قطعة,2026-05-12,9.0,8.939707141063758,-0.0602928589362417,-0.6699206548471299,STABLE
ساندويتش بيكي بيكر بالشوكولاتة والبندق,2026-05-12,9.0,8.939707141063758,-0.0602928589362417,-0.6699206548471299,STABLE
ساندويتش بيكي بيكر بالفراولة - قطعة,2026-05-12,9.0,8.939707141063758,-0.0602928589362417,-0.6699206548471299,STABLE
سانيتا الومينيوم فويل - 20 متر x 40 سم,2026-05-12,20.0,19.357212583018235,-0.6427874169817649,-3.2139370849088245,STABLE
سانيتا رومانس مناديل مبللة - 120 منديل,2026-05-12,120.0,122.30096423312601,2.3009642331260096,1.9174701942716748,UP
سانيتا رومانس مناديل مبللة - 40 منديل,2026-05-12,40.0,39.55149864665351,-0.44850135334648655,-1.1212533833662164,STABLE
سانيتا رومانس مناديل مبللة - 72 منديل,2026-05-12,72.0,70.28847706277524,-1.711522937224757,-2.37711519058994,DOWN
سبادز بطاطس شيبسي - بطعم الجبنه - 94 جرام,2026-05-12,94.0,98.73720233012058,4.7372023301205815,5.039576946936789,UP
سبادز بطاطس شيبسي - بطعم ترافل تشيز - 94 جرام,2026-05-12,94.0,98.73720233012058,4.7372023301205815,5.039576946936789,UP
سبادز بطاطس شيبسي - طعم الليمون - 94 جرام,2026-05-12,94.0,98.73720233012058,4.7372023301205815,5.039576946936789,UP
سبادز بطاطس شيبسي بطعم الليمون - 45 جرام,2026-05-12,45.0,45.414925676338356,0.4149256763383562,0.9220570585296805,STABLE
سبادز كرافت كوكد بطاطس شيبسي - نكهة برايم ريبز - 72 جرام,2026-05-12,72.0,72.75660775440156,0.756607754401557,1.0508441033354958,STABLE
سبادز كرافت كوكد بطاطس شيبسي - نكهة سريراتشا الحارة - 72 جرام,2026-05-12,72.0,72.75660775440156,0.756607754401557,1.0508441033354958,STABLE
سبادز كرافت كوكد بطاطس شيبسي - نكهة صوص الليمون - 72 جرام,2026-05-12,72.0,72.75660775440156,0.756607754401557,1.0508441033354958,STABLE
سبانخ شهرزاد - 400 جرام,2026-05-12,400.0,402.4222507967035,2.4222507967035085,0.6055626991758771,UP
سبدز بطاطس شيبس بالشطة اسيوية - 45 جرام,2026-05-12,45.0,45.414925676338356,0.4149256763383562,0.9220570585296805,STABLE
سبدز بطاطس شيبس بطعم الكريمة المتبلة - 72 جرام,2026-05-12,72.0,72.75660775440156,0.756607754401557,1.0508441033354958,STABLE
سبدز بطاطس شيبس بطعم المشويات الشرقية - 45 جرام,2026-05-12,45.0,45.414925676338356,0.4149256763383562,0.9220570585296805,STABLE
سبدز بطاطس شيبس بطعم المشويات الشرقية - 94 جرام,2026-05-12,94.0,98.73720233012058,4.7372023301205815,5.039576946936789,UP
سبراى اوف الطارد للناموس - 180مل,2026-05-12,209.0,208.57964392654722,-0.4203560734527798,-0.20112730787214345,STABLE
سبراي بايجون للحشرات الزاحفة - 300 مل,2026-05-12,300.0,337.2274695262168,37.227469526216794,12.409156508738931,UP
سبراي بايجون للحشرات الزاحفة - 400 مل,2026-05-12,400.0,407.79008131515616,7.790081315156158,1.9475203287890395,UP
سبراي جليد معطر للجو برائحة البوني والبيري - 300 مل,2026-05-12,300.0,337.2274695262168,37.227469526216794,12.409156508738931,UP
سبراي ريد للحشرات الزاحفة - 400مل,2026-05-12,130.0,140.5641777093262,10.564177709326202,8.12629054563554,UP
سبراي سيلفر الملمع للأحذية الشامواه - أزرق غامق - 200 مل,2026-05-12,200.0,203.30551444965477,3.3055144496547655,1.6527572248273825,UP
سبراي سيلفر الملمع للأحذية الشامواه - بني فاتح - 200 مل,2026-05-12,200.0,203.30551444965477,3.3055144496547655,1.6527572248273825,UP
سبراي فيلا أسود للجلد الصناعي - 200مل,2026-05-12,214.0,210.53406604006636,-3.4659339599336363,-1.6195953083802037,DOWN
سبراي كيرو أسود للجلد الصناعي - 250مل,2026-05-12,100.0,105.23115419550474,5.231154195504743,5.231154195504743,UP
سبراي كيرو بني غامق للجلد الصناعي - 250مل,2026-05-12,100.0,105.23115419550474,5.231154195504743,5.231154195504743,UP
سبراي كيرو بني فاتح للجلد الصناعي - 250مل,2026-05-12,100.0,105.23115419550474,5.231154195504743,5.231154195504743,UP
سبراي كيرو شفاف للجلد الصناعي - 250مل,2026-05-12,100.0,105.23115419550474,5.231154195504743,5.231154195504743,UP
سبراي كيرو كحلي للجلد الصناعي - 250مل,2026-05-12,100.0,105.23115419550474,5.231154195504743,5.231154195504743,UP
سبراي كيرو هافان للجلد الصناعي - 250مل,2026-05-12,100.0,105.23115419550474,5.231154195504743,5.231154195504743,UP
سبراي معطر للجو برائحة أمبيانس من جليد - 300 مل,2026-05-12,300.0,337.2274695262168,37.227469526216794,12.409156508738931,UP
سبراي معطر للجو برائحة التفاح والقرفة من جليد - 300 مل,2026-05-12,300.0,337.2274695262168,37.227469526216794,12.409156508738931,UP
سبراي معطر للجو برائحة الفانيليا من جليد - 300 مل,2026-05-12,300.0,337.2274695262168,37.227469526216794,12.409156508738931,UP
سبراي معطر للجو برائحة الورد من جليد - 300 مل,2026-05-12,300.0,337.2274695262168,37.227469526216794,12.409156508738931,UP
سبراي معطر للجو برائحة الياسمين من جليد - 300 مل,2026-05-12,300.0,337.2274695262168,37.227469526216794,12.409156508738931,UP
سبراي معطر للجو جليد برائحة العود والعنبر - 300 مل,2026-05-12,300.0,337.2274695262168,37.227469526216794,12.409156508738931,UP
سبرايت - 1.45 لتر,2026-05-12,23.0,22.102717807871812,-0.8972821921281877,-3.9012269222964684,STABLE
سبرايت 355 مل,2026-05-12,355.0,348.6620815409404,-6.337918459059608,-1.7853291433970728,DOWN
سبرايت زيرو تويست - 330 مللي,2026-05-12,330.0,340.7802920057248,10.780292005724789,3.266755153249936,UP
سبرايت مشروب غازي - 2.45 لتر,2026-05-12,2.45,5.219324704621356,2.769324704621356,113.03366141311658,UP
سبرايت مشروب غازي - 320 مل,2026-05-12,15.0,14.558675790460173,-0.4413242095398271,-2.9421613969321805,STABLE
سبرايت مشروب غازي - 950 مل,2026-05-12,20.0,19.3112000698131,-0.6887999301868994,-3.443999650934497,STABLE
سبورة بيضاء إم آند جي مغناطيسية - 20*30سم - adb983as,2026-05-12,20.0,22.90877931525802,2.9087793152580197,14.5438965762901,UP
سبورة بيضاء إم آند جي مغناطيسية - 25*35سم - adb983at,2026-05-12,25.0,28.71333522603399,3.7133352260339905,14.853340904135962,UP
سبونتكس اسفنجة جلى - حماية للأظافر - قطعتين,2026-05-12,27.0,26.309684620886987,-0.690315379113013,-2.5567236263444926,STABLE
سبونتكس تريوس جوانتى - حجم صغير,2026-05-12,329.0,330.6510862475114,1.6510862475113868,0.5018499232557406,UP
سبونتكس جوانتى برائحة الليمون - حجم صغير,2026-05-12,319.0,341.21666752174855,22.216667521748548,6.964472577350642,UP
سبونتكس فوطة إسفنجية - 3 قطع,2026-05-12,21.0,20.108320694307576,-0.8916793056924242,-4.246091931868686,STABLE
سبونتكس فوطة سلك ستانلس ستيل - 3 قطع,2026-05-12,20.0,19.357212583018235,-0.6427874169817649,-3.2139370849088245,STABLE
سبيد فلاش منظف للأرضيات والحمام - 900 جم,2026-05-12,900.0,933.4365734329758,33.43657343297582,3.715174825886202,UP
سبيد منظف ومسلك البالوعات - 125 مل,2026-05-12,13.0,13.431284582322633,0.43128458232263256,3.3175737101740967,STABLE
سبيدمنظف و مسلك البالوعات - 140 مل,2026-05-12,140.0,140.19428934844078,0.19428934844077617,0.13877810602912583,STABLE
ستربس الدجاج الحار الوطنية - 1 كجم,2026-05-12,22.0,22.07612185020037,0.07612185020036932,0.34600841000167876,STABLE
ستربس الدجاج روستي - 900 جرام,2026-05-12,900.0,662.4647051114538,-237.53529488854622,-26.3928105431718,DOWN
ستربس دجاج الوطنية - 1 كجم,2026-05-12,22.0,22.07612185020037,0.07612185020036932,0.34600841000167876,STABLE
ستربس دجاج حار حلواني - 1 كجم,2026-05-12,384.0,379.6665857410914,-4.33341425890859,-1.1284932965907788,DOWN
ستربس دجاج حلواني - 1 كجم,2026-05-12,384.0,379.6665857410914,-4.33341425890859,-1.1284932965907788,DOWN
ستريبس الدجاج الحار أطياب - 500جم,2026-05-12,172.0,170.6330460999126,-1.3669539000873954,-0.7947406395856951,DOWN
ستريبس دجاج أطياب - 500جم,2026-05-12,172.0,166.96699796521045,-5.033002034789547,-2.926163973714853,DOWN
ستريتش تغليف ماي تشويس - 75 متر,2026-05-12,75.0,73.40565975466046,-1.5943402453395379,-2.1257869937860505,DOWN
سجق شرقي كوكي - 350جم,2026-05-12,21.0,20.829494249544414,-0.17050575045558602,-0.8119321450266,STABLE
سحلب حاج عرفة - 200 جرام,2026-05-12,200.0,205.60893267509945,5.608932675099453,2.8044663375497265,UP
سحلب دريم - 100 جم,2026-05-12,100.0,103.89301896000244,3.8930189600024363,3.893018960002436,UP
سحلب لايت حاج عرفة - 200 جرام,2026-05-12,200.0,205.60893267509945,5.608932675099453,2.8044663375497265,UP
سفرة أصابع موزاريلا - 300 جم,2026-05-12,300.0,313.51211900361875,13.51211900361875,4.504039667872917,UP
سفرة بطاطس بايتس - 300 جرام,2026-05-12,300.0,313.51211900361875,13.51211900361875,4.504039667872917,UP
سفرة رقاق طري - 400 جم,2026-05-12,400.0,402.4222507967035,2.4222507967035085,0.6055626991758771,UP
سفرة سبرنج رولز نباتي - 350 جم,2026-05-12,350.0,349.432895259994,-0.5671047400060161,-0.16202992571600458,STABLE
سفرة سبرينج رولز بالجبنة - 350 جرام,2026-05-12,350.0,349.432895259994,-0.5671047400060161,-0.16202992571600458,STABLE
سفرة فلافل مجمدة نصف مقلية - 350 جرام,2026-05-12,350.0,349.432895259994,-0.5671047400060161,-0.16202992571600458,STABLE
سفرة كبة لبناني - 350 جرام,2026-05-12,350.0,349.432895259994,-0.5671047400060161,-0.16202992571600458,STABLE
سفن أب - 2.43 لتر,2026-05-12,2.43,5.219324704621356,2.789324704621356,114.78702488153726,UP
سفن أب - 240 مل,2026-05-12,240.0,245.9541310463245,5.954131046324505,2.480887935968544,UP
سفن اب اكسترا فيز - 390 مل,2026-05-12,390.0,386.38438328318733,-3.615616716812667,-0.9270812094391454,DOWN
سفن اب اكسترا فيز مشروب غازي - 2.43 لتر,2026-05-12,2.43,5.219324704621356,2.789324704621356,114.78702488153726,UP
سكر أبيض اكوام - 1 كجم,2026-05-12,33.0,33.055144866208444,0.05514486620844394,0.16710565517710285,STABLE
سكر أبيض حفصة - 100 كيس,2026-05-12,100.0,102.07746009759929,2.0774600975992854,2.0774600975992854,UP
سكر أكوام أبيض - 1 كجم - 4 قطع + شاي ليبتون أسود - 40 جم - 3 قطع,2026-05-12,12.0,13.015542310621292,1.0155423106212922,8.462852588510767,UP
سكر بني حفصه - 500 جرام,2026-05-12,500.0,498.81733030678015,-1.1826696932198502,-0.23653393864397002,DOWN
سكر بني خام إمتنان - 100 كيس,2026-05-12,100.0,105.57386920340299,5.573869203402992,5.573869203402992,UP
سكر بني من إمتنان - 750 جرام,2026-05-12,750.0,747.102965087268,-2.8970349127320105,-0.3862713216976014,DOWN
سكر بودرة الضحى - 1 كجم,2026-05-12,72.0,72.75660775440156,0.756607754401557,1.0508441033354958,STABLE
سكر دايت ستيفيا كاستيللو - 300 جم,2026-05-12,300.0,348.940796161135,48.94079616113498,16.313598720378327,UP
سكر دايت ستيفيا كاستيللو - 60 كيس,2026-05-12,60.0,60.24883998740697,0.2488399874069671,0.41473331234494515,STABLE
سكر دايت سويت آند سليم - 50 كيس,2026-05-12,50.0,51.475741695197456,1.4757416951974562,2.9514833903949125,UP
سكر دايت سويت اند سليم - 100 كيس,2026-05-12,100.0,102.07746009759929,2.0774600975992854,2.0774600975992854,UP
سكر دايت سويتال - 100 قرص,2026-05-12,100.0,102.07746009759929,2.0774600975992854,2.0774600975992854,UP
سكر دايت سويتال - 25 كيس,2026-05-12,25.0,26.651717189541937,1.6517171895419374,6.606868758167749,UP
سكر ستفيا مزن - 48 كيس,2026-05-12,48.0,48.568907358980766,0.5689073589807663,1.1852236645432632,STABLE
سكر ستيفيا سويت أند سليم - 25 كيس,2026-05-12,25.0,26.651717189541937,1.6517171895419374,6.606868758167749,UP
سكر ستيفيا طبيعي بريمير بريسويت - 50 جرام,2026-05-12,50.0,49.750238709318246,-0.24976129068175368,-0.4995225813635073,STABLE
سكرانش بار باللوز والكاجو وجوز الهند - 40 جرام,2026-05-12,40.0,41.201266700656554,1.2012667006565536,3.003166751641384,UP
سكرانش بار جرانولا بالشوكولاتة الداكنة - 30 جرام,2026-05-12,30.0,30.645875743080058,0.6458757430800581,2.1529191436001938,STABLE
سكرانش بار شوكولاتة كريسبي بالمارشميلو - 30 جرام,2026-05-12,30.0,36.616681091165226,6.616681091165226,22.055603637217423,UP
سكويزي هريسة - 200 جرام,2026-05-12,200.0,202.1751499873623,2.175149987362289,1.0875749936811445,UP
سلة مهملات الوطنية ليلي,2026-05-12,100.0,100.26031812248114,0.26031812248113795,0.26031812248113795,STABLE
سلة مهملات الوطنية موجا للمكاتب - بني,2026-05-12,80.0,80.18856753874037,0.18856753874037224,0.2357094234254653,STABLE
سلك مواعين فيليدا باور إنوكس - عبوة من 2,2026-05-12,2.0,5.242354598104246,3.242354598104246,162.1177299052123,UP
سلك مواعين فيليدا ستانلس ستيل - 3 قطع,2026-05-12,3.0,5.242354598104246,2.242354598104246,74.74515327014153,UP
سلمون فيليه سى كيوب - 500 جرام,2026-05-12,500.0,507.5384005868036,7.538400586803618,1.5076801173607237,UP
سمبوسك جبنة المراعي بالتوابل اللبنانية - 8 قطع,2026-05-12,8.0,9.430109421433677,1.4301094214336771,17.876367767920964,UP
سمبوسك جبنة سفرة - 350 جرام,2026-05-12,350.0,349.432895259994,-0.5671047400060161,-0.16202992571600458,STABLE
سمبوسك مشكل جبن شيف ام - 250 جم,2026-05-12,250.0,241.4287808485025,-8.571219151497502,-3.428487660599001,DOWN
سميد بسبوسه لمتنا - 1 كجم,2026-05-12,40.0,41.201266700656554,1.2012667006565536,3.003166751641384,UP
سن توب عصير تفاح - 250 مل,2026-05-12,16.0,15.769571185338137,-0.23042881466186316,-1.4401800916366447,STABLE
سنابس مشروب شعير خالي من الكحول بنكهة الأناناس - 250 مل,2026-05-12,250.0,247.28112526171415,-2.718874738285848,-1.0875498953143392,DOWN
سنابس مشروب شعير خالي من الكحول بنكهة التفاح - 250 مل,2026-05-12,250.0,247.28112526171415,-2.718874738285848,-1.0875498953143392,DOWN
سناكس باف بالجبنة ويندوز - 34 جرام,2026-05-12,34.0,33.78158578833217,-0.21841421166782737,-0.6423947401994923,STABLE
سناكس بريك فريش بالخضروات - 30 جرام,2026-05-12,30.0,30.645875743080058,0.6458757430800581,2.1529191436001938,STABLE
سناكس بريك فريش بالفلفل - 30 جرام,2026-05-12,30.0,30.645875743080058,0.6458757430800581,2.1529191436001938,STABLE
سناكس بيك ستيكس بطعم الفراخ بالكارى الهنديه - 60 جرام,2026-05-12,60.0,60.24883998740697,0.2488399874069671,0.41473331234494515,STABLE
سناكس تشيكا كرانشي بطعم الكاتشب - 73 جم,2026-05-12,73.0,73.11829342140233,0.11829342140232768,0.16204578274291462,STABLE
سناكس جاجوار كريشنز لايرز بطعم الكريمة الحامضة والبصل - 70 جرام,2026-05-12,70.0,71.21322566317409,1.2132256631740859,1.7331795188201227,UP
سناكس جاكوار برايم بطعم الذرة الحلوة - 100 جرام,2026-05-12,100.0,102.07746009759929,2.0774600975992854,2.0774600975992854,UP
سناكس جاكوار برايم بطعم الشطة الحلوة - 100 جرام,2026-05-12,100.0,102.07746009759929,2.0774600975992854,2.0774600975992854,UP
سناكس فريماز باللحم والشطة - 75 جم,2026-05-12,75.0,75.46708390546387,0.46708390546386624,0.6227785406184883,STABLE
سنبلة الفرات دقيق الكيك - 1 كجم,2026-05-12,51.0,51.98066491667331,0.9806649166733123,1.9228723856339458,STABLE
سوبريم بطاطس روندال - 350 جم,2026-05-12,350.0,349.432895259994,-0.5671047400060161,-0.16202992571600458,STABLE
سوبريم سمبوسة بالجبنة - 350 جم,2026-05-12,350.0,349.432895259994,-0.5671047400060161,-0.16202992571600458,STABLE
سوبريم شيدر بايتس - 350 جرام,2026-05-12,350.0,349.432895259994,-0.5671047400060161,-0.16202992571600458,STABLE
سوبريم فلافل - 400 جرام,2026-05-12,400.0,402.4222507967035,2.4222507967035085,0.6055626991758771,UP
سوبيا من حاج عرفة,2026-05-12,39.0,40.91986064380151,1.9198606438015133,4.92271959949106,UP
سوداني مفصص - 250 جرام,2026-05-12,250.0,247.58109011462136,-2.418909885378639,-0.9675639541514557,DOWN
سوداني مفصص - 500 جرام,2026-05-12,500.0,498.81733030678015,-1.1826696932198502,-0.23653393864397002,DOWN
سوسيس بقري إيجي سويس بالجبنة - 400جم,2026-05-12,164.0,162.23185713028855,-1.768142869711454,-1.0781358961655207,DOWN
سوسيس كوكتيل بقري حلواني - 350 جم,2026-05-12,350.0,349.432895259994,-0.5671047400060161,-0.16202992571600458,STABLE
سوشي نوري زومرا - 50 ورقة,2026-05-12,50.0,51.475741695197456,1.4757416951974562,2.9514833903949125,UP
سويت أند سليم سكر دايت حلاوة أكثر - 100 كيس,2026-05-12,100.0,102.07746009759929,2.0774600975992854,2.0774600975992854,UP
سويت أند سليم سكر دايت حلاوة أكثر - 50 كيس,2026-05-12,50.0,51.475741695197456,1.4757416951974562,2.9514833903949125,UP
سويت أند سليم سكر ستيفيا - 100 كيس,2026-05-12,100.0,102.07746009759929,2.0774600975992854,2.0774600975992854,UP
سويت أند سليم محلى سكر - 250 جرام,2026-05-12,250.0,247.58109011462136,-2.418909885378639,-0.9675639541514557,DOWN
سويت اند سليم سكر محلى - 250 جرام,2026-05-12,250.0,247.58109011462136,-2.418909885378639,-0.9675639541514557,DOWN
سويت اند سليم شراب لايت - 300 مل,2026-05-12,300.0,348.940796161135,48.94079616113498,16.313598720378327,UP
سويت اند سيلم إستيفيا محلي طبيعي - 200 كيس,2026-05-12,200.0,202.1751499873623,2.175149987362289,1.0875749936811445,UP
سويتال سكر دايت - 60 كيس,2026-05-12,60.0,60.24883998740697,0.2488399874069671,0.41473331234494515,STABLE
سويتال سكر ستيفيا - 50 كيش,2026-05-12,50.0,51.475741695197456,1.4757416951974562,2.9514833903949125,UP
سويس تشويس سجق شرقي - 900 جرام,2026-05-12,900.0,788.7844541515689,-111.21554584843113,-12.357282872047904,DOWN
سويس تشويس سوسيس بقري فرانكفورتر - 1 كيلو,2026-05-12,292.0,286.24418473321305,-5.7558152667869535,-1.9711696119133402,DOWN
سى ستار سلمون مدخن - 200 جرام,2026-05-12,200.0,204.34360275304297,4.343602753042973,2.1718013765214863,UP
سي ستار سلمون فيليه - 400 - 450 جرام,2026-05-12,400.0,402.4222507967035,2.4222507967035085,0.6055626991758771,UP
سي كيوب جمبري - حجم كبير - 400 جرام,2026-05-12,400.0,402.4222507967035,2.4222507967035085,0.6055626991758771,UP
سيستيما كوادي لانش بوكس - 1.5 لتر,2026-05-12,1.5,3.8554960219276317,2.3554960219276317,157.0330681285088,UP
سيستيما لانش بوكس ثلاثة أقسام - 2 لتر,2026-05-12,2.0,3.8554960219276317,1.8554960219276317,92.7748010963816,UP
سيف منظف كريمي بالحبيبات الفعالة ورائحة الليمون - 750 مل,2026-05-12,750.0,745.8233308215032,-4.176669178496809,-0.5568892237995745,DOWN
سيف منظف كريمي متعدد الاستخدامات - 500 مل,2026-05-12,500.0,500.27039944116285,0.2703994411628514,0.05407988823257028,STABLE
سيف منظف كريمي متعدد الاستخدامات - 750 مل,2026-05-12,750.0,745.8233308215032,-4.176669178496809,-0.5568892237995745,DOWN
سيكيم أعشاب كركديه - 20 فتلة,2026-05-12,20.0,19.3112000698131,-0.6887999301868994,-3.443999650934497,STABLE
سيلفر إسفنجة بروفيشنال للتلميع السريع للأحذية - 6 مل - شفاف,2026-05-12,6.0,7.109818969169242,1.1098189691692424,18.49698281948737,UP
سيلفر إسفنجة لتلميع الأحذية - شفافة,2026-05-12,43.0,40.86252698091406,-2.137473019085938,-4.970867486246368,DOWN
سيلفر إسفنجة لتلميع الأحذية السوداء,2026-05-12,43.0,40.86252698091406,-2.137473019085938,-4.970867486246368,DOWN
سيلفر سائل ملمع للأحذية الرياضية - 75 جرام,2026-05-12,75.0,73.40565975466046,-1.5943402453395379,-2.1257869937860505,DOWN
سيلفر سبراي للعناية بالأحذية - إسود - 200 مل,2026-05-12,200.0,205.33041465153508,5.330414651535079,2.6652073257675397,UP
سيلفر سبراي للعناية بالأحذية - محايد - 200 مل,2026-05-12,200.0,203.30551444965477,3.3055144496547655,1.6527572248273825,UP
سيلفر كريم ملمع للأحذية - 40 مل - أسود,2026-05-12,40.0,39.55149864665351,-0.44850135334648655,-1.1212533833662164,STABLE
سيلفر ملمع أحذية سائل - 50 مل - شفاف,2026-05-12,50.0,49.76216375973339,-0.23783624026660988,-0.4756724805332197,STABLE
سيي كيوب سلمون مدخن - 200 جرام,2026-05-12,200.0,204.34360275304297,4.343602753042973,2.1718013765214863,UP
سڤن أب - 320مل,2026-05-12,14.0,14.00196759248031,0.0019675924803106426,0.014054232002218874,STABLE
شابورة اورجينال قراميش - 375 جم,2026-05-12,375.0,385.06091184868995,10.060911848689955,2.6829098263173212,UP
شاليموه ورق ميجوز - 8 مل - 25 قطعة,2026-05-12,8.0,8.669792999125718,0.6697929991257183,8.372412489071479,STABLE
شاهين اسبريسو اوتنتيكا - 200 جرام,2026-05-12,200.0,205.60893267509945,5.608932675099453,2.8044663375497265,UP
شاهين اسبريسو كريمة - 200 جرام,2026-05-12,200.0,205.60893267509945,5.608932675099453,2.8044663375497265,UP
شاهين بن سادة فاتح - 100 جم,2026-05-12,100.0,104.70491509889162,4.704915098891618,4.704915098891618,UP
شاهين بن فاتح محوج بالحبهان - 100 جرام,2026-05-12,100.0,103.89301896000244,3.8930189600024363,3.893018960002436,UP
شاهين بن كلاسيك - 200 جرام,2026-05-12,200.0,205.60893267509945,5.608932675099453,2.8044663375497265,UP
شاهين قهوة اسبريسو كلاسيكية - 200 جرام,2026-05-12,200.0,206.58883099633195,6.58883099633195,3.294415498165975,UP
شاهين قهوة خضراء أكياس - 10 جرام,2026-05-12,10.0,11.345288341242082,1.3452883412420817,13.45288341242082,UP
شاهين قهوة خضراء أكياس - 10 جرام - 10 أكياس,2026-05-12,10.0,11.345288341242082,1.3452883412420817,13.45288341242082,UP
شاهين كبسولات اسبريسو ريستريتو ديليكاتو كثافة 7,2026-05-12,7.0,8.181922271774567,1.1819222717745674,16.88460388249382,UP
شاي أحمد تي لندن بليند بالنعناع - 200 جم,2026-05-12,200.0,205.60893267509945,5.608932675099453,2.8044663375497265,UP
شاي أخضر بالنعناع ليبتون - 25 فتلة,2026-05-12,25.0,25.503102514258774,0.5031025142587744,2.0124100570350976,STABLE
شاي أخضر بالنعناع من أحمد تي، 100 كيس,2026-05-12,100.0,103.89301896000244,3.8930189600024363,3.893018960002436,UP
شاي أخضر طبيعي ربيع - 1.8 جم - 50 كيس شاي,2026-05-12,1.8,5.219324704621356,3.4193247046213564,189.96248359007535,UP
شاي أخضر نقي ليبتون - 50 فتلة,2026-05-12,50.0,49.750238709318246,-0.24976129068175368,-0.4995225813635073,STABLE
شاي أسود أنفيرالي - 20 جم,2026-05-12,20.0,19.3112000698131,-0.6887999301868994,-3.443999650934497,STABLE
شاي أسود رويال - 100 كيس شاي,2026-05-12,100.0,103.89301896000244,3.8930189600024363,3.893018960002436,UP
شاي أسود ناعم الماسة - 100 فتلة,2026-05-12,100.0,103.89301896000244,3.8930189600024363,3.893018960002436,UP
شاي أسود ناعم الماسة - 225 جرام,2026-05-12,225.0,223.6156365717753,-1.3843634282247024,-0.6152726347665344,DOWN
شاي أسود ناعم الماسة - 25 فتلة,2026-05-12,25.0,31.239260757498798,6.239260757498798,24.95704302999519,UP
شاي أعشاب رمان رووتس - 25 فتلة,2026-05-12,25.0,25.503102514258774,0.5031025142587744,2.0124100570350976,STABLE
شاي اخضر بالنعناع ربيع - 50 فتلة,2026-05-12,50.0,49.750238709318246,-0.24976129068175368,-0.4995225813635073,STABLE
شاي اخضر روتس - 20 فتلة,2026-05-12,20.0,19.3112000698131,-0.6887999301868994,-3.443999650934497,STABLE
شاي اخضر روتس - 50 فتلة,2026-05-12,50.0,49.750238709318246,-0.24976129068175368,-0.4995225813635073,STABLE
شاي اسود ريد ليبل - 40 جرام,2026-05-12,40.0,39.512643482822206,-0.48735651717779405,-1.2183912929444851,STABLE
شاي اعشاب سيكم التخسيس - 50 فتلة,2026-05-12,50.0,49.750238709318246,-0.24976129068175368,-0.4995225813635073,STABLE
شاي العروسة أسود - 40 جرام,2026-05-12,40.0,39.512643482822206,-0.48735651717779405,-1.2183912929444851,STABLE
شاي العروسة أسود خرز - 100 جرام,2026-05-12,100.0,103.89301896000244,3.8930189600024363,3.893018960002436,UP
شاي العروسة أسود خرز - 250 جرام,2026-05-12,250.0,247.28112526171415,-2.718874738285848,-1.0875498953143392,DOWN
شاي العروسة اسود - 100 جم,2026-05-12,100.0,103.89301896000244,3.8930189600024363,3.893018960002436,UP
شاي العروسة اسود - 250 جم,2026-05-12,250.0,247.28112526171415,-2.718874738285848,-1.0875498953143392,DOWN
شاي العصاري أسود - 250 جرام,2026-05-12,8.0,14.450438238402468,6.450438238402468,80.63047798003085,UP
شاي القرفة من رويال - 12 فتلة,2026-05-12,12.0,11.787877236579112,-0.2121227634208882,-1.7676896951740684,STABLE
شاي الماسة أسود ناعم - 100 جرام,2026-05-12,100.0,103.89301896000244,3.8930189600024363,3.893018960002436,UP
شاي بلبن كوفينيا - 19 جرام,2026-05-12,19.0,18.57130404914706,-0.42869595085294065,-2.2562944781733716,STABLE
شاي بلبن كوفينيا - 19 جم - 10 أكياس شاي,2026-05-12,19.0,18.57130404914706,-0.42869595085294065,-2.2562944781733716,STABLE
شاي تاج الملوك - 40 جرام,2026-05-12,40.0,39.512643482822206,-0.48735651717779405,-1.2183912929444851,STABLE
شاي دلما بريميوم - 100 فتلة,2026-05-12,100.0,103.89301896000244,3.8930189600024363,3.893018960002436,UP
شاي ربيع اكسبريس - 25 فتلة,2026-05-12,25.0,25.503102514258774,0.5031025142587744,2.0124100570350976,STABLE
شاي ربيع اكسبريس بنكهة غنية - 50 فتلة,2026-05-12,50.0,49.750238709318246,-0.24976129068175368,-0.4995225813635073,STABLE
شاي ربيع الأخضر - 25 كيس شاي - 1.8 جرام,2026-05-12,25.0,25.503102514258774,0.5031025142587744,2.0124100570350976,STABLE
شاي ربيع فتلة اثقل - 25 فتلة,2026-05-12,25.0,25.503102514258774,0.5031025142587744,2.0124100570350976,STABLE
شاي ريجيم رويال بطعم الخوخ - 25 كيس شاي,2026-05-12,25.0,25.503102514258774,0.5031025142587744,2.0124100570350976,STABLE
شاي ريجيم رويال بطعم الخوخ - 50 كيس شاي,2026-05-12,50.0,49.750238709318246,-0.24976129068175368,-0.4995225813635073,STABLE
شاي زنجبيل أنفيرالي - 20 جم,2026-05-12,20.0,19.3112000698131,-0.6887999301868994,-3.443999650934497,STABLE
شاي عدن بالزنجبيل من مصر كافيه - 25جم عبوة من 8,2026-05-12,8.0,8.623779850137703,0.6237798501377032,7.79724812672129,STABLE
شاي كرك كوفينيا - 19 جرام,2026-05-12,19.0,18.57130404914706,-0.42869595085294065,-2.2562944781733716,STABLE
شاي كرك كوفينيا - 19 جم - 10 أكياس شاي,2026-05-12,19.0,18.57130404914706,-0.42869595085294065,-2.2562944781733716,STABLE
شاي كرك لايت حاج عرفة - 8 جرام,2026-05-12,8.0,8.623779850137703,0.6237798501377032,7.79724812672129,STABLE
شاي كرك لايت حاج عرفة - 8 جرام - 12 كيس,2026-05-12,8.0,8.623779850137703,0.6237798501377032,7.79724812672129,STABLE
شاي ليبتون - 100 جم,2026-05-12,100.0,103.89301896000244,3.8930189600024363,3.893018960002436,UP
شاي ليبتون - 50 فتلة,2026-05-12,50.0,49.750238709318246,-0.24976129068175368,-0.4995225813635073,STABLE
شاي ليبتون أسود - 40 جرام,2026-05-12,40.0,39.512643482822206,-0.48735651717779405,-1.2183912929444851,STABLE
شاي ليبتون الأخضر - 12 فتلة,2026-05-12,12.0,11.787877236579112,-0.2121227634208882,-1.7676896951740684,STABLE
شاي ناعم ربيع الأقوى - 40 جرام,2026-05-12,40.0,39.512643482822206,-0.48735651717779405,-1.2183912929444851,STABLE
شايني جل لغسيل الملابس - 2.5 لتر,2026-05-12,26.0,25.79026302228043,-0.20973697771956878,-0.8066806835368031,STABLE
شايني جل للغسالات الاوتوماتيك برائحة اللافندر - 2.5 لتر,2026-05-12,26.0,25.79026302228043,-0.20973697771956878,-0.8066806835368031,STABLE
شايني جل للغسالات الاوتوماتيك برائحة اللافندر - 900 مل,2026-05-12,900.0,933.4365734329758,33.43657343297582,3.715174825886202,UP
شايني جل للغسالات الاوتوماتيك بقوة الاكسجين - 900 مل,2026-05-12,900.0,933.4365734329758,33.43657343297582,3.715174825886202,UP
شايني جل للغسالات الاوتوماتيك للملابس السوداء - 2.5 لتر,2026-05-12,26.0,25.79026302228043,-0.20973697771956878,-0.8066806835368031,STABLE
شايني جل للغسالات الاوتوماتيك للملابس السوداء - 900 مل,2026-05-12,900.0,933.4365734329758,33.43657343297582,3.715174825886202,UP
شايني سائل غسيل الصحون برائحة الليمون - 4 لتر,2026-05-12,4.0,5.242354598104246,1.2423545981042459,31.058864952606147,UP
شايني مسحوق غسيل للغسالات الأوتوماتيك - 4 كجم,2026-05-12,4.0,5.242354598104246,1.2423545981042459,31.058864952606147,UP
شايني مسحوق غسيل للغسالات الأوتوماتيك - 6 كجم,2026-05-12,6.0,7.109818969169242,1.1098189691692424,18.49698281948737,UP
شايني مسحوق غسيل للغسالات الأوتوماتيك برائحة اللافندر - 6 كجم,2026-05-12,6.0,7.109818969169242,1.1098189691692424,18.49698281948737,UP
شايني مسحوق غسيل للغسالات الأوتوماتيك برائحة اللافندر - 8 كجم,2026-05-12,8.0,8.669792999125718,0.6697929991257183,8.372412489071479,STABLE
شايني مسحوق غسيل للغسالات الأوتوماتيك برائحة الورد - 6 كجم,2026-05-12,6.0,7.109818969169242,1.1098189691692424,18.49698281948737,UP
شايني مسحوق غسيل للغسالات الاوتوماتيك - 8 كجم,2026-05-12,8.0,8.669792999125718,0.6697929991257183,8.372412489071479,STABLE
شتورا جلاش - 350 جرام,2026-05-12,350.0,349.432895259994,-0.5671047400060161,-0.16202992571600458,STABLE
شرائح البطاطس هانترز جورميه بطعم الفلفل الحار - 125 جم,2026-05-12,125.0,127.99756702743421,2.997567027434215,2.3980536219473723,UP
شرائح البطاطس هانترز جورميه بطعم الفلفل الحلو - 40 جم,2026-05-12,40.0,41.201266700656554,1.2012667006565536,3.003166751641384,UP
شرائح البطاطس هانترز جورميه بطعم الكريمة الحامضة والبصل - 125 جم,2026-05-12,125.0,127.99756702743421,2.997567027434215,2.3980536219473723,UP
شرائح البطاطس هانترز جورميه بطعم ملح البحر والفلفل الأسود - 40 جم,2026-05-12,40.0,41.201266700656554,1.2012667006565536,3.003166751641384,UP
شرائح بطاطس تايجر اكسلانس بطعم الزبادي والأعشاب,2026-05-12,15.0,15.822982969473857,0.8229829694738573,5.486553129825715,STABLE
شرائح بطاطس ميجا بطعم الطماطم الحارة - 50 جم,2026-05-12,50.0,51.475741695197456,1.4757416951974562,2.9514833903949125,UP
شرائح بطاطس ميجا بطعم الفراخ - 50 جم,2026-05-12,50.0,51.475741695197456,1.4757416951974562,2.9514833903949125,UP
شرائح بطاطس ميجا بطعم الفلفل التايلاندي - 50 جم,2026-05-12,50.0,51.475741695197456,1.4757416951974562,2.9514833903949125,UP
شرائح بطاطس ميجا بطعم الكباب - 50 جم,2026-05-12,50.0,51.475741695197456,1.4757416951974562,2.9514833903949125,UP
شرائح بطاطس ميجا بطعم الكريمة الحامضة والبصل - 50 جم,2026-05-12,50.0,51.475741695197456,1.4757416951974562,2.9514833903949125,UP
شرائح بطاطس ميجا بطعم الكريمة الحامضة والجبنة - 50 جم,2026-05-12,50.0,51.475741695197456,1.4757416951974562,2.9514833903949125,UP
شرائح خبز الشوفان المحمصة لينو بطعم البصل والكريمة الحامضة - 30 جرام,2026-05-12,20.0,26.68325064817208,6.683250648172081,33.41625324086041,UP
شرائح خبز الشوفان المحمصة لينو بطعم الشطة والليمون - 30 جرام,2026-05-12,20.0,20.03650346175373,0.03650346175372832,0.18251730876864158,STABLE
شرائح خبز الشوفان المحمصة لينو بطعم الطماطم - 30 جرام,2026-05-12,20.0,20.03650346175373,0.03650346175372832,0.18251730876864158,STABLE
شراب الصبار العضوي الداكن بيونا - 250 مل,2026-05-12,250.0,247.58109011462136,-2.418909885378639,-0.9675639541514557,DOWN
شراب بلو كوراكاو مونين - 250 مللي,2026-05-12,250.0,247.28112526171415,-2.718874738285848,-1.0875498953143392,DOWN
شراب فراولة مونين - 250 مل,2026-05-12,250.0,247.28112526171415,-2.718874738285848,-1.0875498953143392,DOWN
شراب فرلولة ماجيك مومنتس - 180 جم,2026-05-12,180.0,178.66556396265705,-1.3344360373429538,-0.7413533540794188,DOWN
شرب مياه طبيعية نستله - 600 مل,2026-05-12,600.0,587.4981347767456,-12.501865223254413,-2.0836442038757355,DOWN
شربات الخروب فيتراك - 635 مل,2026-05-12,635.0,602.4011591242522,-32.59884087574778,-5.133675728464217,DOWN
شربات بندق مركزمونين - 250 مل,2026-05-12,250.0,247.28112526171415,-2.718874738285848,-1.0875498953143392,DOWN
شربات بيناكولادا فيتراك - 635 مل,2026-05-12,635.0,602.4011591242522,-32.59884087574778,-5.133675728464217,DOWN
شريط تصحيح إم آند جي - 6 متر - act18076,2026-05-12,6.0,5.7330325433354075,-0.26696745666459254,-4.449457611076543,STABLE
شريط لاصق دبل فيس - 1 ملم - كبير,2026-05-12,139.0,136.18206620681178,-2.8179337931882174,-2.0272904986965594,DOWN
شريط لاصق دبل فيس فوم إم آند جي - 12 ملم - ajd97352,2026-05-12,12.0,11.184386256880785,-0.815613743119215,-6.7967811926601245,STABLE
شريط لاصق شفاف إم آند جي يوستيك - 18 مم × 30 متر - ajd957be,2026-05-12,18.0,17.281944719498963,-0.7180552805010372,-3.98919600278354,STABLE
شريط لاصق ميجوز قوي جدًا - 145 ميكرون,2026-05-12,145.0,143.7437684256714,-1.2562315743286092,-0.8663666029852477,DOWN
شطة أمريكان جاردن - 354مل,2026-05-12,213.0,210.8554061461447,-2.144593853855298,-1.0068515745799522,DOWN
شطة حارة هاينز - 165جم,2026-05-12,45.0,47.167805371375835,2.1678053713758345,4.817345269724076,UP
شفاطات اربيان ستانلس ستيل - 4 قطع,2026-05-12,4.0,5.242354598104246,1.2423545981042459,31.058864952606147,UP
شفن أب - 1.5 لتر,2026-05-12,14.0,14.00196759248031,0.0019675924803106426,0.014054232002218874,STABLE
شماعه ملابس رينامورا - قطعتين,2026-05-12,225.0,223.61697681163415,-1.3830231883658541,-0.6146769726070463,DOWN
شنايدر مشروب شعير بطعم الأناناس - 1 لتر,2026-05-12,25.0,25.503102514258774,0.5031025142587744,2.0124100570350976,STABLE
شنايدر مشروب شعير بطعم البطيخ - 1 لتر,2026-05-12,25.0,25.503102514258774,0.5031025142587744,2.0124100570350976,STABLE
شنايدر مشروب شعير بطعم الخوخ - 1 لتر,2026-05-12,25.0,25.503102514258774,0.5031025142587744,2.0124100570350976,STABLE
شنطة ظهر مدرسية مطبوعة مينترا - 15 لتر,2026-05-12,15.0,13.942097462805227,-1.0579025371947726,-7.052683581298484,DOWN
شهد فراخ بانيه - 20 قطعة,2026-05-12,33.0,32.85547382867967,-0.1445261713203294,-0.4379580949100891,STABLE
شهد فيليه دجاج - 400 جم,2026-05-12,6.0,7.851566791194995,1.851566791194995,30.859446519916585,UP
شهد فيليه دجاج - 800 جم,2026-05-12,9.0,10.640947202367999,1.6409472023679985,18.23274669297776,UP
شهد فيليه دجاج حار - 800 جم,2026-05-12,9.0,10.640947202367999,1.6409472023679985,18.23274669297776,UP
شهد ناجتس أشكال ديناصورات - 400 جرام,2026-05-12,44.0,42.89505293687511,-1.1049470631248894,-2.5112433252838398,DOWN
شهد وجبة دجاجة كاملة مقلية - 12 قطعة,2026-05-12,19.0,19.416058453937165,0.4160584539371648,2.189781336511394,STABLE
شهر زاد فراولة - 400 جرام,2026-05-12,400.0,402.4222507967035,2.4222507967035085,0.6055626991758771,UP
شهرزاد بروكلي مجمد - 400 جرم,2026-05-12,400.0,402.4222507967035,2.4222507967035085,0.6055626991758771,UP
شهرزاد بسلة بالجزر - 400 جرام,2026-05-12,400.0,402.4222507967035,2.4222507967035085,0.6055626991758771,UP
شهرزاد خضار مشكل مجمد - 400 جرام,2026-05-12,400.0,402.4222507967035,2.4222507967035085,0.6055626991758771,UP
شهرزاد ملوخية مجمدة - 400 جرام,2026-05-12,400.0,402.4222507967035,2.4222507967035085,0.6055626991758771,UP
شهرزاد ورق عنب - 250 جرام,2026-05-12,250.0,241.4287808485025,-8.571219151497502,-3.428487660599001,DOWN
شوجر ماتش سكر دايت - 200 كيس,2026-05-12,200.0,202.1751499873623,2.175149987362289,1.0875749936811445,UP
شوجر ماتش سكر دايت - 50 كيس,2026-05-12,50.0,51.475741695197456,1.4757416951974562,2.9514833903949125,UP
شوجر ماتش سكر دايت - 75 كيس,2026-05-12,75.0,75.46708390546387,0.46708390546386624,0.6227785406184883,STABLE
شوجر ماتش سكرالوز محلى بدون سعرات - 50 كيس,2026-05-12,50.0,51.475741695197456,1.4757416951974562,2.9514833903949125,UP
شوربة الميسو الفورية إنسو - 60 جرام,2026-05-12,60.0,60.24883998740697,0.2488399874069671,0.41473331234494515,STABLE
شوربة خضار شهرزاد - 400 جرام,2026-05-12,400.0,402.4222507967035,2.4222507967035085,0.6055626991758771,UP
شوفان عضوي,2026-05-12,38.0,37.56663378879353,-0.4333662112064687,-1.1404373979117597,STABLE
شوفان ليف جرين - 450 جم,2026-05-12,450.0,440.2505916781519,-9.74940832184808,-2.1665351826329067,DOWN
شوك بلاستيك طيبة للاستخدام مرة واحدة - 10 شوك - أبيض,2026-05-12,10.0,11.391301490230097,1.3913014902300969,13.913014902300969,UP
شوكو بوبس تيميز - 375 جرام,2026-05-12,375.0,380.19382509230945,5.193825092309453,1.3850200246158542,UP
شوكولاتة,2026-05-12,550.0,555.6348369232138,5.634836923213811,1.024515804220693,UP
شوكولاتة بيضاء للطبخ دريم - 200 جم,2026-05-12,200.0,202.1751499873623,2.175149987362289,1.0875749936811445,UP
شوكولاته الطبخ كورونا - 150 جرام,2026-05-12,150.0,157.0301259011403,7.030125901140309,4.686750600760206,UP
شويبس جولد بطعم الخوخ - 0.950 مل,2026-05-12,950.0,932.6539372717438,-17.346062728256243,-1.8259013398164468,DOWN
شويبس جولد مشروب شعير بطعم الأناناس - 0.950 لتر,2026-05-12,950.0,932.6539372717438,-17.346062728256243,-1.8259013398164468,DOWN
شويبس جولد مشروب شعير بطعم الأناناس - 300 مل,2026-05-12,12.0,11.787877236579112,-0.2121227634208882,-1.7676896951740684,STABLE
شويبس جولد مشروب شعير خالي من الكحول بطعم الخوخ - 300 مللي,2026-05-12,12.0,11.787877236579112,-0.2121227634208882,-1.7676896951740684,STABLE
شويبس صودا 250م,2026-05-12,24.0,23.468336454671373,-0.5316635453286267,-2.2152647722026115,STABLE
شويبس مشروب شعير بالأناناس - 250 مل,2026-05-12,250.0,247.28112526171415,-2.718874738285848,-1.0875498953143392,DOWN
شويبس مشروب غازي باليوسفي - 0.950 لتر,2026-05-12,950.0,932.6539372717438,-17.346062728256243,-1.8259013398164468,DOWN
شويبس مشروب غازي بطعم الرمان - 0.95 لتر,2026-05-12,29.0,28.208625057987003,-0.7913749420129967,-2.728879110389644,STABLE
شويبس مشروب غازي بطعم الرمان - 300 مل,2026-05-12,12.0,11.787877236579112,-0.2121227634208882,-1.7676896951740684,STABLE
شويبس مشروب غازي بطعم اليوسفي - 300 مللي,2026-05-12,12.0,11.787877236579112,-0.2121227634208882,-1.7676896951740684,STABLE
شويبس مشروب غازي بطعم ليمون النعناع - 0.95 لتر,2026-05-12,29.0,28.208625057987003,-0.7913749420129967,-2.728879110389644,STABLE
شويبس مشروب غازي بطعم ليمون النعناع كانز - 300 مللي,2026-05-12,12.0,11.787877236579112,-0.2121227634208882,-1.7676896951740684,STABLE
شويبس مشروب غازي كلوب صودا - 950 مل,2026-05-12,950.0,932.6539372717438,-17.346062728256243,-1.8259013398164468,DOWN
شيبسى بطاطس بطعم الشطة والليمون - 26 جم,2026-05-12,26.0,26.96962538513127,0.9696253851312697,3.7293284043510373,STABLE
شيبسي بالجبنة المتبلة - 65 جم,2026-05-12,65.0,68.1427516608219,3.142751660821901,4.835002555110616,UP
شيبسي بالخل و الملح - 26 جم,2026-05-12,26.0,26.96962538513127,0.9696253851312697,3.7293284043510373,STABLE
شيبسي رقائق بطاطس بالطماطم - 140 جرام,2026-05-12,140.0,141.2067803221968,1.2067803221968063,0.8619859444262903,UP
شيبسي رقائق بطاطس بالكباب - 105 جرام,2026-05-12,105.0,108.7196391027797,3.719639102779695,3.542513431218757,UP
شيبسي رقائق بطاطس بالكباب - 130 جرام,2026-05-12,130.0,144.33277588917667,14.332775889176673,11.025212222443596,UP
شيبسي عائلي بالطماطم - 47 جم,2026-05-12,47.0,47.23108958788439,0.23108958788439082,0.4916799742221081,STABLE
شيش طاووك حلواني - 400جم,2026-05-12,234.0,224.79848334174847,-9.201516658251535,-3.93227207617587,DOWN
شيف إم شرائح عجينة باتيه - 400 جم - 2 قطعة,2026-05-12,400.0,402.4222507967035,2.4222507967035085,0.6055626991758771,UP
شيف ميمو عجينة باتية - 400 جرام - 3 قطع,2026-05-12,400.0,402.4222507967035,2.4222507967035085,0.6055626991758771,UP
شيف ميمو عجينة سمبوسة - 800 جم - 2 عبوة,2026-05-12,800.0,720.0538708438288,-79.9461291561712,-9.9932661445214,DOWN
شيفي ميكس صوص باربكيو - 1 كجم,2026-05-12,87.0,92.93546243116641,5.935462431166414,6.822370610536107,UP
شيفي ميكس صوص باربكيو - 340 جرام,2026-05-12,340.0,333.5730275951352,-6.4269724048647845,-1.8902860014308192,DOWN
شيفي ميكس كاتشب - 340 جرام,2026-05-12,5.0,7.278912356078499,2.278912356078499,45.57824712156998,UP
شيفي ميكس كاتشب حار - 340 جرام,2026-05-12,14.0,15.229634573871122,1.229634573871122,8.783104099079443,UP
شيفي ميكس مسطردة - 1 كجم,2026-05-12,78.0,77.67087814975875,-0.3291218502412505,-0.4219510900528853,STABLE
شيكولاتة ستون من حاج عرفة,2026-05-12,78.0,77.67087814975875,-0.3291218502412505,-0.4219510900528853,STABLE
شيكيتيتا بانيه حار - 400 جرام,2026-05-12,400.0,402.4222507967035,2.4222507967035085,0.6055626991758771,UP
شيكيتيتا بانيه دجاج حار - 1 كجم,2026-05-12,180.0,175.7527922898433,-4.247207710156687,-2.359559838975937,DOWN
شيكيتيتا برجر بقري - 1 كجم,2026-05-12,5.0,6.8446343997270604,1.8446343997270604,36.892687994541205,UP
شيكيتيتا برجر دجاج - 1 كجم,2026-05-12,154.0,155.07114504887016,1.0711450488701644,0.6955487330325744,UP
شيكيتيتا تشيكن ستربس - 1 كجم,2026-05-12,13.0,14.18708107806159,1.1870810780615901,9.131392908166077,UP
شيكيتيتا ستربس دجاج حار - 1 كجم,2026-05-12,288.0,268.1631729439553,-19.836827056044683,-6.887787172237737,DOWN
شيكيتيتا كفتة بقري - 350 جم,2026-05-12,350.0,349.432895259994,-0.5671047400060161,-0.16202992571600458,STABLE
شيكيتيتا كفتة بقري - 900 جرام,2026-05-12,900.0,788.7844541515689,-111.21554584843113,-12.357282872047904,DOWN
شيكيتيتا هوت دوج بقري - 12 قطعة,2026-05-12,12.0,12.63383158112408,0.6338315811240793,5.281929842700661,STABLE
شيكيتيتا هوت دوج بقري - 25 قطعة,2026-05-12,25.0,26.25807641315077,1.2580764131507713,5.032305652603085,UP
صافي كرتونة مياه - 600 مل - 20 قطعة,2026-05-12,600.0,518.5163972116343,-81.48360278836572,-13.580600464727619,DOWN
صدور بانيه روستي - 350 جم,2026-05-12,350.0,349.432895259994,-0.5671047400060161,-0.16202992571600458,STABLE
صدور بانيه كوكي كرانشي - 40 قطعة,2026-05-12,30.0,30.259159458235377,0.2591594582353771,0.8638648607845905,STABLE
صدور دجاج كوكي مع بطاطس - 8 قطع,2026-05-12,8.0,9.430109421433677,1.4301094214336771,17.876367767920964,UP
صدور فراخ بانيه حارة كوكي - 1 كجم,2026-05-12,16.0,16.621376957597143,0.6213769575971426,3.8836059849821414,STABLE
صلصة الكاري الصفراء سيام - 200 جرام,2026-05-12,200.0,202.1751499873623,2.175149987362289,1.0875749936811445,UP
صلصة حارة حار مازولا - 175 مل,2026-05-12,175.0,176.17970545355607,1.1797054535560676,0.6741174020320386,UP
صلصة حارة حار مازولا - 355 مل,2026-05-12,355.0,354.5067334837997,-0.4932665162003218,-0.13894831442262587,STABLE
صنوبر حاج عرفة,2026-05-12,612.0,581.2416785488948,-30.75832145110519,-5.025869518154442,DOWN
صوص أجنحة الدجاج الأصلية أمريكان جاردن - متوسطة - 355 مل,2026-05-12,355.0,354.5067334837997,-0.4932665162003218,-0.13894831442262587,STABLE
صوص أسكيز تريت بنكهة التوفي – 325 جرام,2026-05-12,325.0,320.8603487767576,-4.139651223242424,-1.273738837920746,DOWN
صوص الباربيكيو بابزي - 310 جرام,2026-05-12,310.0,322.13614137146266,12.136141371462656,3.9148843133750506,UP
صوص البستاشيو ماجيك مومنتس - 170 جرام,2026-05-12,170.0,168.09986771103192,-1.9001322889680807,-1.117724875863577,DOWN
صوص التارتار بويدور - 321 مل,2026-05-12,321.0,321.68417132536325,0.684171325363252,0.21313748453683862,STABLE
صوص التاكو الحار بوكو لوكو - 310 جرام,2026-05-12,310.0,322.13614137146266,12.136141371462656,3.9148843133750506,UP
صوص الرانش بابزي - 285 مل,2026-05-12,285.0,292.9431770053535,7.943177005353505,2.7870796510012297,UP
صوص الشوكولاتة الصحي زيرو تريت - 300 جرام,2026-05-12,300.0,348.940796161135,48.94079616113498,16.313598720378327,UP
صوص الفراولة الصحي زيرو تريت - 300 جرام,2026-05-12,300.0,348.940796161135,48.94079616113498,16.313598720378327,UP
صوص الفلفل الحار إنكونا الأصلي على الطريقة الهندية الغربية – 142 مل,2026-05-12,142.0,142.35383085669,0.3538308566899957,0.24917665964084204,STABLE
صوص الفلفل الحلو بالأناناس سيام - 250 مل,2026-05-12,250.0,247.58109011462136,-2.418909885378639,-0.9675639541514557,DOWN
صوص الليمون المعصفر كوكس - 250 جرام,2026-05-12,250.0,247.58109011462136,-2.418909885378639,-0.9675639541514557,DOWN
صوص الليمون والنعناع ماجيك مومينت - 180 جرام,2026-05-12,180.0,178.66556396265705,-1.3344360373429538,-0.7413533540794188,DOWN
صوص الهابانيرو والتاباسكو أمريكان جاردن الحارة جدًا - 58 مل,2026-05-12,58.0,58.959445530044626,0.9594455300446256,1.6542164311114236,STABLE
صوص باربكيو إنكونا بنكهة الجيرك الجامايكي – 142 مل,2026-05-12,142.0,142.35383085669,0.3538308566899957,0.24917665964084204,STABLE
صوص باربيكيو حفصة - 375 جم,2026-05-12,375.0,380.19382509230945,5.193825092309453,1.3850200246158542,UP
صوص باربيكيو هاينز - 200 جم,2026-05-12,200.0,202.1751499873623,2.175149987362289,1.0875749936811445,UP
صوص تاكو ميلد بوكو لوكو- 230 جم,2026-05-12,230.0,222.81819795297687,-7.181802047023126,-3.1225226291404895,DOWN
صوص سريراتشا بالفلفل الأحمر الحار سيام - 250 مل,2026-05-12,250.0,247.58109011462136,-2.418909885378639,-0.9675639541514557,DOWN
صوص سويت تشيلي زومرا - 740مل,2026-05-12,224.0,218.96742337773162,-5.03257662226838,-2.2466859920840982,DOWN
صوص سيراتشا حار زمرا - 450 مل,2026-05-12,450.0,440.2505916781519,-9.74940832184808,-2.1665351826329067,DOWN
صوص سيراتشا حار زومرا - 250مل,2026-05-12,119.0,123.21630374975062,4.216303749750622,3.5431123947484227,UP
صوص فلفل تاباسكو - 150مل,2026-05-12,379.0,384.71990070688094,5.719900706880935,1.509208629783888,UP
صوص فلفل حار هاينز - 195جم,2026-05-12,58.0,57.90125528661597,-0.09874471338402913,-0.17024950583453297,STABLE
صوص كولسلو أيلو - 400 جم,2026-05-12,400.0,404.06172847209876,4.061728472098764,1.015432118024691,UP
صينية بلاستيك أربيان متوسطة الحجم,2026-05-12,529.0,513.4138334930502,-15.58616650694978,-2.9463452754158377,DOWN
صينية بلاستيكية ماي تشويس - أسود,2026-05-12,149.0,147.77989702437478,-1.220102975625224,-0.8188610574665932,DOWN
صينية بلاستيكية ماي تشويس - بيج,2026-05-12,149.0,147.77989702437478,-1.220102975625224,-0.8188610574665932,DOWN
صينية بلاستيكية ماي تشويس - شفافة,2026-05-12,149.0,147.77989702437478,-1.220102975625224,-0.8188610574665932,DOWN
صينية تقديم ايليت بلاستيكية - لون بني,2026-05-12,149.0,147.77989702437478,-1.220102975625224,-0.8188610574665932,DOWN
صينية تقديم متوسطة ام ديزاين - 39 * 27 سم - فوشيا,2026-05-12,39.0,39.33929196625371,0.33929196625371105,0.8699794006505411,STABLE
صينية طعام شفافة ايليت,2026-05-12,165.0,166.94322465476807,1.9432246547680734,1.1777119119806505,UP
طبق بلاستيك ماي تشويس - 20 سم,2026-05-12,20.0,19.357212583018235,-0.6427874169817649,-3.2139370849088245,STABLE
طبق بلاستيك مينترا - حجم صغير - 16.5 سم,2026-05-12,16.5,16.046933887072225,-0.4530661129277753,-2.745855229865305,STABLE
طبق بلاستيك مينترا - حجم لارج - 21.6 سم,2026-05-12,21.6,20.912820858473356,-0.687179141526645,-3.1813849144752084,STABLE
طحينة البوادي - 125 جم,2026-05-12,125.0,127.99756702743421,2.997567027434215,2.3980536219473723,UP
طحينة البوادي - 20جم,2026-05-12,4.0,6.399105295622842,2.3991052956228422,59.97763239057106,UP
طحينة الرشيدي الميزان - 450 جم,2026-05-12,9.0,11.207227081710704,2.2072270817107036,24.524745352341153,UP
طحينة الميزان - 110 جم,2026-05-12,110.0,115.13862886851699,5.138628868516989,4.671480789560898,UP
طحينة جولد بالسمسم - 350 جرام,2026-05-12,350.0,349.22340456999683,-0.7765954300031694,-0.22188440857233413,STABLE
طحينية دون لوبيز - 350 جرام,2026-05-12,350.0,349.22340456999683,-0.7765954300031694,-0.22188440857233413,STABLE
طفاية أبو حمدة,2026-05-12,79.0,76.925543866699,-2.0744561333009983,-2.625893839621517,DOWN
طفاية ستانلس ستيل العربية فينوس,2026-05-12,80.0,79.39538455373024,-0.6046154462697615,-0.7557693078372019,STABLE
طفاية سجائر بلينك ماكس زجاجية - شفافة - ktg7006-1,2026-05-12,175.0,172.14201471891747,-2.8579852810825344,-1.633134446332877,DOWN
طفاية سجائر لاف زجاجية - أزرق,2026-05-12,49.0,47.98025787125607,-1.0197421287439283,-2.0811063851916907,DOWN
طفاية سجائر لاف كارينا زجاجية صغيرة - أزرق,2026-05-12,59.0,56.961213953749166,-2.0387860462508343,-3.455569569916668,DOWN
طقم أستيكة شكل إيموجي - 4 قطع,2026-05-12,4.0,8.058520593141752,4.058520593141752,101.4630148285438,UP
طقم أقلام رصاص ام اند جي خشب 2 اتش - 17 قلم - awp30412a,2026-05-12,2.0,3.8554960219276317,1.8554960219276317,92.7748010963816,UP
طقم أكواب اليت دايموند بلاستيكة - قطعتين,2026-05-12,45.0,43.88876788014361,-1.111232119856389,-2.469404710791976,DOWN
طقم ألوان حبر - 6 لون,2026-05-12,6.0,5.7330325433354075,-0.26696745666459254,-4.449457611076543,STABLE
طقم أوعية خلط جوندول - 3 قطع,2026-05-12,3.0,5.242354598104246,2.242354598104246,74.74515327014153,UP
طقم ادوات هندسية ديلي - 4 قطع,2026-05-12,4.0,3.9596229887355,-0.040377011264499885,-1.0094252816124971,STABLE
طقم اقلام جاف برافو دارك - أزرق - 10 أقلام,2026-05-12,10.0,9.755210818100108,-0.24478918189989152,-2.447891818998915,STABLE
طقم اقلام جاف برافو فانسي - 6 أقلام,2026-05-12,6.0,5.7330325433354075,-0.26696745666459254,-4.449457611076543,STABLE
طقم بولات ايليت - 3 قطع,2026-05-12,3.0,5.242354598104246,2.242354598104246,74.74515327014153,UP
طقم بولات تسالي من هيروبلاست - 2 بولة - أسود/ أبيض,2026-05-12,2.0,5.242354598104246,3.242354598104246,162.1177299052123,UP
طقم رحلات ايليت - 12 قطعة,2026-05-12,12.0,11.878035085385122,-0.12196491461487824,-1.0163742884573188,STABLE
طقم شفاطات طيبة - 100 شفاطة - شفافة,2026-05-12,100.0,105.23115419550474,5.231154195504743,5.231154195504743,UP
طقم شنط ديا تون - شنطة مدرسية + شنطة غداء + مقلمة,2026-05-12,699.0,682.7954637459467,-16.204536254053323,-2.318245529907485,DOWN
طقم عشاء المهندس - 24 قطعة,2026-05-12,24.0,23.50234559324413,-0.4976544067558706,-2.073560028149461,STABLE
طقم عشاء المهندس ديكالز - 24 قطعة,2026-05-12,24.0,23.50234559324413,-0.4976544067558706,-2.073560028149461,STABLE
طقم فواصل ملفات ملونة - 10 فواصل,2026-05-12,10.0,9.755210818100108,-0.24478918189989152,-2.447891818998915,STABLE
طقم كاسات طيبة بلاستيك 14 أونصة 25 قطعة,2026-05-12,14.0,14.092125441286319,0.09212544128631883,0.6580388663308488,STABLE
طماطم عضوية بايو لاند معبأة - 500جم,2026-05-12,47.0,45.313314610680294,-1.686685389319706,-3.588692317701502,DOWN
طيبة أطباق دائرية لأعياد الميلاد - 8 قطع,2026-05-12,8.0,8.669792999125718,0.6697929991257183,8.372412489071479,STABLE
طيبة أطباق كرتون - كبيرة - 20 قطعة,2026-05-12,20.0,19.357212583018235,-0.6427874169817649,-3.2139370849088245,STABLE
طيبة أكسترا رول مفرش سفرة - 15 قطعة - 110*110 سم,2026-05-12,15.0,13.942097462805227,-1.0579025371947726,-7.052683581298484,DOWN
طيبة أكواب بلاستيك - 180 مل - 50 قطعة - أبيض,2026-05-12,180.0,174.57707701169306,-5.4229229883069365,-3.012734993503854,DOWN
طيبة أكواب بلاستيك - 210 مل - 50 قطعة,2026-05-12,210.0,208.855605479093,-1.1443945209070137,-0.5449497718604827,DOWN
طيبة أكواب بلاستيكية - 20 قطعة,2026-05-12,20.0,19.357212583018235,-0.6427874169817649,-3.2139370849088245,STABLE
طيبة أكواب بلاستيكية - كبيرة الحجم,2026-05-12,9.0,9.906802653517095,0.9068026535170954,10.075585039078838,STABLE
طيبة أكواب ورقية - 1.44 مل - 50 كوب - أحمر,2026-05-12,1.44,5.242354598104246,3.802354598104246,264.0524026461282,UP
طيبة أكواب ورقية - 10 قطع,2026-05-12,10.0,11.391301490230097,1.3913014902300969,13.913014902300969,UP
طيبة أكواب ورقية - 12 أونصة - 10 قطع,2026-05-12,12.0,11.878035085385122,-0.12196491461487824,-1.0163742884573188,STABLE
طيبة أكواب ورقية - 12 أونصه - 50 قطعة,2026-05-12,12.0,11.878035085385122,-0.12196491461487824,-1.0163742884573188,STABLE
طيبة أكواب ورقية - 4 أونصه - 10 قطع,2026-05-12,4.0,5.242354598104246,1.2423545981042459,31.058864952606147,UP
طيبة أكواب ورقية - 4 أونصه - 50 قطعة,2026-05-12,4.0,5.242354598104246,1.2423545981042459,31.058864952606147,UP
طيبة أكواب ورقية - 8 أونصة - 10 قطع,2026-05-12,8.0,8.669792999125718,0.6697929991257183,8.372412489071479,STABLE
طيبة أكواب ورقية - 8 أونصة - 50 قطعة - أبيض,2026-05-12,8.0,8.669792999125718,0.6697929991257183,8.372412489071479,STABLE
طيبة أكواب ورقية - 8 أونصه - 25 قطع,2026-05-12,8.0,8.669792999125718,0.6697929991257183,8.372412489071479,STABLE
طيبة أكواب ورقية - 9 أونصه - 10 قطع,2026-05-12,9.0,9.906802653517095,0.9068026535170954,10.075585039078838,STABLE
طيبة أكواب ورقية بغطاء - 7 أوز - 50 كوب,2026-05-12,7.0,8.227935420762583,1.2279354207625826,17.541934582322607,UP
طيبة أكواب ورقية بغطاء - 9 أوز - 50 كوب,2026-05-12,9.0,9.906802653517095,0.9068026535170954,10.075585039078838,STABLE
طيبة أكواب ورقية مع غطاء - 24 قطع,2026-05-12,24.0,23.50234559324413,-0.4976544067558706,-2.073560028149461,STABLE
طيبة أكواب ورقية مع غطاء - 4 أونصه - 25 قطعة,2026-05-12,4.0,5.242354598104246,1.2423545981042459,31.058864952606147,UP
طيبة أكواب ورقية مع غطاء - 5 قطع,2026-05-12,5.0,6.081163175746281,1.0811631757462807,21.623263514925615,UP
طيبة أكواب ورقية مع غطاء - 8 أونصه - 24 قطعة,2026-05-12,8.0,8.669792999125718,0.6697929991257183,8.372412489071479,STABLE
طيبة أكواب ورقية مع غطاء -12 أونصه - 25 قطعة,2026-05-12,12.0,11.878035085385122,-0.12196491461487824,-1.0163742884573188,STABLE
طيبة إكستر سكاكين بلاستيك - 10 قطع,2026-05-12,10.0,11.391301490230097,1.3913014902300969,13.913014902300969,UP
طيبة إكسترا ملاعق - صغيرة - 10 قطع,2026-05-12,10.0,11.391301490230097,1.3913014902300969,13.913014902300969,UP
طيبة إيليت أطباق بلاستيك - كبيرة - 25 طبق,2026-05-12,25.0,25.537111652831538,0.5371116528315376,2.1484466113261504,STABLE
طيبة إيليت أطباق بلاستيك - متوسطة - 25 طبق,2026-05-12,25.0,25.537111652831538,0.5371116528315376,2.1484466113261504,STABLE
طيبة إيليت أطباق بلاستيك مستطيلة الشكل - 10 أطباق,2026-05-12,10.0,11.391301490230097,1.3913014902300969,13.913014902300969,UP
طيبة ايليت أطباق بلاستيك - 8 أطباق,2026-05-12,8.0,8.669792999125718,0.6697929991257183,8.372412489071479,STABLE
طيبة ايليت أطباق بلاستيك - حجم كبير - 10 أطباق,2026-05-12,10.0,11.391301490230097,1.3913014902300969,13.913014902300969,UP
طيبة ايليت أطباق بلاستيك - حجم وسط - 10 أطباق,2026-05-12,10.0,11.391301490230097,1.3913014902300969,13.913014902300969,UP
طيبة ايليت أطباق بلاستيك - صغيرة - 10 أطباق,2026-05-12,10.0,11.391301490230097,1.3913014902300969,13.913014902300969,UP
طيبة ايليت أطباق بلاستيك - صغيرة - 25 طبق,2026-05-12,25.0,25.537111652831538,0.5371116528315376,2.1484466113261504,STABLE
طيبة ايليت أطباق بلاستيك بيضاوية - 10 أطباق,2026-05-12,10.0,11.391301490230097,1.3913014902300969,13.913014902300969,UP
طيبة ايليت أطباق بلاستيك مستطيلة - 10 أطباق,2026-05-12,10.0,11.391301490230097,1.3913014902300969,13.913014902300969,UP
طيبة ايليت أطباق بلاستيك مقسم - حجم كبير - 10 أطباق,2026-05-12,10.0,11.391301490230097,1.3913014902300969,13.913014902300969,UP
طيبة بارتي ملاعق بلاستيكية صغيرة - 20 ملعقة,2026-05-12,20.0,19.357212583018235,-0.6427874169817649,-3.2139370849088245,STABLE
طيبة رول مفرش سفرة - 110 *110 سم,2026-05-12,110.0,110.57980546881105,0.5798054688110454,0.5270958807373141,STABLE
طيبة سكاكين بلاستيك للحفلات و النزه - 10 قطع,2026-05-12,10.0,11.391301490230097,1.3913014902300969,13.913014902300969,UP
طيبة شفاط بلاستيك للديكور,2026-05-12,18.0,17.63711188875769,-0.36288811124230946,-2.0160450624572746,STABLE
طيبة شفاط مرن - 50 قطعة,2026-05-12,50.0,49.76216375973339,-0.23783624026660988,-0.4756724805332197,STABLE
طيبة شفاطات شرب بلاستيكية مرنة قابلة للاستخدام مرة واحدة - 100 شفاطة - ملونة,2026-05-12,100.0,105.23115419550474,5.231154195504743,5.231154195504743,UP
طيبة شفاطات مشاريب - 150 شفاطة,2026-05-12,150.0,152.97546296978635,2.9754629697863493,1.9836419798575662,UP
طيبة شفاطة بلاستيك عريضة للحفلات والنزه - 50 قطعة,2026-05-12,50.0,49.76216375973339,-0.23783624026660988,-0.4756724805332197,STABLE
طيبة شفاطة ورق - 25 قطعة,2026-05-12,25.0,25.537111652831538,0.5371116528315376,2.1484466113261504,STABLE
طيبة شوك بلاستيك للاستخدام مرة واحدة - 10 شوك - أبيض,2026-05-12,10.0,11.391301490230097,1.3913014902300969,13.913014902300969,UP
طيبة شوك بلاستيك للحفلات و النزه - 50 قطع,2026-05-12,50.0,49.76216375973339,-0.23783624026660988,-0.4756724805332197,STABLE
طيبة طقم شوك وملاعق بلاستيك - 20 قطعة,2026-05-12,20.0,19.357212583018235,-0.6427874169817649,-3.2139370849088245,STABLE
طيبة كاتليري طقم سكاكين - 10 سكاكين,2026-05-12,10.0,11.391301490230097,1.3913014902300969,13.913014902300969,UP
طيبة كاتليري طقم سكاكين - 25 سكينة,2026-05-12,25.0,25.537111652831538,0.5371116528315376,2.1484466113261504,STABLE
طيبة كاتليري طقم شوك بلاستيك - 10 شوك,2026-05-12,10.0,11.391301490230097,1.3913014902300969,13.913014902300969,UP
طيبة كاتليري طقم شوك بلاستيك - 25 شوكة,2026-05-12,25.0,25.537111652831538,0.5371116528315376,2.1484466113261504,STABLE
طيبة كاتليري طقم ملاعق بلاستيك - 10 ملاعق,2026-05-12,10.0,11.391301490230097,1.3913014902300969,13.913014902300969,UP
طيبة كاتليري طقم ملاعق بلاستيك - 25 ملعقة,2026-05-12,25.0,25.537111652831538,0.5371116528315376,2.1484466113261504,STABLE
طيبة كرتون أطباق - 20 قطعة,2026-05-12,20.0,19.357212583018235,-0.6427874169817649,-3.2139370849088245,STABLE
طيبة كوب بلاستيك صغير,2026-05-12,7.0,8.227935420762583,1.2279354207625826,17.541934582322607,UP
طيبة لوميير أطباق بلاستيك - حجم صغير - 10 أطباق,2026-05-12,10.0,11.391301490230097,1.3913014902300969,13.913014902300969,UP
طيبة لوميير أطباق بلاستيك - حجم كبير - 10 أطباق,2026-05-12,10.0,11.391301490230097,1.3913014902300969,13.913014902300969,UP
طيبة مارينا رول مفرش سفرة - 3 قطع - 110 في 110 سم,2026-05-12,3.0,3.8542162515335114,0.8542162515335114,28.473875051117048,STABLE
طيبة ملاعق بلاستيك - صغيرة - 100 قطعة,2026-05-12,100.0,105.23115419550474,5.231154195504743,5.231154195504743,UP
طيبة ملاعق بلاستيك للاستخدام مرة واحدة - 10 ملاعق - أبيض,2026-05-12,10.0,11.391301490230097,1.3913014902300969,13.913014902300969,UP
طيبة ملاعق بلاستيك للاستخدام مرة واحدة - 50 ملعقة - شفافة,2026-05-12,50.0,49.76216375973339,-0.23783624026660988,-0.4756724805332197,STABLE
طيبة ملاعق بلاستيك للحفلات و النزه - 10 قطع,2026-05-12,10.0,11.391301490230097,1.3913014902300969,13.913014902300969,UP
طيبة مناديل مائدة للاستعمال مرة واحدة - 20 قطعة - أبيض,2026-05-12,20.0,19.357212583018235,-0.6427874169817649,-3.2139370849088245,STABLE
عبوة أعواد قرفة,2026-05-12,84.0,83.77493199836246,-0.22506800163753837,-0.2679380971875457,STABLE
عبوة إعادة تعبئة معطر جو جليد عود ديزاير - قطعتان + عبوة إعادة تعبئة معطر جو عبق الورد - 269 مل,2026-05-12,269.0,249.4320535580092,-19.567946441990813,-7.274329532338592,DOWN
عبور لاند عصير اناناس - 200 مل,2026-05-12,200.0,205.60893267509945,5.608932675099453,2.8044663375497265,UP
عبور لاند عصير تفاح - 1 لتر,2026-05-12,33.0,32.0657128965379,-0.934287103462097,-2.8311730407942335,STABLE
عبور لاند عصير كوكتيل - 1 لتر,2026-05-12,33.0,32.0657128965379,-0.934287103462097,-2.8311730407942335,STABLE
عبور لاند عصير مانجو - 1 لتر,2026-05-12,33.0,32.0657128965379,-0.934287103462097,-2.8311730407942335,STABLE
عجينة جلاش السنبلة - 400 جرام,2026-05-12,400.0,402.4222507967035,2.4222507967035085,0.6055626991758771,UP
عدن طبق تقديم - 21 سم - بينك,2026-05-12,21.0,20.108320694307576,-0.8916793056924242,-4.246091931868686,STABLE
عسل زهور البرسيم مرام - 450جم,2026-05-12,119.0,124.91936088527028,5.9193608852702795,4.974252844764941,UP
عسل نحل زهور البرسيم مرام 950 جم + عسل أسود - 400 جرام,2026-05-12,950.0,931.3603147888981,-18.63968521110189,-1.9620721274844095,DOWN
عسل نحل زهور الربيع مرام - 450جم,2026-05-12,134.0,138.11675285903985,4.116752859039849,3.072203626149141,UP
عسل نحل زهور الربيع مرام - 900جم,2026-05-12,246.0,253.71211955328204,7.712119553282037,3.135007948488633,UP
عصا ممسحة سبونتكس - 120 سم,2026-05-12,120.0,122.30096423312601,2.3009642331260096,1.9174701942716748,UP
عصير أصلان بالفواكه الاستوائية - 1 لتر,2026-05-12,35.0,34.06616798862149,-0.933832011378513,-2.668091461081466,STABLE
عصير أصلان كيوي ليمون بالنعناع - 1 لتر,2026-05-12,35.0,34.06616798862149,-0.933832011378513,-2.668091461081466,STABLE
عصير أناناس لمار - 200 مل,2026-05-12,200.0,205.60893267509945,5.608932675099453,2.8044663375497265,UP
عصير أناناس من بيتي - 1 لتر,2026-05-12,32.0,30.917258289483836,-1.0827417105161636,-3.3835678453630114,DOWN
عصير أناناس من لمار - 1 لنر,2026-05-12,38.0,36.156821600632334,-1.843178399367666,-4.8504694720201735,DOWN
عصير أنانس من جهينه - 235 مل,2026-05-12,235.0,236.77602511108262,1.7760251110826175,0.7557553664181351,UP
عصير استوائي اصلان - 235 مل,2026-05-12,17.0,23.216271797374493,6.2162717973744925,36.56630469043819,UP
عصير الأناناس سيزر - 250 مل,2026-05-12,250.0,247.28112526171415,-2.718874738285848,-1.0875498953143392,DOWN
عصير البرتقال سيزر - 250 مل,2026-05-12,250.0,247.28112526171415,-2.718874738285848,-1.0875498953143392,DOWN
عصير التفاح سيزر - 250 مل,2026-05-12,250.0,247.28112526171415,-2.718874738285848,-1.0875498953143392,DOWN
عصير الجزر والبرتقال سيزر - 250 مل,2026-05-12,250.0,247.28112526171415,-2.718874738285848,-1.0875498953143392,DOWN
عصير الكوكتيل سيزر - 250 مل,2026-05-12,250.0,247.28112526171415,-2.718874738285848,-1.0875498953143392,DOWN
عصير المانجو سيزر - 250 مل,2026-05-12,250.0,247.28112526171415,-2.718874738285848,-1.0875498953143392,DOWN
عصير المانجو والخوخ اصلان - 1 لتر,2026-05-12,35.0,34.06616798862149,-0.933832011378513,-2.668091461081466,STABLE
عصير اليوسفي الحار سن توب - 250 مل,2026-05-12,16.0,15.769571185338137,-0.23042881466186316,-1.4401800916366447,STABLE
عصير اناناس اصلان - 235 مل,2026-05-12,17.0,23.216271797374493,6.2162717973744925,36.56630469043819,UP
عصير اناناس دومتي - 1 لتر,2026-05-12,11.0,11.372423231156523,0.37242323115652276,3.3856657377865704,STABLE
عصير اناناس صن توب - 250 مل,2026-05-12,16.0,15.769571185338137,-0.23042881466186316,-1.4401800916366447,STABLE
عصير برتقال اصلان - 1 لتر,2026-05-12,35.0,34.06616798862149,-0.933832011378513,-2.668091461081466,STABLE
عصير برتقال بودرة تانج - 40 جرام,2026-05-12,40.0,39.512643482822206,-0.48735651717779405,-1.2183912929444851,STABLE
عصير برتقال بيتي تروبيكانا - 1 لتر - قطعتين,2026-05-12,59.0,56.631431716879966,-2.368568283120034,-4.01452251376277,DOWN
عصير برتقال بيتي تروبيكانا - 235مل,2026-05-12,9.0,9.860789504529082,0.8607895045290821,9.564327828100911,STABLE
عصير برتقال جهينه - 235 مل,2026-05-12,235.0,236.77602511108262,1.7760251110826175,0.7557553664181351,UP
عصير برتقال دومتي - 235مل,2026-05-12,8.0,8.623779850137703,0.6237798501377032,7.79724812672129,STABLE
عصير برتقال عبور لاند - 200 مل,2026-05-12,200.0,205.60893267509945,5.608932675099453,2.8044663375497265,UP
عصير برتقال من بيتي - 1 لتر,2026-05-12,32.0,30.917258289483836,-1.0827417105161636,-3.3835678453630114,DOWN
عصير بشاير أناناس - 200 مل,2026-05-12,200.0,205.60893267509945,5.608932675099453,2.8044663375497265,UP
عصير بشاير برتقال - 200 مل,2026-05-12,200.0,205.60893267509945,5.608932675099453,2.8044663375497265,UP
عصير بشاير مانجو - 200 مل,2026-05-12,200.0,205.60893267509945,5.608932675099453,2.8044663375497265,UP
عصير بيتي بلس برتقال - 235 مل,2026-05-12,235.0,236.77602511108262,1.7760251110826175,0.7557553664181351,UP
عصير بيتي بلس ليمون بالنعناع - 235 مل,2026-05-12,235.0,236.77602511108262,1.7760251110826175,0.7557553664181351,UP
عصير بيتي تروبيكانا أناناس - 235 مل,2026-05-12,235.0,236.77602511108262,1.7760251110826175,0.7557553664181351,UP
عصير تفاح اصلان - 1 لتر,2026-05-12,35.0,34.06616798862149,-0.933832011378513,-2.668091461081466,STABLE
عصير تفاح اصلان - 235 مل,2026-05-12,17.0,17.218544195614456,0.21854419561445582,1.2855540918497401,STABLE
عصير تفاح بيتي كل يوم - 225مل,2026-05-12,6.0,7.0638062970183855,1.0638062970183855,17.730104950306426,UP
عصير تفاح راني - 235 مل,2026-05-12,235.0,236.77602511108262,1.7760251110826175,0.7557553664181351,UP
عصير تفاح لامار - 1 لتر,2026-05-12,65.0,64.44736363600066,-0.5526363639993406,-0.8502097907682162,STABLE
عصير تفاح لمار - 1 لتر,2026-05-12,38.0,36.156821600632334,-1.843178399367666,-4.8504694720201735,DOWN
عصير تفاح من بيتي - 1 لتر,2026-05-12,32.0,30.917258289483836,-1.0827417105161636,-3.3835678453630114,DOWN
عصير تفاح من جهينه - 235 مل,2026-05-12,235.0,236.74224195235857,1.7422419523585688,0.7413795541951357,UP
عصير جهينة بريميوم كلاسيكس برتقال - 1 لتر,2026-05-12,36.0,34.80185493008242,-1.1981450699175795,-3.3281807497710543,DOWN
عصير جهينة كلاسيك كوكتيل - 1 لتر,2026-05-12,36.0,34.80185493008242,-1.1981450699175795,-3.3281807497710543,DOWN
عصير جوافة اصلان - 235 مل,2026-05-12,17.0,17.218544195614456,0.21854419561445582,1.2855540918497401,STABLE
عصير جوافة بيتي تروبيكانا - 235مل,2026-05-12,9.0,9.860789504529082,0.8607895045290821,9.564327828100911,STABLE
عصير جوافة جهينه - 235 مل,2026-05-12,235.0,236.77602511108262,1.7760251110826175,0.7557553664181351,UP
عصير جوافة روتس - 1 لتر,2026-05-12,36.0,34.80185493008242,-1.1981450699175795,-3.3281807497710543,DOWN
عصير جوافة عبور لاند - 200 مل,2026-05-12,200.0,205.60893267509945,5.608932675099453,2.8044663375497265,UP
عصير جوافة لمار - 200 مل,2026-05-12,200.0,205.60893267509945,5.608932675099453,2.8044663375497265,UP
عصير جوافة من بيتي - 1 لتر,2026-05-12,32.0,30.917258289483836,-1.0827417105161636,-3.3835678453630114,DOWN
عصير خوخ بودرة فروتي - 12 جرام - 20 قطعة,2026-05-12,12.0,11.787877236579112,-0.2121227634208882,-1.7676896951740684,STABLE
عصير خوخ لمار - 200 مل,2026-05-12,200.0,205.60893267509945,5.608932675099453,2.8044663375497265,UP
عصير خوخ من لمار - 1 لتر,2026-05-12,38.0,36.156821600632334,-1.843178399367666,-4.8504694720201735,DOWN
عصير دومتي بليندز بالكيوي والليمون والنعناع - 235 مل,2026-05-12,235.0,236.77602511108262,1.7760251110826175,0.7557553664181351,UP
عصير دومتي بليندز بالموز والفراولة - 235 مل,2026-05-12,235.0,236.77602511108262,1.7760251110826175,0.7557553664181351,UP
عصير دومتي فراولة وموز - 1 لتر,2026-05-12,12.0,11.787877236579112,-0.2121227634208882,-1.7676896951740684,STABLE
عصير دومتي مانجو وجوافه - 1 لتر,2026-05-12,12.0,11.787877236579112,-0.2121227634208882,-1.7676896951740684,STABLE
عصير راوخ بالعنب الأحمر - 900 مللي,2026-05-12,900.0,932.6539372717438,32.65393727174376,3.6282152524159725,UP
عصير راوخ خوخ فوار - 250 مل,2026-05-12,250.0,247.28112526171415,-2.718874738285848,-1.0875498953143392,DOWN
عصير رمان لمار - 200 مل,2026-05-12,200.0,205.60893267509945,5.608932675099453,2.8044663375497265,UP
عصير طماطم لمار - 200 مل,2026-05-12,200.0,205.60893267509945,5.608932675099453,2.8044663375497265,UP
عصير عبور لاند بالبرتقال - 1 لتر,2026-05-12,33.0,32.0657128965379,-0.934287103462097,-2.8311730407942335,STABLE
عصير كرانبيري لمار - 200مل,2026-05-12,14.0,14.00196759248031,0.0019675924803106426,0.014054232002218874,STABLE
عصير كوكتيل اصلان - 235 مل,2026-05-12,17.0,17.218544195614456,0.21854419561445582,1.2855540918497401,STABLE
عصير كوكتيل بيتي تروبيكانا - 1 لتر- قطعتين,2026-05-12,59.0,56.631431716879966,-2.368568283120034,-4.01452251376277,DOWN
عصير كوكتيل بيتي تروبيكانا - 235مل,2026-05-12,9.0,9.860789504529082,0.8607895045290821,9.564327828100911,STABLE
عصير كوكتيل عبور لاند - 200 مل,2026-05-12,200.0,205.60893267509945,5.608932675099453,2.8044663375497265,UP
عصير كوكتيل من بيتي - 1 لتر,2026-05-12,32.0,30.917258289483836,-1.0827417105161636,-3.3835678453630114,DOWN
عصير كوكتيل من جهينه - 235 مل,2026-05-12,235.0,236.77602511108262,1.7760251110826175,0.7557553664181351,UP
عصير كوكتيل من لمار - 200 مل,2026-05-12,200.0,205.60893267509945,5.608932675099453,2.8044663375497265,UP
عصير ليمون بالنعناع لمار - 1 لتر,2026-05-12,38.0,36.156821600632334,-1.843178399367666,-4.8504694720201735,DOWN
عصير ليمون بالنعناع لمار - 200 مل,2026-05-12,200.0,205.60893267509945,5.608932675099453,2.8044663375497265,UP
عصير ليمون وردي سن توب - 250 مل,2026-05-12,16.0,15.769571185338137,-0.23042881466186316,-1.4401800916366447,STABLE
عصير مانجو اصلان - 1 لتر,2026-05-12,35.0,34.06616798862149,-0.933832011378513,-2.668091461081466,STABLE
عصير مانجو بيتي كل يوم - 225مل,2026-05-12,6.0,12.956481223136626,6.956481223136626,115.94135371894376,UP
عصير مانجو جهينه - 235 مل,2026-05-12,235.0,236.74224195235857,1.7422419523585688,0.7413795541951357,UP
عصير مانجو راني - 1 لتر,2026-05-12,49.0,47.8969500913893,-1.1030499086107,-2.2511222624708163,DOWN
عصير مانجو صن توب - 250 مل,2026-05-12,16.0,15.769571185338137,-0.23042881466186316,-1.4401800916366447,STABLE
عصير مانجو لمار - 200مل,2026-05-12,14.0,14.00196759248031,0.0019675924803106426,0.014054232002218874,STABLE
عصير مانجو لمار 100% طبيعي - 1 لتر,2026-05-12,100.0,103.89301896000244,3.8930189600024363,3.893018960002436,UP
عصير مانجو من بيتي - 1 لتر,2026-05-12,33.0,32.0657128965379,-0.934287103462097,-2.8311730407942335,STABLE
عصير مانجو وجوافة دومتي - 235 مل,2026-05-12,235.0,236.77602511108262,1.7760251110826175,0.7557553664181351,UP
عصير مكس توت صن توب - 250 مل,2026-05-12,16.0,15.769571185338137,-0.23042881466186316,-1.4401800916366447,STABLE
عصير يوسفي جهينة - 235 مل,2026-05-12,235.0,236.77602511108262,1.7760251110826175,0.7557553664181351,UP
عصيرأسلان مانجو وخوخ - 235 مل,2026-05-12,17.0,17.218544195614456,0.21854419561445582,1.2855540918497401,STABLE
عصيرجهينة كلاسيك جوافة - 1 لتر,2026-05-12,36.0,34.80185493008242,-1.1981450699175795,-3.3281807497710543,DOWN
عصيرجهينة كلاسيك مانجو - 1 لتر,2026-05-12,37.0,35.706932875021465,-1.2930671249785348,-3.4947760134554993,DOWN
عصيرراوخ تفاح فوار - 250 مل,2026-05-12,250.0,247.28112526171415,-2.718874738285848,-1.0875498953143392,DOWN
عصيرراوخ عنب ابيض فوار - 250 مل,2026-05-12,250.0,247.28112526171415,-2.718874738285848,-1.0875498953143392,DOWN
عصيرصن توب كوكتيل - 250 مل,2026-05-12,16.0,15.769571185338137,-0.23042881466186316,-1.4401800916366447,STABLE
علبة برازق,2026-05-12,149.0,152.08050164659832,3.0805016465983215,2.0674507695290747,UP
علبة حبوب تيميز سويت فليكس - 250 جرام,2026-05-12,250.0,247.58109011462136,-2.418909885378639,-0.9675639541514557,DOWN
عيش بلدي ريتش بيك - 4 قطع,2026-05-12,4.0,4.765568774246742,0.7655687742467423,19.139219356168557,STABLE
عين الست,2026-05-12,180.0,184.2258825460411,4.225882546041106,2.3477125255783924,UP
عين جمل حجم كبير من حاج عرفة,2026-05-12,225.0,221.13394779180317,-3.866052208196834,-1.7182454258652595,DOWN
غذاء ملكات النحل بالعسل الخام,2026-05-12,314.0,317.08938346887146,3.0893834688714605,0.9838800856278536,UP
فارفيللو خل العنب الأبيض - 500 مل,2026-05-12,500.0,498.81733030678015,-1.1826696932198502,-0.23653393864397002,DOWN
فارفيللو خل عنب احمر - 500 مل,2026-05-12,500.0,498.81733030678015,-1.1826696932198502,-0.23653393864397002,DOWN
فارم فريتس بطاطس بوم فريت - 1 كجم,2026-05-12,66.0,64.51001203265133,-1.489987967348668,-2.2575575262858605,DOWN
فارم فريتس بطاطس بوم فريت - 2.5 كجم,2026-05-12,2.5,5.966083783648153,3.466083783648153,138.6433513459261,UP
فارم فريتس بطاطس تغميسة - 500 جرام,2026-05-12,500.0,507.5384005868036,7.538400586803618,1.5076801173607237,UP
فارم فريتس بطاطس رفيعة - 1 كجم,2026-05-12,66.0,64.51001203265133,-1.489987967348668,-2.2575575262858605,DOWN
فارم فريتس بطاطس رفيعة - 2.5 كيلو,2026-05-12,2.5,5.966083783648153,3.466083783648153,138.6433513459261,UP
فارم فريتس بطاطس ستيك هاووس - 750 جرام,2026-05-12,750.0,698.1708463161798,-51.82915368382021,-6.9105538245093605,DOWN
فارم فريتس بطاطس مكعبات - 500 جرام,2026-05-12,500.0,507.5384005868036,7.538400586803618,1.5076801173607237,UP
فارم فريتس بطاطس ودجز متبلة - 500 جرام,2026-05-12,500.0,507.5384005868036,7.538400586803618,1.5076801173607237,UP
فارم فريتس بطاطس ويدجز - 750 جرام,2026-05-12,750.0,698.1708463161798,-51.82915368382021,-6.9105538245093605,DOWN
فاصوليا خضراء مجمدة جرين هاوس - 400 جرام,2026-05-12,400.0,402.4222507967035,2.4222507967035085,0.6055626991758771,UP
فاصولياء خضراء مجمدة شهرزاد - 400 جرام,2026-05-12,400.0,402.4222507967035,2.4222507967035085,0.6055626991758771,UP
فاميليا رول مناديل مطبخ - اكس اكس لارج - 820 جرام,2026-05-12,13.0,13.431284582322633,0.43128458232263256,3.3175737101740967,STABLE
فاميليا كلاسيك مناديل مطبخ - 6 رول,2026-05-12,6.0,7.109818969169242,1.1098189691692424,18.49698281948737,UP
فاميليا مناديل للوجه 500 منديل 2 طبقة - 6 قطع,2026-05-12,38.0,36.14810274971753,-1.8518972502824695,-4.873413816532814,DOWN
فاميليا مناديل وجه - 500 منديل - 3 عبوات,2026-05-12,500.0,500.27039944116285,0.2703994411628514,0.05407988823257028,STABLE
فاميليا مناديل وجه 3 طبقات - 500 منديل - 3 عبوات,2026-05-12,3.0,5.242354598104246,2.242354598104246,74.74515327014153,UP
فان داي فشار بالفواكه المتنوعة - 60 جم,2026-05-12,60.0,60.24883998740697,0.2488399874069671,0.41473331234494515,STABLE
فانتا بالبرتقال - 2.45 لتر,2026-05-12,2.45,5.219324704621356,2.769324704621356,113.03366141311658,UP
فانتا برتقال - 1.45 لتر,2026-05-12,23.0,22.102717807871812,-0.8972821921281877,-3.9012269222964684,STABLE
فانتا برتقال - 320 مل,2026-05-12,15.0,14.558675790460173,-0.4413242095398271,-2.9421613969321805,STABLE
فانتا برتقال زجاجة بلاستيك - 300 مل,2026-05-12,300.0,319.4272225180408,19.42722251804082,6.47574083934694,UP
فانيش سائل تنظيف - 900 مل - 3 قطع,2026-05-12,900.0,933.4365734329758,33.43657343297582,3.715174825886202,UP
فانيش سائل مزيل للبقع - 450 مل,2026-05-12,450.0,446.97228846512127,-3.0277115348787333,-0.6728247855286075,DOWN
فانيليا دريم - 2جم,2026-05-12,50.0,51.475741695197456,1.4757416951974562,2.9514833903949125,UP
فانيليا سائلة دون لوبيز - 60 مل,2026-05-12,60.0,60.24883998740697,0.2488399874069671,0.41473331234494515,STABLE
فانيليا كوكس، 1 جم - 100 عبوة,2026-05-12,100.0,102.07746009759929,2.0774600975992854,2.0774600975992854,UP
فانيلين تاج الملوك - 1 جرام - 100 باكت,2026-05-12,100.0,102.07746009759929,2.0774600975992854,2.0774600975992854,UP
فانيلين من تاج الملوك - 1 جرام,2026-05-12,99.0,102.41475146071122,3.4147514607112157,3.4492438997082986,UP
فايف مينتس بسبوسة - 350 جم,2026-05-12,45.0,45.414925676338356,0.4149256763383562,0.9220570585296805,STABLE
فايف مينيتس كريم شانتيه بالشوكولاتة - 45 جرام,2026-05-12,45.0,45.414925676338356,0.4149256763383562,0.9220570585296805,STABLE
فاين سليم مناديل وجه - 120 منديل,2026-05-12,120.0,122.30096423312601,2.3009642331260096,1.9174701942716748,UP
فاين فلافى مناديل وجه - 600 منديل,2026-05-12,600.0,585.3701512871595,-14.629848712840499,-2.4383081188067495,DOWN
فراب ات سبانش لاتيه - 35 جرام,2026-05-12,35.0,34.06616798862149,-0.933832011378513,-2.668091461081466,STABLE
فراب ات فانيليا - 30 جرام,2026-05-12,30.0,29.464638089234786,-0.5353619107652143,-1.7845397025507144,STABLE
فراب ات قهوة فرابيه - 30 جم,2026-05-12,30.0,29.464638089234786,-0.5353619107652143,-1.7845397025507144,STABLE
فراب ات كراميل فرابيه - 30 جم,2026-05-12,30.0,29.464638089234786,-0.5353619107652143,-1.7845397025507144,STABLE
فراب ات موكا فرابيه - 30 جم,2026-05-12,30.0,29.464638089234786,-0.5353619107652143,-1.7845397025507144,STABLE
فراب ات وايت موكا - 35 جرام,2026-05-12,35.0,34.06616798862149,-0.933832011378513,-2.668091461081466,STABLE
فرابيه الكراميل يلا فراب ات 35 جم - 10 أكياس + كوب مجاني,2026-05-12,35.0,34.06616798862149,-0.933832011378513,-2.668091461081466,STABLE
فراخ بانية ثري شيف - 1كجم,2026-05-12,245.0,244.7867312689334,-0.2132687310665915,-0.08704846165983327,STABLE
فراخ بانية حارة ثري شيف - 1كجم,2026-05-12,245.0,244.7867312689334,-0.2132687310665915,-0.08704846165983327,STABLE
فراخ بانيه حلواني - 400جم,2026-05-12,153.0,152.93796800016594,-0.062031999834061935,-0.04054379074121695,STABLE
فراخ بانيه روستي - 1 كيلو,2026-05-12,187.0,190.54829411980964,3.54829411980964,1.8974834865292192,UP
فراخ بانيه روستي - 1كجم,2026-05-12,172.0,166.96699796521045,-5.033002034789547,-2.926163973714853,DOWN
فراخ بانيه روستي - 750جم,2026-05-12,143.0,140.34191644753966,-2.65808355246034,-1.8587996870352028,DOWN
فراخ مقلية حارة كوكي - 12 قطعة + بطاطس,2026-05-12,17.0,18.06329860040456,1.0632986004045613,6.2546976494385955,UP
فرازه أجنحة دجاج مجمدة - 900 جرام,2026-05-12,900.0,788.7844541515689,-111.21554584843113,-12.357282872047904,DOWN
فرازه أوراك الدجاج المجمدة - 900 جرام,2026-05-12,900.0,788.7844541515689,-111.21554584843113,-12.357282872047904,DOWN
فرازه دبابيس دجاج طازة - 900 جرام,2026-05-12,900.0,788.7844541515689,-111.21554584843113,-12.357282872047904,DOWN
فرازه فرخة كاملة مجمدة - 1100-1200 جرام,2026-05-12,1100.0,940.7833672425118,-159.21663275748824,-14.47423934158984,DOWN
فرازه فرخة كاملة مجمدة - 1300-1400 جرام,2026-05-12,1300.0,940.7833672425118,-359.21663275748824,-27.632048673652942,DOWN
فرانك دجاج كوكتيل - 500 جم,2026-05-12,500.0,507.5384005868036,7.538400586803618,1.5076801173607237,UP
فرحة بانيه دجاج مجمد - 900 جرام,2026-05-12,900.0,788.7844541515689,-111.21554584843113,-12.357282872047904,DOWN
فرحة كفتة بقري - 30 قطعة,2026-05-12,30.0,30.259159458235377,0.2591594582353771,0.8638648607845905,STABLE
فرحة وجبة فراخ - 12 قطعة,2026-05-12,12.0,12.63383158112408,0.6338315811240793,5.281929842700661,STABLE
فرخة كاملة فيونكة - 1200-1300 جرام,2026-05-12,1200.0,940.7833672425118,-259.21663275748824,-21.60138606312402,DOWN
فرخة كاملة كوكي - 1000-1100 جم,2026-05-12,1000.0,825.9276667014155,-174.07233329858445,-17.407233329858446,DOWN
فرخة كاملة كوكي - 950-1000 جم,2026-05-12,950.0,806.2011093141674,-143.7988906858326,-15.136725335350798,DOWN
فرخة كاملة مجمدة فيونكة - 950-1000 جرام,2026-05-12,950.0,806.2011093141674,-143.7988906858326,-15.136725335350798,DOWN
فرخة كاملة مليكة - 1100-1000 جرام,2026-05-12,11.0,12.206748848844208,1.2067488488442084,10.970444080401895,UP
فرخة كاملة مليكة - 1100-1200 جرام,2026-05-12,1100.0,91.78719548217337,-1008.2128045178266,-91.65570950162059,DOWN
فرسان خل تفاح - 500 مل,2026-05-12,500.0,498.81733030678015,-1.1826696932198502,-0.23653393864397002,DOWN
فرست وان رول مفرش سفرة مطبوع - 15 مفرش,2026-05-12,15.0,13.942097462805227,-1.0579025371947726,-7.052683581298484,DOWN
فرشاة أرضيات تونكيتا الاحترافية بمقبض,2026-05-12,259.0,238.47929670648907,-20.520703293510934,-7.923051464676037,DOWN
فرشاة أرضية رينامورا مانو,2026-05-12,99.0,102.67396008792765,3.6739600879276537,3.711070795886519,UP
فرشاة أطباق تيتيز,2026-05-12,115.0,131.118650149613,16.11865014961299,14.016217521402599,UP
فرشاة المرحاض تيتيز,2026-05-12,199.0,200.81284058794486,1.8128405879448621,0.9109751698215387,UP
فرشاة المرحاض زينيا استنليس استيل,2026-05-12,399.0,392.37185589706223,-6.6281441029377675,-1.661188998230017,DOWN
فرشاة تنظيف الهلال والنجمة الفضية بيد طويلة مع جاروف - أصفر وأزرق,2026-05-12,249.0,247.2760436928635,-1.7239563071364898,-0.6923519305769036,DOWN
فرشاة تواليت ارامكس مع حامل,2026-05-12,199.0,200.81284058794486,1.8128405879448621,0.9109751698215387,UP
فرشاة تواليت سيليكون رينامورا,2026-05-12,375.0,380.2167472776187,5.216747277618708,1.3911326073649888,UP
فرشاة مرحاض زينيا معدنية خضراء,2026-05-12,495.0,479.90425304040974,-15.095746959590258,-3.0496458504222743,DOWN
فرشاة مرحاض زينيا معدنية وردية,2026-05-12,495.0,479.90425304040974,-15.095746959590258,-3.0496458504222743,DOWN
فرشاة مقشة تيتيز,2026-05-12,275.0,229.93808146122888,-45.061918538771124,-16.38615219591677,DOWN
فروتى مانجو مركز*20 ظرف,2026-05-12,20.0,19.3112000698131,-0.6887999301868994,-3.443999650934497,STABLE
فروتي عصير برتقال بودرة - 12 جرام,2026-05-12,12.0,11.787877236579112,-0.2121227634208882,-1.7676896951740684,STABLE
فروتي عصير خوخ بودرة - 10 جرام,2026-05-12,10.0,11.345288341242082,1.3452883412420817,13.45288341242082,UP
فروتي مسحوق مشروب طعم المانجو - 750 جرام,2026-05-12,750.0,744.8183965645629,-5.181603435437069,-0.6908804580582758,DOWN
فروتي مشروب بودرة برتقال - 750 جم,2026-05-12,750.0,744.8183965645629,-5.181603435437069,-0.6908804580582758,DOWN
فروتي مشروب بودرة برتقال، 12 جم - عبوة من 20,2026-05-12,12.0,11.787877236579112,-0.2121227634208882,-1.7676896951740684,STABLE
فريتو أصابع موزريلا - 300 جرام,2026-05-12,300.0,313.51211900361875,13.51211900361875,4.504039667872917,UP
فريتو سبرينج رولز جبنة - 350 جرام,2026-05-12,350.0,349.432895259994,-0.5671047400060161,-0.16202992571600458,STABLE
فريتو سبرينج رولز خضروات - 350 جرام,2026-05-12,350.0,349.432895259994,-0.5671047400060161,-0.16202992571600458,STABLE
فريتو كبة لبناني - 350 جم,2026-05-12,350.0,349.432895259994,-0.5671047400060161,-0.16202992571600458,STABLE
فريش عصير مانجو - 200 مل,2026-05-12,200.0,205.60893267509945,5.608932675099453,2.8044663375497265,UP
فريماز سناكس بالطعم الاصلى - 30 جم,2026-05-12,30.0,30.645875743080058,0.6458757430800581,2.1529191436001938,STABLE
فريماز سناكس بالكريمة والشبت - 30 جم,2026-05-12,30.0,30.645875743080058,0.6458757430800581,2.1529191436001938,STABLE
فستق أبو عوف محمص - 90 جم,2026-05-12,90.0,94.78105936589668,4.781059365896681,5.3122881843296454,UP
فستق جامبو من حاج عرفة,2026-05-12,304.0,325.71865837173715,21.71865837173715,7.144295517018799,UP
فستق حاج عرفة,2026-05-12,275.0,231.24257360354014,-43.75742639645986,-15.911791416894497,DOWN
فستق حلبي كاستانيا - 100 جرام,2026-05-12,100.0,102.07746009759929,2.0774600975992854,2.0774600975992854,UP
فستق حلبي كاستانيا - 40 جرام,2026-05-12,40.0,41.201266700656554,1.2012667006565536,3.003166751641384,UP
فستق محمص ابو عوف - 50 جرام,2026-05-12,50.0,51.475741695197456,1.4757416951974562,2.9514833903949125,UP
فستق مقشر من حاج عرفة,2026-05-12,725.0,700.8004855172985,-24.19951448270149,-3.337864066579516,DOWN
فشار توب اوف ذا بوب بالملح - 100 جم,2026-05-12,100.0,102.07746009759929,2.0774600975992854,2.0774600975992854,UP
فشار كراكس بالطماطم - 40 جم,2026-05-12,40.0,41.201266700656554,1.2012667006565536,3.003166751641384,UP
فشار ميزون بطعم الكارميل - 90 جرام - 3 قطع,2026-05-12,90.0,94.78105936589668,4.781059365896681,5.3122881843296454,UP
فشار ميكروويف ميزون مملح - 8 جرام - 3 قطع,2026-05-12,8.0,9.948837569344795,1.9488375693447946,24.360469616809933,UP
فشار ميكرويف مايسون بالزبدة - 80 جرام - 3 قطع,2026-05-12,80.0,81.45638367080706,1.4563836708070568,1.820479588508821,UP
فلافل بسمة بالحمص - 400جم,2026-05-12,36.0,35.912887966958564,-0.08711203304143567,-0.2419778695595435,STABLE
فلاينج جوس سريراتشا صلصة الفلفل الاخضر الحار - 200 مل,2026-05-12,200.0,202.1751499873623,2.175149987362289,1.0875749936811445,UP
فلاينج جوس صلصة سريراتشا بالمايونيز - 730 مل,2026-05-12,730.0,700.8004855172985,-29.19951448270149,-3.9999334907810256,DOWN
فلفيتا بخاخ مزيل البقع - 700 مل,2026-05-12,700.0,684.3202620338465,-15.679737966153539,-2.2399625665933627,DOWN
فلفيتا جل لغسل الملابس البيضاء والملونة - 1 لتر,2026-05-12,11.0,11.462581715745408,0.46258171574540796,4.205288324958254,STABLE
فلفيتا جل للغسالات الاوتوماتيك برائحة اللافندر - 1.5 لتر,2026-05-12,14.0,14.092125441286319,0.09212544128631883,0.6580388663308488,STABLE
فلفيتا سبراي مزيل للبقع العنيدة - 700 مل,2026-05-12,700.0,684.3202620338465,-15.679737966153539,-2.2399625665933627,DOWN
فلفيتا مزيل بقع - 130 جرام,2026-05-12,28.0,26.525250567544145,-1.4747494324558552,-5.266962258770912,DOWN
فلفيتا مزيل بقع للملابس - 1 لتر,2026-05-12,19.0,18.661461897953068,-0.33853810204693247,-1.7817794844575394,STABLE
فلفيتا مسحوق مزيل للبقع بقوة الاكسجين - 600 جم,2026-05-12,28.0,26.525250567544145,-1.4747494324558552,-5.266962258770912,DOWN
فلفيتا منعم الأقمشة بنسيم الأحلام - 2 لتر,2026-05-12,29.0,27.96824868271449,-1.0317513172855115,-3.557763163053488,DOWN
فلفيتا منعم ومعطر أقمشة - سويت دريمز - 1 لتر,2026-05-12,12.0,11.878035085385122,-0.12196491461487824,-1.0163742884573188,STABLE
فليكس مسطرة مرنة سيليكون - 20 سم,2026-05-12,20.0,19.47021318405606,-0.5297868159439396,-2.648934079719698,STABLE
فن داي فشار بالجبنة - 75 جرام,2026-05-12,75.0,75.46708390546387,0.46708390546386624,0.6227785406184883,STABLE
فن داي فشار بالفلفل الحلو - 25 جرام,2026-05-12,25.0,26.651717189541937,1.6517171895419374,6.606868758167749,UP
فن داي فشار بيتزا - 75 جرام,2026-05-12,75.0,75.46708390546387,0.46708390546386624,0.6227785406184883,STABLE
فن داي ملح الفشار - 75 جرام,2026-05-12,75.0,75.46708390546387,0.46708390546386624,0.6227785406184883,STABLE
فواصل ملفات ياسين كلاسيك مقاس a4 ملونة - 10 فواصل,2026-05-12,10.0,9.755210818100108,-0.24478918189989152,-2.447891818998915,STABLE
فواصل ملفات ياسين كلاسيك مقاس a4 ملونة - 12 فاصل,2026-05-12,12.0,11.184386256880785,-0.815613743119215,-6.7967811926601245,STABLE
فواصل ملفات ياسين كلاسيك مقاس a4 ملونة - 31 فاصل,2026-05-12,31.0,29.995143158896838,-1.0048568411031624,-3.241473680977943,DOWN
فواصل ملفات ياسين كلاسيك مقاس a4 ملونة - 6 فواصل,2026-05-12,6.0,5.7330325433354075,-0.26696745666459254,-4.449457611076543,STABLE
فواصل ملفات ياسين كلاسيك مقاس a4 ملونة - من a إلى z,2026-05-12,109.0,111.10089241781903,2.1008924178190256,1.9274242365312162,UP
فوط تنظيف واريتيكس ميكروكلين - 3 قطع,2026-05-12,3.0,5.242354598104246,2.242354598104246,74.74515327014153,UP
فوط تنظيف واريتيكس ميكروكلين - اخضر,2026-05-12,108.0,110.43850843493512,2.438508434935116,2.257878180495478,UP
فوط تنظيف واريتيكس ميكروكلين - ازرق,2026-05-12,144.0,141.69012527848966,-2.30987472151034,-1.604079667715514,DOWN
فوط تنظيف واريتيكس ميكروكلين - موفي,2026-05-12,127.0,128.9417604636856,1.941760463685597,1.528945246996533,UP
فوط غسيل الأطباق كارفور إكسبرت فائقة الامتصاص - عبوة من 5 قطع,2026-05-12,5.0,6.081163175746281,1.0811631757462807,21.623263514925615,UP
فول أخضر مجمد جيفركس - 400جم,2026-05-12,43.0,41.90487903978167,-1.0951209602183312,-2.546792930740305,DOWN
فول سوداني في قشرة مملحة، وسط,2026-05-12,100.0,102.07746009759929,2.0774600975992854,2.0774600975992854,UP
فولت مشروب طاقة زجاجة بلاستيك - 250 مل,2026-05-12,250.0,247.28112526171415,-2.718874738285848,-1.0875498953143392,DOWN
فولت مشروب طاقة زجاجة بلاستيك - 30250 مل,2026-05-12,30250.0,943.2436996415354,-29306.756300358466,-96.88183900944948,DOWN
فوندو رول عجينة سكر - 500 جرام - أخضر,2026-05-12,500.0,498.81733030678015,-1.1826696932198502,-0.23653393864397002,DOWN
فوندو رول عجينة سكر - أخضر فاتح - 500 جرام,2026-05-12,500.0,498.81733030678015,-1.1826696932198502,-0.23653393864397002,DOWN
فويل الومنيوم متعدد الاستخدامات من سانيتا، 10 متر × 40 سم,2026-05-12,10.0,11.391301490230097,1.3913014902300969,13.913014902300969,UP
فيبا سائل تنظيف الاطباق برائحة الليمون الاصفر - 730 مل,2026-05-12,6.0,7.109818969169242,1.1098189691692424,18.49698281948737,UP
فيبا سائل غسيل الأطباق بالليمون - 520 مل,2026-05-12,520.0,513.0119456989933,-6.988054301006741,-1.3438565963474502,DOWN
فيبا منظف الأطباق وجميع الأغراض المنزلية مضاد للبكتيريا - 600 جم,2026-05-12,600.0,585.3701512871595,-14.629848712840499,-2.4383081188067495,DOWN
فيبا منظف غسالة الأطباق بكريستالات الملح - 1 كجم,2026-05-12,137.0,139.314642743552,2.314642743552014,1.6895202507678933,UP
فيبا منظف لغسالات الأطباق - 285 مل,2026-05-12,15.0,14.64883427504906,-0.3511657249509401,-2.3411048330062676,STABLE
فيت 20 سناكس بروتين بطعم الجبنة والهالبينو - 60 جرام,2026-05-12,20.0,20.03650346175373,0.03650346175372832,0.18251730876864158,STABLE
فيت 20 سناكس بروتين بطعم الزبدة والأعشاب - 60 جرام,2026-05-12,20.0,20.03650346175373,0.03650346175372832,0.18251730876864158,STABLE
فيت 20 سناكس بروتين بطعم الفلفل الحلو - 60 جرام,2026-05-12,20.0,20.03650346175373,0.03650346175372832,0.18251730876864158,STABLE
فيت 20 سناكس بروتين بطعم الكريمة الحامضة والبصل - 60 جرام,2026-05-12,20.0,20.03650346175373,0.03650346175372832,0.18251730876864158,STABLE
فيت 20 سناكس بروتين بطعم المشويات المدخنة - 60 جرام,2026-05-12,20.0,20.03650346175373,0.03650346175372832,0.18251730876864158,STABLE
فيتراك شربات تفاح بالقرفة - 635 مل,2026-05-12,635.0,602.4011591242522,-32.59884087574778,-5.133675728464217,DOWN
فيتراك شربات ليمون بالجنزبيل - 635 مل,2026-05-12,635.0,602.4011591242522,-32.59884087574778,-5.133675728464217,DOWN
فيتراك شربات ورد - 640 مل,2026-05-12,640.0,639.73902228984,-0.2609777101599775,-0.040777767212496485,STABLE
فيجيتا توابل اللحم الكلاسيك - 20 جرام,2026-05-12,20.0,19.398054825996056,-0.6019451740039443,-3.0097258700197216,STABLE
فيجيتا خلطه توابل للأسماك - 20 جرام,2026-05-12,20.0,19.398054825996056,-0.6019451740039443,-3.0097258700197216,STABLE
فيجيتا خلطه توابل للسلطة - 20 جرام,2026-05-12,20.0,19.398054825996056,-0.6019451740039443,-3.0097258700197216,STABLE
فيرست أكواب قهوة ورقية - 4 أونص - 20 كوب,2026-05-12,4.0,5.242354598104246,1.2423545981042459,31.058864952606147,UP
فيرست وان طقم شوك بلاستيك - 25 قطعة,2026-05-12,25.0,25.537111652831538,0.5371116528315376,2.1484466113261504,STABLE
فيري أقراص غسالة الصحون الأوتوماتيكية 1 خطوة نظافة بلس برائحة الليمون - 30 قرص,2026-05-12,30.0,29.169776125496117,-0.8302238745038828,-2.7674129150129425,STABLE
فيري سائل غسيل أطباق - 50 كبسولة,2026-05-12,50.0,49.76216375973339,-0.23783624026660988,-0.4756724805332197,STABLE
فيري سائل منظف أطباق - الأصلي - 620 جرام,2026-05-12,620.0,585.3701512871595,-34.6298487128405,-5.585459469812984,DOWN
فيري سائل منظف أطباق - رائحة ليمون - 620 جرام,2026-05-12,620.0,585.3701512871595,-34.6298487128405,-5.585459469812984,DOWN
فيلا جريميلي - خل التفاح العضوي - 500 مل,2026-05-12,500.0,498.81733030678015,-1.1826696932198502,-0.23653393864397002,DOWN
فيلدا أسفنجة مواعين مرنة - قطعتين,2026-05-12,199.0,200.81284058794486,1.8128405879448621,0.9109751698215387,UP
فيلدا إسفنجة تنظيف - 3 قطع,2026-05-12,3.0,5.242354598104246,2.242354598104246,74.74515327014153,UP
فيلدا مقشة وجاروف,2026-05-12,870.0,904.9167420656801,34.91674206568007,4.013418628239088,UP
فيلفيتا إليجانس منعم ومعطر مركز للملابس - 1 لتر,2026-05-12,28.0,26.525250567544145,-1.4747494324558552,-5.266962258770912,DOWN
فيلفيتا جل مركز لغسيل الملابس بالأكسجين - 3 لتر,2026-05-12,3.0,5.242354598104246,2.242354598104246,74.74515327014153,UP
فيلفيتا ريلاكسشن منعم ومعطر مركز للملابس - 1 لتر,2026-05-12,28.0,26.525250567544145,-1.4747494324558552,-5.266962258770912,DOWN
فيلفيتا فريشنس منعم ومعطر مركز للملابس - 1 لتر,2026-05-12,28.0,26.525250567544145,-1.4747494324558552,-5.266962258770912,DOWN
فيلفيتا منعم ومعطر مركز للملابس - 1 لتر,2026-05-12,28.0,26.525250567544145,-1.4747494324558552,-5.266962258770912,DOWN
فيليدا 3 اكشن مقشة بيد,2026-05-12,3.0,5.242354598104246,2.242354598104246,74.74515327014153,UP
فيليدا ألترا فريش إسفنجة مواعين مضادة للبكتيريا - 3 قطع,2026-05-12,3.0,5.242354598104246,2.242354598104246,74.74515327014153,UP
فيليدا الترا فريش فوط لجميع اغراض المسح - 3 قطع,2026-05-12,3.0,5.242354598104246,2.242354598104246,74.74515327014153,UP
فيليدا الترا فريش فوط لجميع اغراض المسح - قطعتين,2026-05-12,134.0,138.73655148305366,4.73655148305366,3.5347399127266117,UP
فيليدا ايزى فيكس مساحة باليد,2026-05-12,840.0,825.5645644163052,-14.435435583694812,-1.7185042361541443,DOWN
فيليدا بروميست ماكس مساحة مع بخاخ,2026-05-12,599.0,585.3701512871595,-13.629848712840499,-2.275433841876544,DOWN
فيليدا تيراس مقشة بيد,2026-05-12,719.0,690.7267012454671,-28.273298754532902,-3.932308588947552,DOWN
فيليدا جليتزي كريستال أسفنجة مواعين,2026-05-12,69.0,67.51109446399106,-1.488905536008943,-2.157834110157888,DOWN
فيليدا جليتزي كريستال أسفنجة مواعين - 3 قطع,2026-05-12,3.0,5.242354598104246,2.242354598104246,74.74515327014153,UP
فيليدا جليتزي كريستال أسفنجة مواعين - قطعتين,2026-05-12,117.0,122.65200133630458,5.652001336304579,4.830770372909897,UP
فيليدا سوبر رأس شرشوبة,2026-05-12,800.0,751.4501778778346,-48.54982212216544,-6.06872776527068,DOWN
فيليدا غيار ممسحة قطن كلاسيك - قطعة,2026-05-12,295.0,312.4311007557875,17.431100755787497,5.90884771382627,UP
فيليدا فوط أسفنجية - 4 قطع,2026-05-12,4.0,5.242354598104246,1.2423545981042459,31.058864952606147,UP
فيليدا فوط تنظيف متعددة الأغراض - 6 قطع,2026-05-12,6.0,7.109818969169242,1.1098189691692424,18.49698281948737,UP
فيليدا فوط مايكروفايبر لجميع اغراض المسح - 4 قطع,2026-05-12,4.0,5.242354598104246,1.2423545981042459,31.058864952606147,UP
فيليدا قطع قماش للتنظيف مايكروفايبر - 8 قطع - متعددة الالوان,2026-05-12,8.0,8.669792999125718,0.6697929991257183,8.372412489071479,STABLE
فيليدا قطعة قماش مايكروفايبر لجميع اغراض المسح - 4 قطع,2026-05-12,4.0,5.242354598104246,1.2423545981042459,31.058864952606147,UP
فيليدا قفازات للجلي - مقاس كبير,2026-05-12,200.0,203.30551444965477,3.3055144496547655,1.6527572248273825,UP
فيليدا قفازات متينة - حجم كبير,2026-05-12,230.0,227.48828931464845,-2.511710685351545,-1.0920481240658892,DOWN
فيليدا قفازات متينة - حجم متوسط,2026-05-12,230.0,227.48828931464845,-2.511710685351545,-1.0920481240658892,DOWN
فيليدا كلاسيك رأس ممسحة,2026-05-12,950.0,933.4365734329758,-16.56342656702418,-1.7435185860025453,DOWN
فيليدا ممسحة - لون أحمر,2026-05-12,410.0,413.7086289469455,3.7086289469455096,0.9045436455964657,UP
فيليدا ممسحة أرضية كلاسيكية - 42 سم,2026-05-12,42.0,40.80259321140815,-1.1974067885918487,-2.850968544266306,DOWN
فيليدا ممسحة سبراي ماكس بيضاء قطعة واحدة 1-2,2026-05-12,2.0,5.242354598104246,3.242354598104246,162.1177299052123,UP
فيليدا ممسحة قطن - قطعة,2026-05-12,430.0,441.45626393655135,11.456263936551352,2.664247427104965,UP
فيليدا ممسحة كلاسيك لتنظيف الأرضيات مع يد,2026-05-12,960.0,933.4365734329758,-26.56342656702418,-2.7670236007316853,DOWN
فيليدا يونيفرسال حامل ممسحة بمقبض - 130 سم,2026-05-12,130.0,140.5641777093262,10.564177709326202,8.12629054563554,UP
فيليه الدجاج الحار روستي - 800 جرام,2026-05-12,800.0,720.0538708438288,-79.9461291561712,-9.9932661445214,DOWN
فيليه الدجاج المقرمش الحار حلواني - 500 جرام,2026-05-12,500.0,507.5384005868036,7.538400586803618,1.5076801173607237,UP
فيليه الدجاج المقرمش حلواني - 500 جرام,2026-05-12,500.0,507.5384005868036,7.538400586803618,1.5076801173607237,UP
فيليه الدجاج روستي - 800 جرام,2026-05-12,800.0,720.0538708438288,-79.9461291561712,-9.9932661445214,DOWN
فيليه السلمون سي كيوب - 200 جرام,2026-05-12,200.0,204.34360275304297,4.343602753042973,2.1718013765214863,UP
فيليه دجاج مشوي اطياب - 500 جم,2026-05-12,500.0,507.5384005868036,7.538400586803618,1.5076801173607237,UP
فينجو خل طبيعي - 1 لتر,2026-05-12,14.0,15.229634573871122,1.229634573871122,8.783104099079443,UP
فينيش ألتيميت بلس الكل في واحد أقراص غسالة الأطباق بتألق الليمون - 45 قرص,2026-05-12,45.0,43.88876788014361,-1.111232119856389,-2.469404710791976,DOWN
فينيش اقراص غسالات الاطباق بتألق الليمون - 50 قرص,2026-05-12,7.0,8.227935420762583,1.2279354207625826,17.541934582322607,UP
فينيش اقراص غسالات الاطباق برائحة الليمون - 30 قرص,2026-05-12,30.0,29.169776125496117,-0.8302238745038828,-2.7674129150129425,STABLE
فييلدا جاروف بفرشاه - 2 في 1,2026-05-12,2.0,5.242354598104246,3.242354598104246,162.1177299052123,UP
فِنش سائل الشطف واللمعان لغسالات الأطباق - 400 مل,2026-05-12,400.0,407.79008131515616,7.790081315156158,1.9475203287890395,UP
فِنش ملح لغسالات الاطباق - 2 كجم,2026-05-12,2.0,5.242354598104246,3.242354598104246,162.1177299052123,UP
قارورة مياه طبيعية أكوا ديلتا - 19 لتر,2026-05-12,19.0,24.59343871979544,5.59343871979544,29.439151156818106,UP
قالب كيك ديباك ألوم فويل كبير 5 قطع,2026-05-12,5.0,6.081163175746281,1.0811631757462807,21.623263514925615,UP
قرفة وزنجبيل مع حليب حاج عرفة - 15 جرام,2026-05-12,15.0,14.558675790460173,-0.4413242095398271,-2.9421613969321805,STABLE
قرفة وزنجبيل مع حليب حاج عرفة - 15 جرام - 12 كيس,2026-05-12,15.0,14.558675790460173,-0.4413242095398271,-2.9421613969321805,STABLE
قرنبيط امريكانا - 400 جم,2026-05-12,400.0,402.4222507967035,2.4222507967035085,0.6055626991758771,UP
قطاعة سلوتيب إم آند جي - ألوان متنوعة - ajd97360,2026-05-12,79.0,79.04108173585045,0.04108173585045449,0.05200219727905632,STABLE
قطاعة سلوتيب إم آند جي 48 ملم * 100 متر - ألوان متنوعة - ajd957bs,2026-05-12,48.0,48.520920184949404,0.5209201849494036,1.0852503853112574,STABLE
قطوف بامية زيرو مجمدة - 400 جرام,2026-05-12,400.0,402.4222507967035,2.4222507967035085,0.6055626991758771,UP
قطوف بامية مجمدة اكسترا - 400 جرام,2026-05-12,400.0,402.4222507967035,2.4222507967035085,0.6055626991758771,UP
قفازات سبونتكس برائحة الليمون - حجم كبير,2026-05-12,319.0,341.21666752174855,22.216667521748548,6.964472577350642,UP
قفازات سبونتكس برائحة الليمون - حجم متوسط,2026-05-12,319.0,341.21666752174855,22.216667521748548,6.964472577350642,UP
قفازات سبونتكس للبشرة الحساسة - حجم صغير,2026-05-12,239.0,241.041030793039,2.041030793038999,0.8539877795142256,UP
قفازات فيرست وان للاستعمال مرة واحدة - 100 قطعة - شفافة,2026-05-12,100.0,105.23115419550474,5.231154195504743,5.231154195504743,UP
قفازات مطبخ رينامورا ماكس,2026-05-12,199.0,200.81284058794486,1.8128405879448621,0.9109751698215387,UP
قلقاس مونتانا - 400 جم,2026-05-12,400.0,402.4222507967035,2.4222507967035085,0.6055626991758771,UP
قلم جاف اورو - 4 اقلام,2026-05-12,4.0,3.9596229887355,-0.040377011264499885,-1.0094252816124971,STABLE
قلم جاف برسما جين - 12 قلم,2026-05-12,12.0,11.184386256880785,-0.815613743119215,-6.7967811926601245,STABLE
قلم جاف بريما - 10 اقلام,2026-05-12,10.0,9.755210818100108,-0.24478918189989152,-2.447891818998915,STABLE
قلم جاف بريما فورما - 12 قلم,2026-05-12,12.0,11.184386256880785,-0.815613743119215,-6.7967811926601245,STABLE
قلم جاف مارجو - 10 اقلام,2026-05-12,10.0,9.755210818100108,-0.24478918189989152,-2.447891818998915,STABLE
قلم جاف نينو - 10 اقلام,2026-05-12,10.0,9.755210818100108,-0.24478918189989152,-2.447891818998915,STABLE
قلم جتف بريما جيت - 6 قطع,2026-05-12,6.0,5.7330325433354075,-0.26696745666459254,-4.449457611076543,STABLE
قلم جرافيت من ديلي eu51000 - 12 قلم رصاص,2026-05-12,12.0,11.184386256880785,-0.815613743119215,-6.7967811926601245,STABLE
قلم جل للأطفال,2026-05-12,25.0,25.64970759619361,0.6497075961936112,2.5988303847744447,STABLE
قلم صمغ إم آند جي يوستيك - 36 جرام,2026-05-12,36.0,35.31316242116623,-0.6868375788337673,-1.9078821634271312,STABLE
قلم كوريكتور,2026-05-12,49.0,50.10734690618171,1.1073469061817107,2.2598916452687976,UP
قلم ماركر eu10020,2026-05-12,15.0,13.942097462805227,-1.0579025371947726,-7.052683581298484,DOWN
قلم مصحح بريما 1,2026-05-12,52.0,51.93905980023269,-0.06094019976730891,-0.11719269186020943,STABLE
قماش تنظيف الأرضيات اريكس إيكو - 2883,2026-05-12,2883.0,943.6313976517258,-1939.3686023482742,-67.26911558613507,DOWN
قماش تنظيف شمواه صناعي أريكس متعدد الاستخدامات - 1091,2026-05-12,1091.0,943.6313976517258,-147.36860234827418,-13.507662910015966,DOWN
قماش تنظيف مايكروفايبر أريكس إيكو متعدد الاستخدامات - قطعتين - 2882,2026-05-12,2882.0,943.6313976517258,-1938.3686023482742,-67.25775858252166,DOWN
قماش شمواه صناعي لتنظيف السيارات أريكس فلاش - حجم كبير - a10404,2026-05-12,179.0,174.72120117451848,-4.278798825481516,-2.3903904052969365,DOWN
قنجاري استربس دجاج - 900 جم,2026-05-12,900.0,788.7844541515689,-111.21554584843113,-12.357282872047904,DOWN
قنجاري بانية الدجاج الحار - 900 جم,2026-05-12,900.0,788.7844541515689,-111.21554584843113,-12.357282872047904,DOWN
قهوة أبو عوف تركي غامق سادة - 200 جرام,2026-05-12,15.0,14.558675790460173,-0.4413242095398271,-2.9421613969321805,STABLE
قهوة إثيوبيا مطحونة من نورك - 225 جم,2026-05-12,225.0,223.6156365717753,-1.3843634282247024,-0.6152726347665344,DOWN
قهوة اسبريتسا سانتوس برازيل المطحونة - 225 جم,2026-05-12,225.0,223.6156365717753,-1.3843634282247024,-0.6152726347665344,DOWN
قهوة اسبريتسا نارنو كولومبيا المطحونة - 225 جم,2026-05-12,225.0,223.6156365717753,-1.3843634282247024,-0.6152726347665344,DOWN
قهوة اسبريتسا يرجاتشيف إثيوبيا المطحونة - 225 جم,2026-05-12,225.0,223.6156365717753,-1.3843634282247024,-0.6152726347665344,DOWN
قهوة اسبريسو,2026-05-12,172.0,168.97054272930941,-3.0294572706905853,-1.761312366680573,DOWN
قهوة اسبريسو اسبريتسا لايت فور نايت - 225 جم,2026-05-12,225.0,223.6156365717753,-1.3843634282247024,-0.6152726347665344,DOWN
قهوة العبد سادة غامق - 200 جم,2026-05-12,200.0,205.60893267509945,5.608932675099453,2.8044663375497265,UP
قهوة العبد سادة فاتح - 100 جم,2026-05-12,100.0,103.89301896000244,3.8930189600024363,3.893018960002436,UP
قهوة العبد سادة فاتح - 200 جم,2026-05-12,200.0,205.60893267509945,5.608932675099453,2.8044663375497265,UP
قهوة العبد سادة وسط - 100 جم,2026-05-12,100.0,103.89301896000244,3.8930189600024363,3.893018960002436,UP
قهوة العبد غامق محوج - 200 جم,2026-05-12,200.0,205.60893267509945,5.608932675099453,2.8044663375497265,UP
قهوة العبد فاتح محوج - 100 جم,2026-05-12,100.0,103.89301896000244,3.8930189600024363,3.893018960002436,UP
قهوة العبد وسط محوج - 100 جم,2026-05-12,100.0,103.89301896000244,3.8930189600024363,3.893018960002436,UP
قهوة العبد وسط محوج - 200 جم,2026-05-12,200.0,205.60893267509945,5.608932675099453,2.8044663375497265,UP
قهوة بالكراميل/ كيلوجرام,2026-05-12,87.0,91.67874217041238,4.678742170412377,5.377864563692388,UP
قهوة بريمير الخضراء بالبندق - 15 كيس,2026-05-12,15.0,14.558675790460173,-0.4413242095398271,-2.9421613969321805,STABLE
قهوة بون أروما كلاسيك سريعة التحضير - 100جم,2026-05-12,227.0,224.63511914526757,-2.3648808547324336,-1.0417977333623054,DOWN
قهوة بون أروما كلاسيك سريعة التحضير - 200جم,2026-05-12,358.0,351.95098615271087,-6.049013847289132,-1.6896686724271317,DOWN
قهوة تركي ابو عوف بن وسط سادة - 200 جم,2026-05-12,14.0,14.00196759248031,0.0019675924803106426,0.014054232002218874,STABLE
قهوة تركي بن فاتح محوج من ابو عوف - 200 جم,2026-05-12,14.0,14.00196759248031,0.0019675924803106426,0.014054232002218874,STABLE
قهوة تركي بن وسط محوج من ابو عوف - 200 جم,2026-05-12,14.0,14.00196759248031,0.0019675924803106426,0.014054232002218874,STABLE
قهوة تشويس جراند كافيه كلاسيك - 300 جرام,2026-05-12,300.0,319.4272225180408,19.42722251804082,6.47574083934694,UP
قهوة توستاتورا أثيوبيا المقطرة - 5 قطع,2026-05-12,5.0,6.043839742892518,1.0438397428925184,20.876794857850367,UP
قهوة توستاتورا السلفادور المقطرة - 5 قطع,2026-05-12,5.0,6.043839742892518,1.0438397428925184,20.876794857850367,UP
قهوة توستاتورا بيرو المقطرة - 5 قطع,2026-05-12,5.0,6.043839742892518,1.0438397428925184,20.876794857850367,UP
قهوة توستاتورا منزوعة الكافيين المقطرة - 5 قطع,2026-05-12,5.0,6.043839742892518,1.0438397428925184,20.876794857850367,UP
قهوة حاج عرفة داكنة - 250 جرام,2026-05-12,250.0,247.28112526171415,-2.718874738285848,-1.0875498953143392,DOWN
قهوة خفيفة بالهيل أبو عوف - 50 جرام,2026-05-12,50.0,49.750238709318246,-0.24976129068175368,-0.4995225813635073,STABLE
قهوة خفيفة بالهيل و الحبهان أبو عوف - 100 جرام,2026-05-12,100.0,103.89301896000244,3.8930189600024363,3.893018960002436,UP
قهوة سادة خفيفة أبو عوف - 100 جرام,2026-05-12,100.0,103.89301896000244,3.8930189600024363,3.893018960002436,UP
قهوة سادة خفيفة أبو عوف - 50 جرام,2026-05-12,50.0,49.750238709318246,-0.24976129068175368,-0.4995225813635073,STABLE
قهوة سادة غامق أبو عوف - 100 جرام,2026-05-12,100.0,103.89301896000244,3.8930189600024363,3.893018960002436,UP
قهوة سريعة التحضير بنكهة الشوكولاتة من حاج عرفة,2026-05-12,87.0,91.67874217041238,4.678742170412377,5.377864563692388,UP
قهوة سريعة التحضير جولد من كارفور - 200جم,2026-05-12,379.0,384.8255898314466,5.825589831446621,1.5370949423342006,UP
قهوة سريعة التحضير نيسكافيه 3 في 1 - 18جم,2026-05-12,3.0,5.219324704621356,2.2193247046213562,73.97749015404521,UP
قهوة سريعة الذوبان كارفور - 100 جم,2026-05-12,100.0,103.89301896000244,3.8930189600024363,3.893018960002436,UP
قهوة سريعة الذوبان كولومبيا من نسكافية جولد، 100 جرام,2026-05-12,100.0,103.89301896000244,3.8930189600024363,3.893018960002436,UP
قهوة سريعة الذوبان من كارفور - 200 جم,2026-05-12,200.0,205.60893267509945,5.608932675099453,2.8044663375497265,UP
قهوة سويت أند سليم 3 في 1 سريعة التحضير,2026-05-12,3.0,6.399105295622842,3.3991052956228422,113.30350985409474,UP
قهوة سويت أند سليم 3 في 1 سريعة التحضير إكسترا,2026-05-12,3.0,6.399105295622842,3.3991052956228422,113.30350985409474,UP
قهوة على كافية جولد سريعة الذوبان - 100 جرام,2026-05-12,100.0,103.89301896000244,3.8930189600024363,3.893018960002436,UP
قهوة علي كافيه 3 في 1 سريعة التحضير بالكريمة - 30 جم,2026-05-12,3.0,5.219324704621356,2.2193247046213562,73.97749015404521,UP
قهوة علي كافيه 3 في 1 سريعة التحضير بالكريمة - 30 جم - 10 اكياس,2026-05-12,3.0,5.219324704621356,2.2193247046213562,73.97749015404521,UP
قهوة علي كافيه اورجينال 3 في 1 سريعة التحضير - 18 جم,2026-05-12,3.0,5.219324704621356,2.2193247046213562,73.97749015404521,UP
قهوة فراب ات خالية من السكر - 25 جرام,2026-05-12,25.0,25.503102514258774,0.5031025142587744,2.0124100570350976,STABLE
قهوة فرنساوي,2026-05-12,87.0,91.67874217041238,4.678742170412377,5.377864563692388,UP
قهوة كوفي بريك كوفي ميكس 2 في 1 - 12جم,2026-05-12,2.0,5.219324704621356,3.2193247046213562,160.9662352310678,UP
قهوة لاتيه يلا كوفي سريعة التحضير - 25 جم,2026-05-12,25.0,25.503102514258774,0.5031025142587744,2.0124100570350976,STABLE
قهوة مثلجة بونجورنو بنكهة السبانش لاتيه - 20 جم,2026-05-12,20.0,25.27589298568199,5.275892985681988,26.37946492840994,UP
قهوة محوج بالهيل و الحبهان أبو عوف - 100 جرام,2026-05-12,100.0,103.89301896000244,3.8930189600024363,3.893018960002436,UP
قهوة محوج غامق أبو عوف - 100 جرام,2026-05-12,100.0,103.89301896000244,3.8930189600024363,3.893018960002436,UP
قهوة موكا بيضاء ميلك مان - 250 مل,2026-05-12,250.0,247.28112526171415,-2.718874738285848,-1.0875498953143392,DOWN
قهوة ميلك مان بالكراميل المملح - 250 مل,2026-05-12,250.0,247.28112526171415,-2.718874738285848,-1.0875498953143392,DOWN
قهوة ناتشورز واندرز تركي غامق سادة - 100 جرام,2026-05-12,100.0,103.89301896000244,3.8930189600024363,3.893018960002436,UP
قهوة ناتشورز واندرز تركي وسط سادة - 100 جرام,2026-05-12,100.0,103.89301896000244,3.8930189600024363,3.893018960002436,UP
قهوة نورك الإثيوبية ييرغاتشيف حبوب كاملة - 250 جم,2026-05-12,250.0,247.28112526171415,-2.718874738285848,-1.0875498953143392,DOWN
قهوة نورك البرازيلية سانتوس حبوب كاملة - 250 جم,2026-05-12,250.0,247.28112526171415,-2.718874738285848,-1.0875498953143392,DOWN
قهوة نورك الغواتيمالية أنتيغوا حبوب كاملة - 250 جم,2026-05-12,250.0,247.28112526171415,-2.718874738285848,-1.0875498953143392,DOWN
قهوة نورك الكولومبية أنتيغوا حبوب كاملة - 250 جم,2026-05-12,250.0,247.28112526171415,-2.718874738285848,-1.0875498953143392,DOWN
قهوة نورك مطحونة برازيل سانتوس - 225 جم,2026-05-12,225.0,223.6156365717753,-1.3843634282247024,-0.6152726347665344,DOWN
قهوة نورك مطحونة جواتيمالا أنتيغوا - 225 جم,2026-05-12,225.0,223.6156365717753,-1.3843634282247024,-0.6152726347665344,DOWN
قهوة نورك مطحونة كولومبيا أنتيغوا - 225 جم,2026-05-12,225.0,223.6156365717753,-1.3843634282247024,-0.6152726347665344,DOWN
قهوة وسط بالهيل أبو عوف - 50 جرام,2026-05-12,50.0,49.750238709318246,-0.24976129068175368,-0.4995225813635073,STABLE
قهوة يلا فراب ات 35 جم - 10 أكياس + كوب مجاني,2026-05-12,35.0,34.06616798862149,-0.933832011378513,-2.668091461081466,STABLE
قهوه إمتنان تركى ساده فاتح - 100 جم,2026-05-12,100.0,103.89301896000244,3.8930189600024363,3.893018960002436,UP
قهوه إمتنان تركى ساده فاتح - 200 جم,2026-05-12,200.0,205.60893267509945,5.608932675099453,2.8044663375497265,UP
قهوه إمتنان تركى محوج فاتح - 100 جم,2026-05-12,100.0,103.89301896000244,3.8930189600024363,3.893018960002436,UP
قهوه إمتنان تركى محوج وسط - 100 جم,2026-05-12,100.0,103.89301896000244,3.8930189600024363,3.893018960002436,UP
قواعد بيتزا مولتو فورني - 3 قطع,2026-05-12,3.0,5.966083783648153,2.966083783648153,98.86945945493842,UP
قواعد بيتزا مولتو فورني صغيرة سادة - 8 قطع,2026-05-12,8.0,9.430109421433677,1.4301094214336771,17.876367767920964,UP
قويدر أصابع بقلاوة,2026-05-12,175.0,184.47083068283314,9.470830682833139,5.411903247333223,UP
قويدر برطمان عسلية,2026-05-12,59.0,58.85345132868317,-0.14654867131682892,-0.24838757850309984,STABLE
قويدر بسبوسة بالمكسرات,2026-05-12,110.0,113.34388856719009,3.343888567190092,3.039898697445538,UP
قويدر بسبوسة سادة,2026-05-12,75.0,74.76298726512907,-0.23701273487093033,-0.3160169798279071,STABLE
قويدر بقلاوة بالبندق,2026-05-12,210.0,212.89792878016485,2.897928780164847,1.3799660857927842,UP
قويدر بقلاوة بالكريمة,2026-05-12,100.0,101.30507067445961,1.305070674459614,1.305070674459614,UP
قويدر بقلاوة تركي,2026-05-12,250.0,248.70152943514418,-1.298470564855819,-0.5193882259423276,DOWN
قويدر بقلاوة سادة,2026-05-12,122.0,124.27347304468083,2.273473044680827,1.8635024956400223,UP
قويدر بقلاوة كل واشكر,2026-05-12,150.0,156.17309627090052,6.1730962709005155,4.115397513933677,UP
قويدر بلح الشام,2026-05-12,96.0,96.32303531222935,0.3230353122293508,0.33649511690557377,STABLE
قويدر حلوايات شرقية مشكلة,2026-05-12,369.0,370.9311045015258,1.9311045015257946,0.5233345532590229,UP
قويدر حلويات شرقية,2026-05-12,484.0,472.1121896067,-11.887810393300015,-2.4561591721694245,DOWN
قويدر علبة حلويات شرقي,2026-05-12,599.0,581.216197576907,-17.783802423092993,-2.9689152626198654,DOWN
قويدر علبة شرقيات - صغير,2026-05-12,694.0,670.4136690159976,-23.586330984002416,-3.3986067700291667,DOWN
قويدر علبة كوكيز,2026-05-12,99.0,98.41658507560548,-0.5834149243945177,-0.5893080044389067,STABLE
قويدر علبه بيتي فور لوكس,2026-05-12,149.0,152.08050164659832,3.0805016465983215,2.0674507695290747,UP
قويدر كاندي بونبونز,2026-05-12,64.0,60.775489884292945,-3.224510115707055,-5.038297055792274,DOWN
قويدر كنافة بالكريمة,2026-05-12,100.0,101.30507067445961,1.305070674459614,1.305070674459614,UP
قويدر كنافة بالمكسرات,2026-05-12,150.0,156.17309627090052,6.1730962709005155,4.115397513933677,UP
قويدر كنافة سادة,2026-05-12,130.0,136.52689907667903,6.52689907667903,5.020691597445407,UP
قويدر كنافة عثمانلية,2026-05-12,110.0,113.34388856719009,3.343888567190092,3.039898697445538,UP
قويدر لقمة القاضي,2026-05-12,63.0,65.32012769816315,2.320127698163148,3.682742378036743,UP
قويدر هريسة بالفستق,2026-05-12,165.0,171.322083899004,6.322083899004014,3.8315659993963718,UP
كابتشينو جولد سريع التحضير بالكراميل من نسكافيه - 17 جرام,2026-05-12,17.0,17.218544195614456,0.21854419561445582,1.2855540918497401,STABLE
كابتشينو فانيليا كوفي بريك، 18.5 جم - 8 عبوات,2026-05-12,18.5,18.203436503550503,-0.2965634964494974,-1.60304592675404,STABLE
كابتشينو فانيليا من كوفي بريك - 18.5 جم,2026-05-12,18.5,18.203436503550503,-0.2965634964494974,-1.60304592675404,STABLE
كابوتشينو فانيليا نسكافيه - 18جم,2026-05-12,10.0,11.345288341242082,1.3452883412420817,13.45288341242082,UP
كاتشب بابزي - 310 جرام,2026-05-12,310.0,322.13614137146266,12.136141371462656,3.9148843133750506,UP
كاتشب جاردينو - 320 جرام,2026-05-12,320.0,321.4526242876029,1.4526242876028732,0.45394508987589793,UP
كاتشب جاردينو - 5كجم,2026-05-12,275.0,231.24257360354014,-43.75742639645986,-15.911791416894497,DOWN
كاتشب حار ايلو - 200 جرام,2026-05-12,200.0,202.1751499873623,2.175149987362289,1.0875749936811445,UP
كاتشب حار درة - 900 جرام,2026-05-12,900.0,937.985127594032,37.98512759403195,4.220569732670216,UP
كاتشب درة - 250 جرام,2026-05-12,250.0,247.58109011462136,-2.418909885378639,-0.9675639541514557,DOWN
كاتشب هاينز حار - 200جم,2026-05-12,43.0,44.880219339481904,1.8802193394819042,4.372603115074196,UP
كاجو حاج عرفة وسط,2026-05-12,250.0,247.58109011462136,-2.418909885378639,-0.9675639541514557,DOWN
كاجو خام من حاج عرفة,2026-05-12,313.0,317.08938346887146,4.0893834688714605,1.3065122903742685,UP
كاجو كاستانيا - 100جم,2026-05-12,219.0,216.20227088816003,-2.7977291118399705,-1.277501877552498,DOWN
كاجو محمص من أبو عوف، 200 جرام,2026-05-12,200.0,202.1751499873623,2.175149987362289,1.0875749936811445,UP
كادبوري شوكولاتة ساخنة 3 في 1 - 30 جم,2026-05-12,3.0,5.219324704621356,2.2193247046213562,73.97749015404521,UP
كادبوري شوكولاتة ساخنة 3 في 1 - 300 جم,2026-05-12,3.0,5.219324704621356,2.2193247046213562,73.97749015404521,UP
كارازي إسفنجة خشنة للتنظيف - 2 قطعة,2026-05-12,2.0,5.242354598104246,3.242354598104246,162.1177299052123,UP
كارازي ليندوماكس إسفنجة تنظيف - 2 قطعة,2026-05-12,2.0,5.242354598104246,3.242354598104246,162.1177299052123,UP
كارفور أكياس سندوتشات سهلة الغلق - 18 * 20 سم - 20 كيس,2026-05-12,18.0,17.63711188875769,-0.36288811124230946,-2.0160450624572746,STABLE
كارفور أكياس سندوتشات سهلة الغلق - 27 * 30 سم - 15 كيس,2026-05-12,27.0,26.309684620886987,-0.690315379113013,-2.5567236263444926,STABLE
كارفور أكياس فرن - 40 * 44 سم - 3 أكياس,2026-05-12,40.0,39.55149864665351,-0.44850135334648655,-1.1212533833662164,STABLE
كارفور أكياس قمامة - رائحة خوخ - 70 * 60 سم - 15 كيس,2026-05-12,70.0,67.9346681176458,-2.065331882354201,-2.9504741176488585,DOWN
كارفور أكياس قمامة - رائحة لافندر - 70 * 60 سم - 15 كيس,2026-05-12,70.0,67.9346681176458,-2.065331882354201,-2.9504741176488585,DOWN
كارفور أكياس قمامة - رائحة مانجو - 70 * 60 سم - 15 كيس,2026-05-12,70.0,67.9346681176458,-2.065331882354201,-2.9504741176488585,DOWN
كارفور أكياس قمامة - رائحة نعناع - 70 * 60 سم - 15 كيس,2026-05-12,70.0,67.9346681176458,-2.065331882354201,-2.9504741176488585,DOWN
كارفور أوريجينال عبوة اعادة تعبئة منظف زجاج - 500 مل,2026-05-12,500.0,500.27039944116285,0.2703994411628514,0.05407988823257028,STABLE
كارفور أوريجينال منظف زجاج - 500 مل,2026-05-12,500.0,500.27039944116285,0.2703994411628514,0.05407988823257028,STABLE
كارفور أوريجينال منظف زجاج - 500 مل + عبوة اعادة تعبئة - 500 مل,2026-05-12,500.0,500.27039944116285,0.2703994411628514,0.05407988823257028,STABLE
كارفور جولد قهوة سريعة الذوبان - 100 جم,2026-05-12,100.0,103.89301896000244,3.8930189600024363,3.893018960002436,UP
كارفور رول اكياس قمامة - 50 * 40 سم - 25 كيس - أزرق,2026-05-12,50.0,49.76216375973339,-0.23783624026660988,-0.4756724805332197,STABLE
كارفور رول اكياس قمامة - 70 * 90 سم - 10 أكياس - أزرق,2026-05-12,70.0,67.9346681176458,-2.065331882354201,-2.9504741176488585,DOWN
كارفور رول اكياس قمامة - 70 * 90 سم - 50 كيس - أزرق,2026-05-12,70.0,67.9346681176458,-2.065331882354201,-2.9504741176488585,DOWN
كارفور رول اكياس قمامة - 85 * 105 سم - 10 أكياس - أزرق,2026-05-12,85.0,95.58100191046788,10.581001910467876,12.448237541726913,UP
كارفور رول اكياس قمامة - 85 * 105 سم - 25 كيس - أزرق,2026-05-12,85.0,95.24796323271836,10.247963232718362,12.056427332609838,UP
كارفور رول اكياس قمامة بشريطة 70*90 سم - 25 كيس,2026-05-12,70.0,67.9346681176458,-2.065331882354201,-2.9504741176488585,DOWN
كارفور عبوة إعادة تعبئة منظف زجاج برائحة الليمون - 500 مل,2026-05-12,500.0,500.27039944116285,0.2703994411628514,0.05407988823257028,STABLE
كارفور عبوة اعادة تعبئة منظف زجاج برائحة اللافندر - 500 مل,2026-05-12,500.0,500.27039944116285,0.2703994411628514,0.05407988823257028,STABLE
كارفور منظف زجاج برائحة اللافندر - 500 مل,2026-05-12,500.0,500.27039944116285,0.2703994411628514,0.05407988823257028,STABLE
كارفور منظف زجاج برائحة الليمون - 500 مل,2026-05-12,500.0,500.27039944116285,0.2703994411628514,0.05407988823257028,STABLE
كارفور منعم للأقمشة برائحة بالزهور - 1 لتر,2026-05-12,79.0,76.925543866699,-2.0744561333009983,-2.625893839621517,DOWN
كارفور منعم للأقمشة برائحة نسيم البحر - 1 لتر,2026-05-12,79.0,76.925543866699,-2.0744561333009983,-2.625893839621517,DOWN
كاسترد شيكولاتة 5 مينيتس - 100 جرام,2026-05-12,5.0,7.278912356078499,2.278912356078499,45.57824712156998,UP
كاسيو آلة حاسبة علمية - 252 وظيفة - fx-82esplus,2026-05-12,252.0,247.25952948669146,-4.740470513308537,-1.881139092582753,DOWN
كاسيو آلة حاسبة علمية - 275 وظيفة - fx-95es plus,2026-05-12,275.0,251.60382879947315,-23.39617120052685,-8.5076986183734,DOWN
كاسيو آلة حاسبة عملية محمولة - lc-160lv-bk,2026-05-12,279.0,286.6750889519899,7.675088951989892,2.7509279397813233,UP
كاسيو آله حاسبة علمية - fx-95arx-w-dh,2026-05-12,169.0,166.04388523508504,-2.9561147649149575,-1.7491803342692056,DOWN
كافيه أوه ميلك شيك شوكولاتة - 36 جرام - 12 كيس,2026-05-12,36.0,34.80185493008242,-1.1981450699175795,-3.3281807497710543,DOWN
كافيه أوه ميلك شيك فراولة - 31 جم,2026-05-12,31.0,29.919336138254508,-1.0806638617454922,-3.486012457243523,DOWN
كافيه أوه ميلك شيك قهوة - 36 جرام - 12 كيس,2026-05-12,36.0,34.80185493008242,-1.1981450699175795,-3.3281807497710543,DOWN
كافيه أوه ميلك شيك قهوة - 36 جم,2026-05-12,36.0,34.80185493008242,-1.1981450699175795,-3.3281807497710543,DOWN
كافيه او كوفي 3 في 1 بالبندق - 16 جرام,2026-05-12,3.0,5.219324704621356,2.2193247046213562,73.97749015404521,UP
كافيه او كوفي 3 في 1 كراميل - 16 جم,2026-05-12,3.0,5.219324704621356,2.2193247046213562,73.97749015404521,UP
كافيه او كوفي 3 في 1 كلاسيك - 16 جم,2026-05-12,3.0,5.219324704621356,2.2193247046213562,73.97749015404521,UP
كافيه اوه قهوة 3 في 1 بالبندق - 16 جم - 12 كيس,2026-05-12,3.0,5.219324704621356,2.2193247046213562,73.97749015404521,UP
كافيه اوه قهوة 3 في 1 بالفانيليا - 16 جم - 12 كيس,2026-05-12,3.0,5.219324704621356,2.2193247046213562,73.97749015404521,UP
كافيه اوه قهوة 3 في 1 بالكراميل - 16 جم - 12 كيس,2026-05-12,3.0,5.219324704621356,2.2193247046213562,73.97749015404521,UP
كافيه اوه قهوة كلاسيك 3 في 1 - 16 جم - 12 كيس,2026-05-12,3.0,5.219324704621356,2.2193247046213562,73.97749015404521,UP
كافيه اوه مشروب كاكاو بالكراميل 3 في 1 - 24 جرام - 12 كيس,2026-05-12,3.0,5.219324704621356,2.2193247046213562,73.97749015404521,UP
كافيه اوه مشروب كاكاو بالموكا 3 في 1 - 23 جرام - 12 كيس,2026-05-12,3.0,5.219324704621356,2.2193247046213562,73.97749015404521,UP
كافيه اوه مشروب كاكاو كلاسيك 3 في 1 - 27 جرام - 12 كيس,2026-05-12,3.0,5.219324704621356,2.2193247046213562,73.97749015404521,UP
كافيه جراند تشويس - 200جم,2026-05-12,419.0,422.8566558729215,3.8566558729215217,0.9204429290982151,UP
كاكاو باللبن 5 مينيتس - 30 جرام - 10 أكياس,2026-05-12,27.0,26.540433611014716,-0.4595663889852837,-1.7020977369825323,STABLE
كاكاو خام بريميوم كورونا,2026-05-12,99.0,99.45832494949302,0.4583249494930186,0.46295449443739256,STABLE
كاكاو غامق من حاج عرفة,2026-05-12,95.0,98.16509947010239,3.1650994701023905,3.331683652739358,UP
كالنورت مرقة بطعم لحم الخروف - 250 جرام,2026-05-12,250.0,247.89237849525765,-2.1076215047423545,-0.8430486018969419,DOWN
كانجارو 24/6 دبابيس دباسة,2026-05-12,24.0,23.414268273068046,-0.5857317269319537,-2.440548862216474,STABLE
كب كيك راز بكريمة شوكولاتة البندق - 1 قطعة - 12 عبوة,2026-05-12,12.0,11.190244903768116,-0.8097550962318838,-6.747959135265698,STABLE
كبسولات اسبريسو شاهين اوتنتيكا 11,2026-05-12,11.0,11.372423231156523,0.37242323115652276,3.3856657377865704,STABLE
كبسولات القهوة نورك الإثيوبية يرغاتشيف - 10 كبسولات,2026-05-12,10.0,11.345288341242082,1.3452883412420817,13.45288341242082,UP
كبسولات تنظيف غسالة الصحون أسبيروكس سباركس دايموند - 30 كبسولة,2026-05-12,24.0,23.50234559324413,-0.4976544067558706,-2.073560028149461,STABLE
كبسولات تنظيف غسالة الصحون أسبيروكس سباركس دايموند - 40 كبسولة,2026-05-12,46.0,44.47687177363159,-1.5231282263684065,-3.311148318192188,DOWN
كبسولات تنظيف غسالة الصحون أسبيروكس سباركس دايموند - 60 كبسولة,2026-05-12,21.0,20.108320694307576,-0.8916793056924242,-4.246091931868686,STABLE
كبسولات غسالة الاطباق فيري بلس الكل في واحد - 20 كبسولة,2026-05-12,20.0,19.357212583018235,-0.6427874169817649,-3.2139370849088245,STABLE
كبسولات غسيل الأطباق أسبيروكس دايموند - 72 كبسولة,2026-05-12,22.0,21.37766297435537,-0.6223370256446294,-2.8288046620210427,STABLE
كبسولات فيري لغسالة الصحون - 50 قطعة + سائل فيري لغسيل الصحون - 420 مل,2026-05-12,50.0,49.76216375973339,-0.23783624026660988,-0.4756724805332197,STABLE
كبسولات قهوة اسبريتسا انتيجوا جواتيمالا - 10 كبسولات,2026-05-12,10.0,11.345288341242082,1.3452883412420817,13.45288341242082,UP
كبسولات قهوة اسبريتسا سانتوس برازيل - 10 كبسولات,2026-05-12,10.0,11.345288341242082,1.3452883412420817,13.45288341242082,UP
كبسولات قهوة اسبريسو اسبريتسا أولد سكول - 10 كبسولات,2026-05-12,10.0,11.345288341242082,1.3452883412420817,13.45288341242082,UP
كبسولات قهوة اسبريسو اسبريتسا سيجنتشر - 10 كبسولات,2026-05-12,10.0,11.345288341242082,1.3452883412420817,13.45288341242082,UP
كبسولات قهوة اسبريسو اسبريتسا لايت فور نايت - 10 كبسولات,2026-05-12,10.0,11.345288341242082,1.3452883412420817,13.45288341242082,UP
كبسولات قهوة اسبريسو جيموكا برازيل - 10 كبسولات,2026-05-12,10.0,11.345288341242082,1.3452883412420817,13.45288341242082,UP
كبسولات قهوة اسبريسو جيموكا ريستريتو - 10 كبسولات,2026-05-12,10.0,11.345288341242082,1.3452883412420817,13.45288341242082,UP
كبسولات قهوة اسبريسو سيجافريدو منزوعة الكافيين - 10 كبسولات,2026-05-12,10.0,11.345288341242082,1.3452883412420817,13.45288341242082,UP
كبسولات قهوة اي اسبريسو ألومنيوم بالكريم بروليه - 10 كبسولات,2026-05-12,10.0,11.345288341242082,1.3452883412420817,13.45288341242082,UP
كبسولات قهوة اي اسبريسو ألومنيوم كثافة 10 أزرق - 10 كبسولات,2026-05-12,10.0,11.345288341242082,1.3452883412420817,13.45288341242082,UP
كبسولات قهوة اي اسبريسو ألومنيوم كثافة 11 أخضر - 10 كبسولات,2026-05-12,11.0,11.372423231156523,0.37242323115652276,3.3856657377865704,STABLE
كبسولات قهوة اي اسبريسو ألومنيوم كثافة 12 ذهبي - 10 كبسولات,2026-05-12,12.0,11.787877236579112,-0.2121227634208882,-1.7676896951740684,STABLE
كبسولات قهوة اي اسبريسو ألومنيوم كثافة 13 أسود - 10 كبسولات,2026-05-12,13.0,13.341126733516624,0.34112673351662437,2.6240517962817256,STABLE
كبسولات قهوة اي اسبريسو ألومنيوم كثافة 8 أحمر - 10 كبسولات,2026-05-12,8.0,8.623779850137703,0.6237798501377032,7.79724812672129,STABLE
كبسولات قهوة اي اسبريسو ألومنيوم كثافة 9 فضي - 10 كبسولات,2026-05-12,9.0,9.860789504529082,0.8607895045290821,9.564327828100911,STABLE
كبسولات قهوة بيلميو بالبندق - 10 كبسولات,2026-05-12,10.0,11.345288341242082,1.3452883412420817,13.45288341242082,UP
كبسولات قهوة بيلميو بالفانيليا - 10 كبسولات,2026-05-12,10.0,11.345288341242082,1.3452883412420817,13.45288341242082,UP
كبسولات قهوة توستاتورا انتنسو 8 - 10 كبسولات,2026-05-12,8.0,8.623779850137703,0.6237798501377032,7.79724812672129,STABLE
كبسولات قهوة دافيدوف اسبريسو 57 - 10 كبسولات,2026-05-12,57.0,54.89499891465064,-2.1050010853493575,-3.6929843602620305,DOWN
كبسولات قهوة ريستريتو بلميو - 52 جرام - 10 كبسولات,2026-05-12,52.0,50.41827301061361,-1.5817269893863894,-3.041782671896903,DOWN
كبسولات قهوة سيجافريدو 100% أرابيكا برازيلية - 10 كبسولات,2026-05-12,100.0,103.89301896000244,3.8930189600024363,3.893018960002436,UP
كبسولات قهوة سيجافريدو بيرو - 10 كبسولات,2026-05-12,10.0,11.345288341242082,1.3452883412420817,13.45288341242082,UP
كبسولات قهوة نورك أنتيغوا غواتيمالا - 10 كبسولات,2026-05-12,10.0,11.345288341242082,1.3452883412420817,13.45288341242082,UP
كبسولات قهوة نورك سانتوس البرازيلية ​​- 10 كبسولات,2026-05-12,10.0,11.345288341242082,1.3452883412420817,13.45288341242082,UP
كبسولات قهوة نورك كولومبيا أنتيغوا - 10 كبسولات,2026-05-12,10.0,11.345288341242082,1.3452883412420817,13.45288341242082,UP
كتاب my english alphabet,2026-05-12,65.0,66.74506869707395,1.7450686970739469,2.6847210724214565,UP
كرات الفلفل الحلو من كراش مونستر- 70 جم,2026-05-12,70.0,71.21322566317409,1.2132256631740859,1.7331795188201227,UP
كراش مونستر بالجبنة الحارة - 70 جرام,2026-05-12,70.0,71.21322566317409,1.2132256631740859,1.7331795188201227,UP
كراش مونستر بالزبدة والملح - 70 جرام,2026-05-12,70.0,71.21322566317409,1.2132256631740859,1.7331795188201227,UP
كراش مونستر كرات الفلفل الحلو - 70 جم,2026-05-12,70.0,71.21322566317409,1.2132256631740859,1.7331795188201227,UP
كراكس رقائق البطاطس المطبوخة بالفلفل الحلو - 105-115 جرام,2026-05-12,105.0,108.7196391027797,3.719639102779695,3.542513431218757,UP
كراكس رقائق البطاطس المطبوخة بالكريمة الحامضة والبصل - 105-115 جرام,2026-05-12,105.0,110.2128646765887,5.212864676588694,4.9646330253225655,UP
كرانشي بار سانتي موسلي بالموز المغطى بالشوكولاتة - 40 جرام,2026-05-12,40.0,41.201266700656554,1.2012667006565536,3.003166751641384,UP
كراون أسفنجة تلميع الأحذية - أسود,2026-05-12,29.0,27.96824868271449,-1.0317513172855115,-3.557763163053488,DOWN
كراون أسفنجة تلميع الأحذية - بني,2026-05-12,29.0,27.96824868271449,-1.0317513172855115,-3.557763163053488,DOWN
كراون اسفنجة وجهين لتلميع الاحذية - شفافة,2026-05-12,39.0,39.33929196625371,0.33929196625371105,0.8699794006505411,STABLE
كراون سائل ملمع للاحذية - 75 مل - أبيض,2026-05-12,75.0,73.40565975466046,-1.5943402453395379,-2.1257869937860505,DOWN
كراون كريم ملمع للأحذية - 50 مل - أبيض,2026-05-12,50.0,49.76216375973339,-0.23783624026660988,-0.4756724805332197,STABLE
كراون ملمع أحذية سائل - 75 مل - أسود مع أسفنجة لتلميع الأحذية,2026-05-12,75.0,73.40565975466046,-1.5943402453395379,-2.1257869937860505,DOWN
كراون ملمع الأحذية السائل - 75 مل,2026-05-12,75.0,73.40565975466046,-1.5943402453395379,-2.1257869937860505,DOWN
كراون ملمع للاحذية الرياضية - 125 مل,2026-05-12,125.0,127.93207069916006,2.9320706991600645,2.345656559328052,UP
كراون منظف الأحذية الشامواه - 125 مل,2026-05-12,125.0,127.93207069916006,2.9320706991600645,2.345656559328052,UP
كربم كراون لتلميع الأحذية - شفاف - 75 مل,2026-05-12,75.0,73.40565975466046,-1.5943402453395379,-2.1257869937860505,DOWN
كرتونة مياه صافي طبيعية - 330 مللي - 30 قطع,2026-05-12,330.0,328.2153807026903,-1.784619297309689,-0.5407937264574815,DOWN
كرتونة مياه طبيعية دساني - 600مل - عبوة من 20,2026-05-12,5.0,12.161980682727268,7.161980682727268,143.23961365454537,UP
كرتونة مياه طبيعية صافي - 1.5 لتر - 12 عبوة,2026-05-12,1.5,11.374995258169678,9.874995258169678,658.3330172113118,UP
كرتونة مياه نستلة بيور لايف الفوارة - 240 مللي * 24 قطعة,2026-05-12,240.0,245.9541310463245,5.954131046324505,2.480887935968544,UP
كركديه الضحى - 50 جرام,2026-05-12,50.0,49.750238709318246,-0.24976129068175368,-0.4995225813635073,STABLE
كرواسون برانش بريميوم بالشوكولاتة - 1 قطعة,2026-05-12,14.0,13.47164194906231,-0.5283580509376904,-3.7739860781263603,STABLE
كرواسون برانش بريميوم بالكراميل - 1 قطعة,2026-05-12,14.0,13.47164194906231,-0.5283580509376904,-3.7739860781263603,STABLE
كرواسون دومتي بالبندق الكريمي - قطعة واحدة,2026-05-12,12.0,11.190244903768116,-0.8097550962318838,-6.747959135265698,STABLE
كرواسون مولتو كينج بالشوكولاتة والبندق,2026-05-12,17.0,17.469307297630674,0.46930729763067447,2.7606311625333793,STABLE
كروكيت البطاطس ريفيولا - 300 جرام,2026-05-12,300.0,313.51211900361875,13.51211900361875,4.504039667872917,UP
كريم بالك ملمع الاحذية - شفاف - 50 مل,2026-05-12,50.0,49.76216375973339,-0.23783624026660988,-0.4756724805332197,STABLE
كريم بالك ملمع الاحذية، اسود - 50 مل,2026-05-12,50.0,49.76216375973339,-0.23783624026660988,-0.4756724805332197,STABLE
كريم تلميع الأحذية سيلفر - أبيض - 50 مل,2026-05-12,50.0,49.76216375973339,-0.23783624026660988,-0.4756724805332197,STABLE
كريم تلميع الأحذية سيلفر - بني فاتح - 50 مل,2026-05-12,50.0,49.76216375973339,-0.23783624026660988,-0.4756724805332197,STABLE
كريم تلميع الأحذية سيلفر - شفاف - 50 مل,2026-05-12,50.0,49.76216375973339,-0.23783624026660988,-0.4756724805332197,STABLE
كريم تلميع الأحذية سيلفر تويست أند شاين - اسود - 50 مل,2026-05-12,50.0,49.76216375973339,-0.23783624026660988,-0.4756724805332197,STABLE
كريم تلميع الأحذية سيلفر تويست أند شاين - شفاف - 50 مل,2026-05-12,50.0,49.76216375973339,-0.23783624026660988,-0.4756724805332197,STABLE
كريم شانتية من حاج عرفة,2026-05-12,50.0,51.475741695197456,1.4757416951974562,2.9514833903949125,UP
كريم شانتيه من دريم - 45 جم,2026-05-12,45.0,45.414925676338356,0.4149256763383562,0.9220570585296805,STABLE
كريم كراميل كوكس - 103 جرام,2026-05-12,103.0,103.63973637163582,0.63973637163582,0.6211032734328349,STABLE
كريم كراون ملمع للأحذية - أسود - 50 مل,2026-05-12,50.0,49.76216375973339,-0.23783624026660988,-0.4756724805332197,STABLE
كريم كومبوت أناناس - 820 جم,2026-05-12,820.0,830.6294554211931,10.629455421193143,1.2962750513650174,UP
كريمة جوز الهند سيام - 165 مل,2026-05-12,165.0,171.61847054313168,6.618470543131679,4.011194268564654,UP
كشكول منترا مربعات - 28 ورقة,2026-05-12,28.0,26.812636921807822,-1.1873630781921776,-4.24058242211492,DOWN
كفتة حاتي بيف كوكي - 400 جرام,2026-05-12,17.0,25.144053582575605,8.144053582575605,47.90619754456238,UP
كفتة فراخ الوطنية - 500 جرام,2026-05-12,500.0,507.5384005868036,7.538400586803618,1.5076801173607237,UP
كفتي بقري أشهي - 900جم,2026-05-12,31.0,30.70517545489783,-0.2948245451021698,-0.9510469196844187,STABLE
كلاسي ايكو مناديل للوجه - 550 منديل - 3 عبوات,2026-05-12,6.0,7.109818969169242,1.1098189691692424,18.49698281948737,UP
كلاسي جلو مناديل للوجه - 120 منديل - 4 عبوات,2026-05-12,45.0,43.88876788014361,-1.111232119856389,-2.469404710791976,DOWN
كلاسي سمارت مناديل للوجه - 500 منديل - 6 عبوات,2026-05-12,45.0,43.88876788014361,-1.111232119856389,-2.469404710791976,DOWN
كلاسي كشمير مناديل للوجه - 550 منديل,2026-05-12,550.0,557.2840150698229,7.284015069822885,1.3243663763314337,UP
كلاسي مناديل تواليت مضغوطة - 12 رول,2026-05-12,12.0,11.878035085385122,-0.12196491461487824,-1.0163742884573188,STABLE
كلاسي مناديل تواليت مضغوطة - 2 رول,2026-05-12,2.0,10.820854941515309,8.820854941515309,441.0427470757655,UP
كلاسي مناديل تواليت مضغوطة - 6 رول,2026-05-12,6.0,7.109818969169242,1.1098189691692424,18.49698281948737,UP
كلاسي مناديل مبللة - 72 منديل - عبوتين,2026-05-12,37.0,35.69821402410667,-1.3017859758933312,-3.5183404753873817,DOWN
كلاسي مناديل مبللة للأولاد - 120 منديل,2026-05-12,120.0,122.30096423312601,2.3009642331260096,1.9174701942716748,UP
كلاسي مناديل مبللة للبنات - 120 منديل,2026-05-12,120.0,122.30096423312601,2.3009642331260096,1.9174701942716748,UP
كلاسي مناديل مطبخ كلاسيك - 2 رول,2026-05-12,5.0,6.081163175746281,1.0811631757462807,21.623263514925615,UP
كلاسي مناديل مطبخ مضغوطة - 2 رول,2026-05-12,2.0,5.242354598104246,3.242354598104246,162.1177299052123,UP
كلور أوكسجين للألوان من كلوريل - 2 لتر,2026-05-12,13.0,13.431284582322633,0.43128458232263256,3.3175737101740967,STABLE
كلور برائحة اللافندر من كلوريل - 2 لتر,2026-05-12,2.0,5.242354598104246,3.242354598104246,162.1177299052123,UP
كلور ضد الباكتيريا من كلوريل - 105 مل,2026-05-12,9.0,9.906802653517095,0.9068026535170954,10.075585039078838,STABLE
كلور كلوريل بمبي للألوان - 1 لتر,2026-05-12,11.0,11.462581715745408,0.46258171574540796,4.205288324958254,STABLE
كلور من كلوريل - 4 لتر,2026-05-12,18.0,17.63711188875769,-0.36288811124230946,-2.0160450624572746,STABLE
كلوركس 1x5 منظف ومطهر منزلي باللافندر - 400 مل,2026-05-12,400.0,407.79008131515616,7.790081315156158,1.9475203287890395,UP
كلوركس 1x5 منظف ومطهر منزلي باللافندر - 700 مل,2026-05-12,700.0,577.6214525850606,-122.37854741493936,-17.482649630705623,DOWN
كلوركس 1x5 منظف ومطهر منزلي بالليمون - 400 مل,2026-05-12,400.0,407.79008131515616,7.790081315156158,1.9475203287890395,UP
كلوركس 1x5 منظف ومطهر منزلي بالليمون - 700 مل,2026-05-12,700.0,684.3202620338465,-15.679737966153539,-2.2399625665933627,DOWN
كلوركس المسلك والمنظف للبالوعات - 1 لتر,2026-05-12,131.0,141.32547747507957,10.325477475079566,7.8820438741065395,UP
كلوركس باودر مزيل للبقع فائق القوة - 250 جرام,2026-05-12,250.0,244.90041991484,-5.0995800851599995,-2.0398320340639997,DOWN
كلوركس باودر مزيل للبقع فائق القوة - 450 جرام,2026-05-12,450.0,446.97228846512127,-3.0277115348787333,-0.6728247855286075,DOWN
كلوركس جل كلور مكثف ومنظف بانتعاش النعناع - 750 مل,2026-05-12,750.0,615.6292033727684,-134.37079662723158,-17.916106216964213,DOWN
كلوركس جيل للملابس يزيل البقع ويزهي الألوان - 500 مل,2026-05-12,500.0,500.27039944116285,0.2703994411628514,0.05407988823257028,STABLE
كلوركس جيل للملابس يزيل البقع ويزهي الألوان - 900 مل,2026-05-12,900.0,933.4365734329758,33.43657343297582,3.715174825886202,UP
كلوركس للألوان - 1.89 لتر,2026-05-12,1.89,5.242354598104246,3.352354598104246,177.37325915895482,UP
كلوركس للألوان - 450 مل,2026-05-12,450.0,446.97228846512127,-3.0277115348787333,-0.6728247855286075,DOWN
كلوركس للألوان - 475 مل,2026-05-12,475.0,473.1377208313207,-1.862279168679322,-0.39205877235354153,DOWN
كلوركس للألوان - 950 مل,2026-05-12,950.0,933.4365734329758,-16.56342656702418,-1.7435185860025453,DOWN
كلوركس للألوان برائحة الزهور - 1.89 لتر,2026-05-12,9.0,9.906802653517095,0.9068026535170954,10.075585039078838,STABLE
كلوركس للألوان برائحة الزهور - 950 مل,2026-05-12,950.0,933.4365734329758,-16.56342656702418,-1.7435185860025453,DOWN
كلوركس مبيض - 1.2 لتر,2026-05-12,1.2,10.820854941515309,9.62085494151531,801.7379117929424,UP
كلوركس مبيض - 1.89 لتر,2026-05-12,1.89,5.242354598104246,3.352354598104246,177.37325915895482,UP
كلوركس مبيض - 3.79 لتر,2026-05-12,3.79,10.820854941515309,7.030854941515309,185.51068447269944,UP
كلوركس مبيض - 950 مل,2026-05-12,950.0,933.4365734329758,-16.56342656702418,-1.7435185860025453,DOWN
كلوركس مبيض - برائحة الزهور - 950 مل,2026-05-12,950.0,933.4365734329758,-16.56342656702418,-1.7435185860025453,DOWN
كلوركس مبيض - برائحة الليمون - 950 مل,2026-05-12,950.0,933.4365734329758,-16.56342656702418,-1.7435185860025453,DOWN
كلوركس مبيض برائحة الليمون - 4 لتر,2026-05-12,4.0,5.242354598104246,1.2423545981042459,31.058864952606147,UP
كلوركس مبيض عبوة إعادة تعبئة - 1 كجم,2026-05-12,19.0,18.661461897953068,-0.33853810204693247,-1.7817794844575394,STABLE
كلوركس مناديل مطهرة بالرائحة المنعشة - 10 مناديل,2026-05-12,10.0,11.391301490230097,1.3913014902300969,13.913014902300969,UP
كلوركس مناديل مطهرة بانتعاش الليمون - 10 مناديل,2026-05-12,10.0,11.391301490230097,1.3913014902300969,13.913014902300969,UP
كلوركس مناديل مطهرة بانتعاش الليمون - 20 منديل,2026-05-12,20.0,19.357212583018235,-0.6427874169817649,-3.2139370849088245,STABLE
كلوركس منظف المطبخ - 500 مل,2026-05-12,500.0,500.27039944116285,0.2703994411628514,0.05407988823257028,STABLE
كلوركس منظف المطبخ بالليمون - 500 مل,2026-05-12,500.0,500.27039944116285,0.2703994411628514,0.05407988823257028,STABLE
كلوركس منظف متعدد الاستخدامات - 1 لتر,2026-05-12,37.0,35.69821402410667,-1.3017859758933312,-3.5183404753873817,DOWN
كلورو مبيض ألوان - 1 لتر,2026-05-12,7.0,8.227935420762583,1.2279354207625826,17.541934582322607,UP
كلورو مبيض عادي - 1 لتر,2026-05-12,25.0,25.537111652831538,0.5371116528315376,2.1484466113261504,STABLE
كلورو منظف متعدد الأغراض - 1 لتر,2026-05-12,29.0,27.96824868271449,-1.0317513172855115,-3.557763163053488,DOWN
كلوروكس ألوان منظف - 750 مل,2026-05-12,750.0,745.8233308215032,-4.176669178496809,-0.5568892237995745,DOWN
كلوريتا مبيض - 1 كجم,2026-05-12,22.0,21.37766297435537,-0.6223370256446294,-2.8288046620210427,STABLE
كلوريل سائل منظف متعدد الاستخدامات برائحة الصنوبر - 1 لتر,2026-05-12,25.0,25.537111652831538,0.5371116528315376,2.1484466113261504,STABLE
كلوريل سائل منظف متعدد الاستخدامات برائحة اللافندر - 1 لتر,2026-05-12,25.0,25.537111652831538,0.5371116528315376,2.1484466113261504,STABLE
كلوريل سائل منظف متعدد الاستخدامات برائحة الليمون - 1 لتر,2026-05-12,25.0,25.537111652831538,0.5371116528315376,2.1484466113261504,STABLE
كلوريل سائل منظف متعدد الاستخدامات برائحة الليمون - 2 لتر,2026-05-12,2.0,5.242354598104246,3.242354598104246,162.1177299052123,UP
كلوريل سائل منظف متعدد الاستخدامات برائحة الليمون - 4 لتر,2026-05-12,21.0,20.108320694307576,-0.8916793056924242,-4.246091931868686,STABLE
كلوريل سائل منظف ومبيض 2 فى 1 - زهور - 4 لتر,2026-05-12,18.0,17.63711188875769,-0.36288811124230946,-2.0160450624572746,STABLE
كلوريل سائل منظف ومبيض، 2 فى 1 - لافندر - 4 لتر,2026-05-12,18.0,17.63711188875769,-0.36288811124230946,-2.0160450624572746,STABLE
كلوريل مبيض - لافندر - 2 لتر,2026-05-12,14.0,14.092125441286319,0.09212544128631883,0.6580388663308488,STABLE
كلوريل مبيض 2 في 1 - ليمون - 4 لتر,2026-05-12,18.0,17.63711188875769,-0.36288811124230946,-2.0160450624572746,STABLE
كلوريل مبيض للملابس - 1050جم + كلوريل مبيض للألوان - 1كجم,2026-05-12,15.0,14.64883427504906,-0.3511657249509401,-2.3411048330062676,STABLE
كلوريل مبيض ملابس الوان - أزرق - 1 لتر,2026-05-12,11.0,11.462581715745408,0.46258171574540796,4.205288324958254,STABLE
كلوريل مبيض ملابس برائحة اللافندر - 4 لتر,2026-05-12,22.0,21.37766297435537,-0.6223370256446294,-2.8288046620210427,STABLE
كلينج فيلم الفتح - 20 متر,2026-05-12,20.0,19.357212583018235,-0.6427874169817649,-3.2139370849088245,STABLE
كمبوت خوخ داريا - 820 جم,2026-05-12,820.0,830.6294554211931,10.629455421193143,1.2962750513650174,UP
كمفورت منعم للأقمشة برائحة الزهور - 2 لتر,2026-05-12,2.0,5.242354598104246,3.242354598104246,162.1177299052123,UP
كمفورت منعم للأقمشة برائحة الزهور - 3 لتر,2026-05-12,3.0,5.242354598104246,2.242354598104246,74.74515327014153,UP
كنافة برافو - 400 جرام,2026-05-12,400.0,402.4222507967035,2.4222507967035085,0.6055626991758771,UP
كنافة سفرة - 400 جرام,2026-05-12,400.0,402.4222507967035,2.4222507967035085,0.6055626991758771,UP
كوب بلاستيك بريما - 500 مل - أبيض,2026-05-12,500.0,500.27039944116285,0.2703994411628514,0.05407988823257028,STABLE
كوب بلاستيك بريما - 500 مل - أزرق,2026-05-12,500.0,500.27039944116285,0.2703994411628514,0.05407988823257028,STABLE
كوب بلاستيك بريما - 500 مل - بينك,2026-05-12,500.0,500.27039944116285,0.2703994411628514,0.05407988823257028,STABLE
كوب بلاستيك بريما - 500 مل - رمادي,2026-05-12,500.0,500.27039944116285,0.2703994411628514,0.05407988823257028,STABLE
كوب بلاستيك بريما احمر - 500مل,2026-05-12,25.0,25.537111652831538,0.5371116528315376,2.1484466113261504,STABLE
كوب بلاستيك ماي تشويس - 450 مل,2026-05-12,450.0,446.97228846512127,-3.0277115348787333,-0.6728247855286075,DOWN
كوب بلاستيك ماي تشويس - 500 مل,2026-05-12,500.0,500.27039944116285,0.2703994411628514,0.05407988823257028,STABLE
كوب تيتيز مع شفاطة - 600 مل,2026-05-12,600.0,585.3701512871595,-14.629848712840499,-2.4383081188067495,DOWN
كوب قهوة تيتز - 400 مل,2026-05-12,400.0,407.79008131515616,7.790081315156158,1.9475203287890395,UP
كوب كعك الارز يوبوكي - روز حار - 120 جم,2026-05-12,120.0,123.25253669147004,3.2525366914700413,2.7104472428917012,UP
كوب كعك الارز يوبوكي - كاربونارا - 120 جم,2026-05-12,120.0,123.25253669147004,3.2525366914700413,2.7104472428917012,UP
كوب يوبوكي جاجانج رابوكي - 145 جم,2026-05-12,145.0,145.79041950520156,0.7904195052015552,0.5451169001390036,STABLE
كورازي اركوبالينو اسفنجة جلى - 5 قطع,2026-05-12,5.0,6.081163175746281,1.0811631757462807,21.623263514925615,UP
كورازي ليمبو اسفنجة جلى - قطعتين,2026-05-12,57.0,55.18954352131152,-1.8104564786884794,-3.1762394362955777,DOWN
كوردون بلو روستي - 400جم,2026-05-12,119.0,124.3598900646928,5.359890064692806,4.504109298061181,UP
كورن فليكس تيميز - 25جم,2026-05-12,11.0,12.582476100627167,1.5824761006271668,14.38614636933788,UP
كورن فليكس تيميز - 500جم,2026-05-12,108.0,109.70917434065234,1.7091743406523392,1.582568833937351,UP
كورن فليكس من تيمز - 1 كجم,2026-05-12,214.0,211.07088156914327,-2.9291184308567324,-1.3687469303068844,DOWN
كوره خرزه هوائيه,2026-05-12,30.0,29.526584230276768,-0.47341576972323196,-1.5780525657441067,STABLE
كورونا كوفرتورة شوكولاتة دارك للطبخ - 150 جرام,2026-05-12,150.0,157.0301259011403,7.030125901140309,4.686750600760206,UP
كوكا كولا - 500 مل,2026-05-12,500.0,501.53867223738945,1.5386722373894486,0.30773444747788975,UP
كوكاكولا - 1.45 لتر,2026-05-12,23.0,22.102717807871812,-0.8972821921281877,-3.9012269222964684,STABLE
كوكاكولا - 950 مل,2026-05-12,20.0,19.3112000698131,-0.6887999301868994,-3.443999650934497,STABLE
كوكاكولا زيرو مشروب غازي - 950 مل,2026-05-12,20.0,25.27589298568199,5.275892985681988,26.37946492840994,UP
كوكاكولا مشروب غازي - 2.45 لتر,2026-05-12,2.45,5.219324704621356,2.769324704621356,113.03366141311658,UP
كوكس بيكنج بودر - 16 جم,2026-05-12,16.0,17.22777303164607,1.2277730316460698,7.673581447787936,UP
كوكس جيلى موز - 80 جم,2026-05-12,80.0,81.45638367080706,1.4563836708070568,1.820479588508821,UP
كوكس جيلي أناناس - 80 جرام,2026-05-12,80.0,81.45638367080706,1.4563836708070568,1.820479588508821,UP
كوكس جيلي بالمشمش - 80 جم,2026-05-12,80.0,81.45638367080706,1.4563836708070568,1.820479588508821,UP
كوكس خليط البان كيك - 400 جرام,2026-05-12,400.0,404.06172847209876,4.061728472098764,1.015432118024691,UP
كوكس خليط كيكة البرتقال - 400 جرام,2026-05-12,400.0,404.06172847209876,4.061728472098764,1.015432118024691,UP
كوكس خليط كيكة الشوكولاتة - 400 جرام,2026-05-12,400.0,404.06172847209876,4.061728472098764,1.015432118024691,UP
كوكس خميرة جافة فورية - 10 جرام - 25 كيس,2026-05-12,10.0,12.757280423343431,2.757280423343431,27.57280423343431,UP
كوكس خميرة جافة فورية - 10 جم,2026-05-12,10.0,12.757280423343431,2.757280423343431,27.57280423343431,UP
كوكس فانيليا - 1جم,2026-05-12,99.0,102.41475146071122,3.4147514607112157,3.4492438997082986,UP
كوكس كاسترد بالشوكولاتة - 50 جم,2026-05-12,50.0,51.475741695197456,1.4757416951974562,2.9514833903949125,UP
كوكس كريم شانتيه - 45 جرام,2026-05-12,45.0,45.414925676338356,0.4149256763383562,0.9220570585296805,STABLE
كوكس كريم شانتيه - 45 جرام - 12 قطعة,2026-05-12,45.0,45.414925676338356,0.4149256763383562,0.9220570585296805,STABLE
كوكس مج كيك - 65 جرام,2026-05-12,65.0,68.1427516608219,3.142751660821901,4.835002555110616,UP
كوكس مج كيك - 65 جرام - 12 كيس,2026-05-12,65.0,68.1427516608219,3.142751660821901,4.835002555110616,UP
كوكس مسحوق كاسترد - 50 جم,2026-05-12,50.0,51.475741695197456,1.4757416951974562,2.9514833903949125,UP
كوكس مسحوق كاكاو - 40 جم,2026-05-12,40.0,39.512643482822206,-0.48735651717779405,-1.2183912929444851,STABLE
كوكس مسحوق كاكاو - 400 جم,2026-05-12,400.0,391.7416415760113,-8.258358423988682,-2.0645896059971705,DOWN
كوكى بيف برجر - 20 قطعة - 1000 جرام,2026-05-12,14.0,14.847921937025276,0.8479219370252764,6.05658526446626,STABLE
كوكى جولد بيف هوت دوج - 5 قطع,2026-05-12,15.0,15.445191175247652,0.4451911752476523,2.967941168317682,STABLE
كوكى جولد فيلية دجاج - 5 قطع,2026-05-12,12.0,12.63383158112408,0.6338315811240793,5.281929842700661,STABLE
كوكي برجر دجاج - 8 قطع,2026-05-12,31.0,30.70517545489783,-0.2948245451021698,-0.9510469196844187,STABLE
كوكي جولد أجنحة دجاج مشوية - 500 جرام,2026-05-12,10.0,12.179613958929766,2.1796139589297656,21.796139589297656,UP
كوكي جولد جمبري مقلي - 300 جرام,2026-05-12,25.0,26.25807641315077,1.2580764131507713,5.032305652603085,UP
كوكي جولد شيش طاووق - 400 جرام,2026-05-12,16.0,16.621376957597143,0.6213769575971426,3.8836059849821414,STABLE
كوكي جولد فاهيتا الدجاج المشوية - 400 جرام,2026-05-12,19.0,19.416058453937165,0.4160584539371648,2.189781336511394,STABLE
كوكي جولد فراخ تندرز - 400 جرام,2026-05-12,20.0,20.07838613825508,0.07838613825508034,0.39193069127540175,STABLE
كوكي جولد وجبة دجاج - 9 قطع,2026-05-12,17.0,18.06329860040456,1.0632986004045613,6.2546976494385955,UP
كوكي دجاجة كاملة - 1100-1200 جرام,2026-05-12,1100.0,940.7833672425118,-159.21663275748824,-14.47423934158984,DOWN
كوكي ستربس دجاج - 400 جم,2026-05-12,17.0,18.06329860040456,1.0632986004045613,6.2546976494385955,UP
كوكي ستربس دجاج حار - 1 كجم,2026-05-12,23.0,22.857691706763806,-0.14230829323619432,-0.618731709722584,STABLE
كوكي كرانشي صدور دجاج بانية حارة - 40 قطعة,2026-05-12,29.0,29.003146426987595,0.003146426987594708,0.0108497482330852,STABLE
كوكي هوت دوج بيف - 12 قطعة,2026-05-12,13.0,14.18708107806159,1.1870810780615901,9.131392908166077,UP
كوكي هوت دوج بيف - 30 قطعة,2026-05-12,18.0,18.391708444741784,0.39170844474178423,2.176158026343246,STABLE
كوكي هيروز بوب كورن الدجاج - 400 جم,2026-05-12,18.0,18.391708444741784,0.39170844474178423,2.176158026343246,STABLE
كوكيز سانتي جو أون بروتين بالكراميل - 50 جرام,2026-05-12,50.0,51.475741695197456,1.4757416951974562,2.9514833903949125,UP
كوين أكواب شاي ورقية - 50 قطعة,2026-05-12,50.0,49.76216375973339,-0.23783624026660988,-0.4756724805332197,STABLE
كوين أكياس فرن - حجم صغير - 5 كيس,2026-05-12,5.0,6.081163175746281,1.0811631757462807,21.623263514925615,UP
كوين أكياس فرن صغيرة - 5 أكياس + اكياس وسط - 3 اكياس + اكياس كبيرة - 2 كيس,2026-05-12,5.0,6.081163175746281,1.0811631757462807,21.623263514925615,UP
كوين رول تغليف الطعام - 20 متر,2026-05-12,20.0,19.357212583018235,-0.6427874169817649,-3.2139370849088245,STABLE
كوين رول مفرش سفرة - 110 * 110 سم - 1 كجم,2026-05-12,17.0,16.890725248900342,-0.10927475109965812,-0.6427926535274007,STABLE
كوين رول مفرش سفرة - 90*110سم - 30 قطعة,2026-05-12,90.0,89.74249488683252,-0.2575051131674826,-0.286116792408314,STABLE
كوين ورق غذائي - 0.5 كيلو - 30 سم,2026-05-12,30.0,29.169776125496117,-0.8302238745038828,-2.7674129150129425,STABLE
كوين ورق غذائي - 0.5 كيلو - 40 سم,2026-05-12,40.0,39.55149864665351,-0.44850135334648655,-1.1212533833662164,STABLE
كيدو حبوب أرز مغطاه بالشوكولاتة - 250 جرام,2026-05-12,250.0,247.58109011462136,-2.418909885378639,-0.9675639541514557,DOWN
كيدو حبوب قمح مقرمش مغطاه بالشوكولاتة - 250 جرام,2026-05-12,250.0,247.58109011462136,-2.418909885378639,-0.9675639541514557,DOWN
كيدو حبوب محشية بكريمة الشوكولاتة - 250 جرام,2026-05-12,250.0,247.58109011462136,-2.418909885378639,-0.9675639541514557,DOWN
كيدو حلقات ذرة ملونة بالفواكه - 250 جرام,2026-05-12,250.0,247.58109011462136,-2.418909885378639,-0.9675639541514557,DOWN
كيدو شوكو فيليكس - 250 جرام,2026-05-12,250.0,247.58109011462136,-2.418909885378639,-0.9675639541514557,DOWN
كيدو كرات ذرة مغطاه بالشوكولاتة - 250 جرام,2026-05-12,250.0,247.58109011462136,-2.418909885378639,-0.9675639541514557,DOWN
كيدو كورن فيليكس - 250 جرام,2026-05-12,250.0,247.58109011462136,-2.418909885378639,-0.9675639541514557,DOWN
كيرفر صندوق تخزين الأدوات المكتبية - بني داكن,2026-05-12,569.0,567.4169798508227,-1.5830201491772868,-0.27821092252676394,DOWN
كيروكس سبراي مبيد الحشرات الزاحفة - 500 مل,2026-05-12,500.0,500.27039944116285,0.2703994411628514,0.05407988823257028,STABLE
كيروكس مبيد للحشرات الطائرة - 250مل,2026-05-12,55.0,53.503488156604476,-1.496511843395524,-2.720930624355498,DOWN
كيروكس مبيدة للحشرات الزاحفة - 150 مل,2026-05-12,150.0,152.97546296978635,2.9754629697863493,1.9836419798575662,UP
كيروكس مبيدة للحشرات الزاحفة - 300 مل,2026-05-12,300.0,337.2274695262168,37.227469526216794,12.409156508738931,UP
كيس دريم بنكهة الفانيليا - 4 جرام,2026-05-12,4.0,6.399105295622842,2.3991052956228422,59.97763239057106,UP
كيس طحينة البوادي - 46 جرام,2026-05-12,46.0,46.13526665919739,0.13526665919739145,0.2940579547769379,STABLE
كيك بالبرتقال 5 مينيتس - 400 جم,2026-05-12,22.0,22.092319814945274,0.09231981494527375,0.41963552247851704,STABLE
كيك بنكهة الفانيليا دريم - 400 جم,2026-05-12,15.0,21.86503339638989,6.86503339638989,45.766889309265935,UP
كيك بنكهة الفراولة دريم - 400 جم,2026-05-12,15.0,15.822982969473857,0.8229829694738573,5.486553129825715,STABLE
كيك شوب استيكة ثلاثية الأبعاد شكل ذرة - 5 قطع,2026-05-12,5.0,4.8031059229321675,-0.19689407706783246,-3.9378815413566493,STABLE
كيك شوكولاتة 5 مينتس - 400 جم,2026-05-12,5.0,7.278912356078499,2.278912356078499,45.57824712156998,UP
كيك فادج 5 مينتس - 320 جم,2026-05-12,5.0,7.278912356078499,2.278912356078499,45.57824712156998,UP
كيك قدرة قادر كوكس - 460 جرام,2026-05-12,460.0,442.69173941468506,-17.30826058531494,-3.7626653446336826,DOWN
كيك ماسترز كوكس - 20 جرام,2026-05-12,20.0,20.03650346175373,0.03650346175372832,0.18251730876864158,STABLE
كيك ميكس بالفانيليا 5 مينيتس - 400 جم,2026-05-12,22.0,22.092319814945274,0.09231981494527375,0.41963552247851704,STABLE
كيك ميكس دريم بجوز الهند - 400 جم,2026-05-12,15.0,15.822982969473857,0.8229829694738573,5.486553129825715,STABLE
كيناري فواصل أوراق - 6 فواصل مرقمة - t006a-p,2026-05-12,6.0,5.7330325433354075,-0.26696745666459254,-4.449457611076543,STABLE
لاتيه الفستق يلا فراب إت - 35 جم,2026-05-12,35.0,34.06616798862149,-0.933832011378513,-2.668091461081466,STABLE
لاتيه جولد سريع التحضير من نسكافيه - 17 جرام,2026-05-12,17.0,17.218544195614456,0.21854419561445582,1.2855540918497401,STABLE
لاتيه مصر كافيه بالكاكاو و القرفة - 25جم - 8 أكياس,2026-05-12,8.0,8.623779850137703,0.6237798501377032,7.79724812672129,STABLE
لاتيه يلا كوفي سريع التحضير - 10 أكياس,2026-05-12,10.0,11.345288341242082,1.3452883412420817,13.45288341242082,UP
لامار مشروب برتقال - 200 مل,2026-05-12,200.0,205.60893267509945,5.608932675099453,2.8044663375497265,UP
لانش بوكس بريما,2026-05-12,54.0,53.084585636420364,-0.9154143635796359,-1.6952117844067334,STABLE
لايت بايت بار بروتين بالكابتشينو - 70 جرام,2026-05-12,70.0,71.21322566317409,1.2132256631740859,1.7331795188201227,UP
لايت بايت بافس العدس بطعم المستردة والعسل - 40 جم,2026-05-12,40.0,41.201266700656554,1.2012667006565536,3.003166751641384,UP
لايت بايت براونيز شوكولاتة - 70 جرام,2026-05-12,70.0,71.21322566317409,1.2132256631740859,1.7331795188201227,UP
لايت بايت بروتين بار بالبندق - 60 جرام,2026-05-12,60.0,60.24883998740697,0.2488399874069671,0.41473331234494515,STABLE
لايت بايت كيدو كرسبي بروتين بار بالكراميل - 30 جرام,2026-05-12,30.0,30.645875743080058,0.6458757430800581,2.1529191436001938,STABLE
لايت بايت واي بروتين بار بالريد فيلفيت - 70 جرام,2026-05-12,70.0,71.21322566317409,1.2132256631740859,1.7331795188201227,UP
لايف ستايل بولة - صغيرة,2026-05-12,30.0,29.169776125496117,-0.8302238745038828,-2.7674129150129425,STABLE
لايف ستايل طبق - 21 سم,2026-05-12,21.0,20.108320694307576,-0.8916793056924242,-4.246091931868686,STABLE
لايف ستايل طبق عميق - 20 سم,2026-05-12,20.0,19.357212583018235,-0.6427874169817649,-3.2139370849088245,STABLE
لايف ستايل طبق غداء - 26 سم,2026-05-12,26.0,25.79026302228043,-0.20973697771956878,-0.8066806835368031,STABLE
لايف ستايل كوب كبير - 420 مل,2026-05-12,420.0,425.0780248872455,5.078024887245476,1.2090535445822563,UP
لايون رقائق بطاطس بالجبنة المتبلة - 51 جرام,2026-05-12,51.0,51.98066491667331,0.9806649166733123,1.9228723856339458,STABLE
لايون رقائق بطاطس بالشطة والليمون - 51 جرام,2026-05-12,51.0,51.98066491667331,0.9806649166733123,1.9228723856339458,STABLE
لايون رقائق بطاطس بالفراخ - 51 جرام,2026-05-12,51.0,51.98066491667331,0.9806649166733123,1.9228723856339458,STABLE
لايون رقائق بطاطس بالكاتشب - 51 جرام,2026-05-12,51.0,51.98066491667331,0.9806649166733123,1.9228723856339458,STABLE
لايون رقائق بطاطس بالكباب - 51 جرام,2026-05-12,51.0,51.98066491667331,0.9806649166733123,1.9228723856339458,STABLE
لبان فيني بنكهة البطيخ - 90 جرام,2026-05-12,90.0,92.78111497146547,2.7811149714654704,3.0901277460727448,UP
لحم مفروم اطياب - 320 جم,2026-05-12,320.0,320.3851706967764,0.385170696776413,0.12036584274262908,STABLE
لحم مفروم حلواني - 350 جم,2026-05-12,350.0,349.432895259994,-0.5671047400060161,-0.16202992571600458,STABLE
لحم مفروم خشن المراعي - 300 جم,2026-05-12,300.0,313.51211900361875,13.51211900361875,4.504039667872917,UP
لحم مفروم خشن المراعي - 700 جم,2026-05-12,700.0,632.7924728724388,-67.2075271275612,-9.601075303937314,DOWN
لعبة بناء المدينة الخشبية - 102 قطعة,2026-05-12,102.0,100.46365883469025,-1.53634116530975,-1.5062168287350493,DOWN
لعبة بيضة المفأجات زورو رينبوكورنز سباركل هارت,2026-05-12,695.0,672.1996930364244,-22.800306963575622,-3.2806197069892984,DOWN
لعبة كذاب,2026-05-12,269.0,256.92218618265287,-12.077813817347135,-4.489893612396704,DOWN
لعبة كروت مافيا,2026-05-12,319.0,315.96136256731614,-3.0386374326838563,-0.952550919336632,DOWN
لعبة كونكت فور,2026-05-12,199.0,199.688240020306,0.6882400203060115,0.34584925643518166,STABLE
لفافة ورق ألومنيوم ديميتا عالية الكثافة - 40 سم × 10 م,2026-05-12,40.0,39.55149864665351,-0.44850135334648655,-1.1212533833662164,STABLE
لفافة ورق ألومنيوم ديميتا عالية الكثافة - 40 سم × 12 م,2026-05-12,40.0,39.55149864665351,-0.44850135334648655,-1.1212533833662164,STABLE
لمار عصير برتقال 1ل,2026-05-12,64.0,59.71171905111671,-4.2882809488832905,-6.700438982630141,DOWN
لمار عصير برتقال طبيعي - 200 مل,2026-05-12,200.0,205.60893267509945,5.608932675099453,2.8044663375497265,UP
لمار عصير تفاح - 200 مل,2026-05-12,200.0,205.60893267509945,5.608932675099453,2.8044663375497265,UP
لمار عصير جوافة - 1 لتر,2026-05-12,38.0,36.156821600632334,-1.843178399367666,-4.8504694720201735,DOWN
لمار عصير جوافة - 200 مل,2026-05-12,200.0,205.60893267509945,5.608932675099453,2.8044663375497265,UP
لمار عصير عنب احمر - 200 مل,2026-05-12,200.0,205.60893267509945,5.608932675099453,2.8044663375497265,UP
لمار عصير عنب احمر 100% طبيعي - 1 لتر,2026-05-12,100.0,103.89301896000244,3.8930189600024363,3.893018960002436,UP
لمار عصير كوكتيل - 1 لتر,2026-05-12,38.0,36.156821600632334,-1.843178399367666,-4.8504694720201735,DOWN
لمار عصير مانجو - 1 لتر,2026-05-12,37.0,35.706932875021465,-1.2930671249785348,-3.4947760134554993,DOWN
لوح كتابة إم آند جي مقاس a4 - ألوان مختلفة - adm94510,2026-05-12,179.0,179.88589840868727,0.8858984086872681,0.49491531211579226,STABLE
لوح كتابة إم آند جي مقاس a4 - ألوان مختلفة - adm94862,2026-05-12,259.0,253.33323455552693,-5.6667654444730715,-2.187940326051379,DOWN
لوح للكتابة والمسح للاطفال,2026-05-12,40.0,40.18355950343549,0.18355950343548955,0.4588987585887239,STABLE
لودفيك أقراص غسالة الاطباق الكل في واحد - 14 قرص,2026-05-12,14.0,14.092125441286319,0.09212544128631883,0.6580388663308488,STABLE
لودفيك أقراص غسالة الاطباق الكل في واحد - 30 قرص,2026-05-12,30.0,29.169776125496117,-0.8302238745038828,-2.7674129150129425,STABLE
لودفيك أقراص غسالة الاطباق الكل في واحد - 40 قرص,2026-05-12,9.0,9.906802653517095,0.9068026535170954,10.075585039078838,STABLE
لودفيك أقراص لغسالة الأطباق برائحة الليمون - 30 قطعة,2026-05-12,30.0,29.169776125496117,-0.8302238745038828,-2.7674129150129425,STABLE
لوز زادنا - 150جرام,2026-05-12,174.0,172.34383398376443,-1.6561660162355736,-0.9518195495606745,DOWN
لوز محمص مملح حاج عرفة,2026-05-12,275.0,231.24257360354014,-43.75742639645986,-15.911791416894497,DOWN
لوز محمص من أبو عوف - 200 جرام,2026-05-12,200.0,202.1751499873623,2.175149987362289,1.0875749936811445,UP
لوز مدخن محمص أبو عوف - 180 جرام,2026-05-12,180.0,178.66556396265705,-1.3344360373429538,-0.7413533540794188,DOWN
لوك أند لوك زين ستايل بولة سلطة مربعة - 1.6 لتر,2026-05-12,1.6,5.242354598104246,3.6423545981042458,227.64716238151536,UP
لوك أند لوك زين ستايل بولة سلطة مربعة - 520 مل,2026-05-12,520.0,513.0119456989933,-6.988054301006741,-1.3438565963474502,DOWN
لوميير أطباق بلاستيك - صغيرة - 10 قطع,2026-05-12,10.0,11.391301490230097,1.3913014902300969,13.913014902300969,UP
لومييرأطباق بلاستيكية مربعة صغيرة - 6 قطع,2026-05-12,6.0,7.109818969169242,1.1098189691692424,18.49698281948737,UP
لونا بوفية حليب مبخر - 170 جم,2026-05-12,170.0,168.09986771103192,-1.9001322889680807,-1.117724875863577,DOWN
لونا بوفية حليب مبخر - 410 جم,2026-05-12,410.0,406.65335691765705,-3.3466430823429505,-0.816254410327549,DOWN
ليبتون أعشاب يانسون - 12 فتلة,2026-05-12,12.0,11.787877236579112,-0.2121227634208882,-1.7676896951740684,STABLE
ليبتون شاى خرز - 250جم,2026-05-12,5.0,6.043839742892518,1.0438397428925184,20.876794857850367,UP
ليبتون شاي أخضر بالنعناع - 12 فتلة,2026-05-12,12.0,11.787877236579112,-0.2121227634208882,-1.7676896951740684,STABLE
ليبتون شاي أخضر بالنعناع - 25 كيس,2026-05-12,25.0,25.503102514258774,0.5031025142587744,2.0124100570350976,STABLE
ليف مواعين تيفال بريمير - 6 قطع,2026-05-12,6.0,7.109818969169242,1.1098189691692424,18.49698281948737,UP
ليف مواعين فضي بريمير - 6 قطع,2026-05-12,6.0,7.109818969169242,1.1098189691692424,18.49698281948737,UP
ليفة بوبي - 3 قطع,2026-05-12,3.0,5.242354598104246,2.242354598104246,74.74515327014153,UP
ليفة مطبخ وريتكس اروبة الاقتصادية,2026-05-12,17.0,17.308702044420464,0.308702044420464,1.815894378943906,STABLE
لينو كورن فليكس - 1 كجم,2026-05-12,170.0,168.09986771103192,-1.9001322889680807,-1.117724875863577,DOWN
لينو كورن فليكس بالشوكولاتة والشوفان - 250 جرام,2026-05-12,250.0,247.58109011462136,-2.418909885378639,-0.9675639541514557,DOWN
لينو موسلي رقائق الشوفان مع الزبيب وجوز الهند واللوز - 375 جرام,2026-05-12,375.0,380.19382509230945,5.193825092309453,1.3850200246158542,UP
لينو موسلي رقائق الشوفان مع الشوكولاتة والبندق والزبيب - 375 جرام,2026-05-12,375.0,380.19382509230945,5.193825092309453,1.3850200246158542,UP
ماء ورد يمامة - 300 مل,2026-05-12,300.0,348.940796161135,48.94079616113498,16.313598720378327,UP
ماجيك مومنتس شراب بالتوت الأزرق - 25 جم,2026-05-12,25.0,26.651717189541937,1.6517171895419374,6.606868758167749,UP
ماجيك مومنتس شراب بالفراولة - 25 جم,2026-05-12,25.0,26.651717189541937,1.6517171895419374,6.606868758167749,UP
ماجيك مومنتس صوص كاراميل - 25 مل,2026-05-12,25.0,26.651717189541937,1.6517171895419374,6.606868758167749,UP
ماركادوريس علبة ألوان - 12 لون,2026-05-12,12.0,11.184386256880785,-0.815613743119215,-6.7967811926601245,STABLE
ماركادوريس علبة ألوان - 24 لون,2026-05-12,24.0,23.414268273068046,-0.5857317269319537,-2.440548862216474,STABLE
مارينا رول مفرش سفرة - 25 قطعة,2026-05-12,25.0,25.64970759619361,0.6497075961936112,2.5988303847744447,STABLE
مارينا رول مفرش سفرة - 25 قطعة - 110*110 سم,2026-05-12,25.0,25.64970759619361,0.6497075961936112,2.5988303847744447,STABLE
مازولا مايونيز بالليمون- 340 مل,2026-05-12,340.0,333.5730275951352,-6.4269724048647845,-1.8902860014308192,DOWN
ماس تشويس طبق - كبير - 10 قطع - أبيض,2026-05-12,10.0,11.391301490230097,1.3913014902300969,13.913014902300969,UP
ماس تشويس مجموعة بولات - 4 قطع,2026-05-12,4.0,5.242354598104246,1.2423545981042459,31.058864952606147,UP
ماكس تاتش مناديل مبللة منعشة - 15 منديل,2026-05-12,15.0,14.64883427504906,-0.3511657249509401,-2.3411048330062676,STABLE
ماكس تاتش مناديل مبللة منعشة - 40 منديل,2026-05-12,40.0,39.55149864665351,-0.44850135334648655,-1.1212533833662164,STABLE
ماكس تاتش مناديل مبللة منعشة - 40 منديل * 3 قطع,2026-05-12,40.0,39.55149864665351,-0.44850135334648655,-1.1212533833662164,STABLE
ماكسيل سبراي معطر جو برائحة اللافندر - 475 مل,2026-05-12,32.0,36.138301115310355,4.138301115310355,12.93219098534486,UP
ماكسيل ماجيك أوشن منظف حمامات - 700 مل,2026-05-12,19.0,18.661461897953068,-0.33853810204693247,-1.7817794844575394,STABLE
ماكسيل ماجيك بخاخ منظف متعدد الاستخدامات - 700 مل,2026-05-12,700.0,684.3202620338465,-15.679737966153539,-2.2399625665933627,DOWN
ماكسيل ماجيك رفاهية سبراي معطر جو - 475 مل,2026-05-12,32.0,30.62239632574517,-1.3776036742548285,-4.305011482046339,DOWN
ماكسيل ماجيك رومبا سبراي معطر للجو - 475 مل,2026-05-12,32.0,30.62239632574517,-1.3776036742548285,-4.305011482046339,DOWN
ماكسيل ماجيك زيرو منظف تواليت - 500 مل,2026-05-12,25.0,25.537111652831538,0.5371116528315376,2.1484466113261504,STABLE
ماكسيل ماجيك زيرو منظف تواليت - 700 مل,2026-05-12,19.0,18.661461897953068,-0.33853810204693247,-1.7817794844575394,STABLE
ماكسيل ماجيك سبراي معطر جو برائحة التوت - 475 مل,2026-05-12,32.0,30.62239632574517,-1.3776036742548285,-4.305011482046339,DOWN
ماكسيل ماجيك سبراي معطر جو برائحة الخوخ - 475 مل,2026-05-12,32.0,30.62239632574517,-1.3776036742548285,-4.305011482046339,DOWN
ماكسيل ماجيك سبراي معطر جو برائحة الفواكه الاستوائية - 475 مل,2026-05-12,32.0,30.62239632574517,-1.3776036742548285,-4.305011482046339,DOWN
ماكسيل ماجيك سبراي منظف للميكروويف والثلاجات - 700 مل,2026-05-12,700.0,684.3202620338465,-15.679737966153539,-2.2399625665933627,DOWN
ماكسيل ماجيك كريستال زجاجة إعادة تعبئة سائل منظف للزجاج والنوافذ برائحة الورد - 700 مل,2026-05-12,700.0,684.3202620338465,-15.679737966153539,-2.2399625665933627,DOWN
ماكسيل ماجيك كريستال سائل منظف للزجاج والنوافذ برائحة الأعشاب - 700 مل,2026-05-12,700.0,684.3202620338465,-15.679737966153539,-2.2399625665933627,DOWN
ماكسيل ماجيك كريستال سائل منظف للزجاج والنوافذ برائحة الورد - 700 مل,2026-05-12,700.0,684.3202620338465,-15.679737966153539,-2.2399625665933627,DOWN
ماكسيل ماجيك كريستال سائل منظف للزجاج والنوافذ برائحة نسيم المحيط - 700 مل,2026-05-12,700.0,684.3202620338465,-15.679737966153539,-2.2399625665933627,DOWN
ماكسيل ماجيك منظف الحمامات برائحة الليمون - 700 مل,2026-05-12,19.0,18.661461897953068,-0.33853810204693247,-1.7817794844575394,STABLE
ماكسيل ماجيك منظف المطابخ - 700 مل,2026-05-12,700.0,684.3202620338465,-15.679737966153539,-2.2399625665933627,DOWN
ماكسيل ماجيك منظف تواليت بقوة الأكسجين - 500 مل,2026-05-12,25.0,25.537111652831538,0.5371116528315376,2.1484466113261504,STABLE
ماكسيل ماجيك منظف تواليت بقوة كلوريل - 700 مل,2026-05-12,19.0,18.661461897953068,-0.33853810204693247,-1.7817794844575394,STABLE
ماكسيل ماجيك منظف حمامات برائحة التفاح - 700 مل,2026-05-12,19.0,18.661461897953068,-0.33853810204693247,-1.7817794844575394,STABLE
ماكسيل ماجيك منظف حمامات بقوة الاوكسجين - 700 مل,2026-05-12,19.0,18.661461897953068,-0.33853810204693247,-1.7817794844575394,STABLE
ماكسيل مزيل الاتساخات - 700 مل,2026-05-12,700.0,684.3202620338465,-15.679737966153539,-2.2399625665933627,DOWN
ماكسيل منظف أرضيات بصابون المارسيليا - 1.5 لتر,2026-05-12,23.0,22.13672694644457,-0.8632730535554316,-3.7533611024149196,STABLE
ماكسيل منظف ارضيات برائحة السهول الخضراء - 1.8 لتر,2026-05-12,23.0,22.13672694644457,-0.8632730535554316,-3.7533611024149196,STABLE
ماكسيل منظف ارضيات برائحة الليمون - 1.8 لتر,2026-05-12,23.0,22.13672694644457,-0.8632730535554316,-3.7533611024149196,STABLE
ماكسيل منظف الحمامات - 700 مل,2026-05-12,700.0,684.3202620338465,-15.679737966153539,-2.2399625665933627,DOWN
ماكسيل منظف تواليت برائحة التفاح - 500 مل,2026-05-12,25.0,25.537111652831538,0.5371116528315376,2.1484466113261504,STABLE
ماكسيل منظف سجاد - 750 مل,2026-05-12,750.0,745.8233308215032,-4.176669178496809,-0.5568892237995745,DOWN
ماوس بوي الوان زيت باستيل - 12 لون,2026-05-12,12.0,11.184386256880785,-0.815613743119215,-6.7967811926601245,STABLE
ماى تشويس كلينج فيلم - 45م,2026-05-12,169.0,163.46997229805166,-5.530027701948342,-3.272205740797835,DOWN
ماي تشويس أكوا مطهر متعدد الاستخدامات- 4 لتر,2026-05-12,4.0,5.242354598104246,1.2423545981042459,31.058864952606147,UP
ماي تشويس أكواب - 12 أونصه - 25 قطعة,2026-05-12,12.0,11.878035085385122,-0.12196491461487824,-1.0163742884573188,STABLE
ماي تشويس أكواب - 14 أونصه - 6 قطع,2026-05-12,14.0,14.092125441286319,0.09212544128631883,0.6580388663308488,STABLE
ماي تشويس أكواب - 4 أونصه - 25 قطعة,2026-05-12,4.0,5.242354598104246,1.2423545981042459,31.058864952606147,UP
ماي تشويس أكواب - 7 أونصه - 20 قطعة,2026-05-12,7.0,8.227935420762583,1.2279354207625826,17.541934582322607,UP
ماي تشويس أكواب - 8 أونصه - 25 قطعة,2026-05-12,8.0,8.669792999125718,0.6697929991257183,8.372412489071479,STABLE
ماي تشويس أكواب بلاستيك للإستعمال مرة واحدة - 50 قطعة,2026-05-12,50.0,49.76216375973339,-0.23783624026660988,-0.4756724805332197,STABLE
ماي تشويس أكياس ثلاجة - 20 * 35 سم - 300 كيس,2026-05-12,20.0,19.357212583018235,-0.6427874169817649,-3.2139370849088245,STABLE
ماي تشويس أكياس ثلاجة - 20 * 35 سم - 50 كيس,2026-05-12,20.0,19.357212583018235,-0.6427874169817649,-3.2139370849088245,STABLE
ماي تشويس أكياس ثلاجة - 25 * 40 سم - 300 كيس,2026-05-12,25.0,25.537111652831538,0.5371116528315376,2.1484466113261504,STABLE
ماي تشويس أكياس ثلاجة - 25 * 40 سم - 50 كيس,2026-05-12,25.0,25.537111652831538,0.5371116528315376,2.1484466113261504,STABLE
ماي تشويس أكياس قمامة رول 40 * 50 سم - 30 كيس,2026-05-12,40.0,39.55149864665351,-0.44850135334648655,-1.1212533833662164,STABLE
ماي تشويس أكياس قمامة رول 60 * 70 سم - 10 أكياس,2026-05-12,60.0,57.43350667126746,-2.566493328732541,-4.2774888812209015,DOWN
ماي تشويس أكياس قمامة رول 70 * 90 سم - 10 أكياس,2026-05-12,70.0,67.9346681176458,-2.065331882354201,-2.9504741176488585,DOWN
ماي تشويس أكياس قمامة رول 70 * 90 سم - 25 كيس,2026-05-12,70.0,67.9346681176458,-2.065331882354201,-2.9504741176488585,DOWN
ماي تشويس أكياس قمامة رول 70 * 90 سم - 90 كيس,2026-05-12,70.0,67.9346681176458,-2.065331882354201,-2.9504741176488585,DOWN
ماي تشويس أكياس قمامة رول 85 * 110 سم - 10 أكياس,2026-05-12,85.0,95.58100191046788,10.581001910467876,12.448237541726913,UP
ماي تشويس رول فويل - 30 متر,2026-05-12,30.0,29.169776125496117,-0.8302238745038828,-2.7674129150129425,STABLE
ماي تشويس رول فويل الومنيوم - 100 متر,2026-05-12,100.0,105.23115419550474,5.231154195504743,5.231154195504743,UP
ماي تشويس رول فويل الومنيوم - 20 متر,2026-05-12,20.0,19.357212583018235,-0.6427874169817649,-3.2139370849088245,STABLE
ماي تشويس رول فويل الومنيوم - 50 متر,2026-05-12,50.0,49.76216375973339,-0.23783624026660988,-0.4756724805332197,STABLE
ماي تشويس رول فويل الومنيوم - 75 متر,2026-05-12,75.0,73.40565975466046,-1.5943402453395379,-2.1257869937860505,DOWN
ماي تشويس رول فويل الومنيوم - 8 متر,2026-05-12,8.0,8.669792999125718,0.6697929991257183,8.372412489071479,STABLE
ماي تشويس سكاكين بلاستيك - 25 قطعة - أبيض,2026-05-12,25.0,25.537111652831538,0.5371116528315376,2.1484466113261504,STABLE
ماي تشويس سكاكين بلاستيك - 25 قطعة - شفافة,2026-05-12,25.0,25.537111652831538,0.5371116528315376,2.1484466113261504,STABLE
ماي تشويس سلة مهملات,2026-05-12,55.0,55.200900451643975,0.20090045164397452,0.36527354844359006,STABLE
ماي تشويس شفاطات - 100 قطعة,2026-05-12,100.0,105.23115419550474,5.231154195504743,5.231154195504743,UP
ماي تشويس شوك بلاستيك - 25 قطعة - شفافة,2026-05-12,25.0,25.537111652831538,0.5371116528315376,2.1484466113261504,STABLE
ماي تشويس طبق بلاستيك - صغير - 10 قطع,2026-05-12,10.0,11.391301490230097,1.3913014902300969,13.913014902300969,UP
ماي تشويس طبق بلاستيك - كبير - 10 قطع,2026-05-12,10.0,11.391301490230097,1.3913014902300969,13.913014902300969,UP
ماي تشويس غطاء بوتاجاز - 6 شعلة,2026-05-12,6.0,7.109818969169242,1.1098189691692424,18.49698281948737,UP
ماي تشويس غطاء بوتاجاز - 6 شعلة - 3 قطع,2026-05-12,6.0,7.109818969169242,1.1098189691692424,18.49698281948737,UP
ماي تشويس فريش عبوة اعادة تعبئة منظف زجاج - 600 مل,2026-05-12,600.0,585.3701512871595,-14.629848712840499,-2.4383081188067495,DOWN
ماي تشويس فريش منظف زجاج - 600 مل,2026-05-12,600.0,585.3701512871595,-14.629848712840499,-2.4383081188067495,DOWN
ماي تشويس فريش منظف زجاج - 600 مل + عبوة اعادة تعبئة - 600 مل,2026-05-12,600.0,585.3701512871595,-14.629848712840499,-2.4383081188067495,DOWN
ماي تشويس مطهر باللافندر - 850 مل,2026-05-12,850.0,825.5645644163052,-24.43543558369481,-2.874757127493507,DOWN
ماي تشويس مطهر متعدد الاستخدامات برائحة الصنوبر - 4 لتر,2026-05-12,4.0,5.242354598104246,1.2423545981042459,31.058864952606147,UP
ماي تشويس مطهر متعدد الاستخدامات برائحة اللافندر- 4 لتر,2026-05-12,4.0,5.242354598104246,1.2423545981042459,31.058864952606147,UP
ماي تشويس ملاعق بلاستيك - 25 قطعة - أبيض,2026-05-12,25.0,25.537111652831538,0.5371116528315376,2.1484466113261504,STABLE
ماي تشويس ملاعق بلاستيك - 25 قطعة - شفافة,2026-05-12,25.0,25.537111652831538,0.5371116528315376,2.1484466113261504,STABLE
ماي تشويس ملاعق بلاستيك صغيرة - 25 قطعة - أبيض,2026-05-12,25.0,25.537111652831538,0.5371116528315376,2.1484466113261504,STABLE
ماي تشويس ملاعق بلاستيك صغيرة - 25 قطعة - شفافة,2026-05-12,25.0,25.537111652831538,0.5371116528315376,2.1484466113261504,STABLE
ماي تشويس ممسحة مطاطية - 55 سم,2026-05-12,55.0,53.503488156604476,-1.496511843395524,-2.720930624355498,DOWN
ماي تشويس مناديل مطبخ متعددة الاغراض - 800 جرام,2026-05-12,800.0,751.4501778778346,-48.54982212216544,-6.06872776527068,DOWN
ماي تشويس مناديل وجه - 500 منديل - 3 عبوات,2026-05-12,500.0,500.27039944116285,0.2703994411628514,0.05407988823257028,STABLE
مايونيز الثوم أمريكان جاردن - 400 جرام,2026-05-12,400.0,404.06172847209876,4.061728472098764,1.015432118024691,UP
مايونيز الفلفل الحارأمريكان جاردن - 400 جرام,2026-05-12,400.0,404.06172847209876,4.061728472098764,1.015432118024691,UP
مايونيز مازولا بالثوم - 340 مل,2026-05-12,340.0,333.5730275951352,-6.4269724048647845,-1.8902860014308192,DOWN
مايونيز هيرمان - 236 جم,2026-05-12,236.0,232.31617648204576,-3.683823517954238,-1.5609421686246772,DOWN
مايونيز هيرمان - 437 مل,2026-05-12,437.0,423.08458331517085,-13.915416684829154,-3.1843058775352753,DOWN
مبيد الحشرات الزاحفة ستوب باودر - 100 جرام,2026-05-12,100.0,105.23115419550474,5.231154195504743,5.231154195504743,UP
مبيد ريد للحشرات الطائرة - بدون رائحة - 400 مل,2026-05-12,400.0,407.79008131515616,7.790081315156158,1.9475203287890395,UP
مبيض قهوة نستله كوفي ميت - 400 جرام,2026-05-12,400.0,387.64031649057455,-12.359683509425452,-3.089920877356363,DOWN
مثقب ورق مزدوج ام اند جي - abs916kr,2026-05-12,209.0,209.38550727588964,0.38550727588963696,0.1844532420524579,STABLE
مج بريما بلاستيكي - 300 مل - أحمر,2026-05-12,300.0,337.2274695262168,37.227469526216794,12.409156508738931,UP
مج بريما بلاستيكي - 300 مل - رمادي,2026-05-12,300.0,337.2274695262168,37.227469526216794,12.409156508738931,UP
مج بريما بلاستيكي - 300 مل - وردي,2026-05-12,300.0,337.2274695262168,37.227469526216794,12.409156508738931,UP
مج بريما بلاستيكي - 350 مل - أزرق,2026-05-12,350.0,343.5377011755489,-6.462298824451125,-1.8463710927003214,DOWN
مج بريما بلاستيكي - 350 مل - رمادي,2026-05-12,350.0,343.5377011755489,-6.462298824451125,-1.8463710927003214,DOWN
مج بريما بلاستيكي - 350 مل - وردي,2026-05-12,350.0,343.5377011755489,-6.462298824451125,-1.8463710927003214,DOWN
مج بلاستيك من برايما - 300 مل - أزرق,2026-05-12,300.0,337.2274695262168,37.227469526216794,12.409156508738931,UP
مج بلاستيك من برايما - 350 مل - شفاف,2026-05-12,350.0,343.5377011755489,-6.462298824451125,-1.8463710927003214,DOWN
مج بلاستيك من بريما - 300 مل - احمر,2026-05-12,300.0,337.2274695262168,37.227469526216794,12.409156508738931,UP
مج بلاستيك من بريما - 300 مل - شفاف,2026-05-12,300.0,337.2274695262168,37.227469526216794,12.409156508738931,UP
مج كيك كوكس - 4 اكياس,2026-05-12,4.0,6.399105295622842,2.3991052956228422,59.97763239057106,UP
مجموعة أقلام الرصاص ديلي لابس إتش بي سوبر وينجز u53400 12 قلم رصاص,2026-05-12,12.0,11.184386256880785,-0.815613743119215,-6.7967811926601245,STABLE
مجموعة أقلام بريما 100 - 4 قطع,2026-05-12,100.0,100.26031812248114,0.26031812248113795,0.26031812248113795,STABLE
مجموعة أقلام بريما دانتي - قطعتان,2026-05-12,25.0,25.64970759619361,0.6497075961936112,2.5988303847744447,STABLE
مجموعة أقلام بريما فلاش - 4 قطع,2026-05-12,4.0,3.9596229887355,-0.040377011264499885,-1.0094252816124971,STABLE
مجموعه سنون ام اند جى - 0.5 مم - قطعتان,2026-05-12,57.0,57.33601939425066,0.33601939425066263,0.5895077092116888,STABLE
محلى سويتال دايت - 100 كيس,2026-05-12,100.0,102.07746009759929,2.0774600975992854,2.0774600975992854,UP
محلي طبيعي استيفيا - 40 كيس,2026-05-12,40.0,41.201266700656554,1.2012667006565536,3.003166751641384,UP
مزارع دينا حليب طبيعي بالقهوة - 250 مل,2026-05-12,250.0,247.28112526171415,-2.718874738285848,-1.0875498953143392,DOWN
مزارع دينا عصير رمان - 250 مل,2026-05-12,250.0,247.28112526171415,-2.718874738285848,-1.0875498953143392,DOWN
مزارع دينا عصير رمان - 850 مل,2026-05-12,850.0,825.3208052859671,-24.67919471403286,-2.90343467223916,DOWN
مزن سكر دايت - 48 كيس,2026-05-12,48.0,48.568907358980766,0.5689073589807663,1.1852236645432632,STABLE
مزيج قهوة سريعة التحضير بنكهة الموكا من نسكافيه - 18 جرام - 12 كيس,2026-05-12,18.0,17.546954039951686,-0.4530459600483141,-2.5169220002684116,STABLE
مزيل البقع كلوريل للالوان بقوة الاكسجين - 2 لتر,2026-05-12,2.0,5.242354598104246,3.242354598104246,162.1177299052123,UP
مزيل البقع للملابس الملونة كلوركس برائحة اللافندر - 2 لتر,2026-05-12,2.0,5.242354598104246,3.242354598104246,162.1177299052123,UP
مزيل البقع للملابس الملونة كلوركس برائحة اللافندر - 950 مل,2026-05-12,950.0,933.4365734329758,-16.56342656702418,-1.7435185860025453,DOWN
مساحة ملفوفة الهلال والنجمة,2026-05-12,75.0,73.40565975466046,-1.5943402453395379,-2.1257869937860505,DOWN
مستر براون ايس كوفي موكا - 240 مل,2026-05-12,240.0,245.9541310463245,5.954131046324505,2.480887935968544,UP
مستر براون بلو ماونتن قهوة مثلجة - 240 مل,2026-05-12,240.0,245.9541310463245,5.954131046324505,2.480887935968544,UP
مستر براون قهوة مثلجة - 240 مل,2026-05-12,240.0,245.9541310463245,5.954131046324505,2.480887935968544,UP
مستر براون قهوة مثلجة بالفانيليا - 240 مل,2026-05-12,240.0,245.9541310463245,5.954131046324505,2.480887935968544,UP
مستر براون قهوة مثلجة بالمكاديميا - 240 مل,2026-05-12,240.0,245.9541310463245,5.954131046324505,2.480887935968544,UP
مستر براون كابتشينو مثلج - 240 مل,2026-05-12,240.0,245.9541310463245,5.954131046324505,2.480887935968544,UP
مستر ماجيك منظف مطبخ بالبرتقال - 500 مل,2026-05-12,500.0,500.27039944116285,0.2703994411628514,0.05407988823257028,STABLE
مستر ماسل منظف للمراحيض بالليمون - 500 مل,2026-05-12,500.0,500.27039944116285,0.2703994411628514,0.05407988823257028,STABLE
مستر ماصل منظف تواليت نسيم البحر - 500 مل,2026-05-12,500.0,500.27039944116285,0.2703994411628514,0.05407988823257028,STABLE
مستردة الحبيبات الكاملة تمرير - 350 جم,2026-05-12,350.0,349.22340456999683,-0.7765954300031694,-0.22188440857233413,STABLE
مستردة تيمرير بالعسل - 210 جم,2026-05-12,210.0,210.45407550616946,0.4540755061694597,0.21622643150926651,STABLE
مستردة درة - 275 جم,2026-05-12,275.0,231.24257360354014,-43.75742639645986,-15.911791416894497,DOWN
مسترده انجليزيه حارة ديجون جورميه تشويس - 200 جرام,2026-05-12,200.0,202.1751499873623,2.175149987362289,1.0875749936811445,UP
مسترده ديجون جورميه تشويس - 200 جرام,2026-05-12,200.0,202.1751499873623,2.175149987362289,1.0875749936811445,UP
مسحوق الكاسترد كوكس - 300 جم,2026-05-12,300.0,348.940796161135,48.94079616113498,16.313598720378327,UP
مسحوق ايريال غسيل اوتوماتيك برائحة اللافندر - 6 كجم,2026-05-12,6.0,7.109818969169242,1.1098189691692424,18.49698281948737,UP
مسحوق بودر منظف للأطباق من فيبا، 1 كيلو جرام,2026-05-12,33.0,31.71007109249192,-1.2899289075080809,-3.9088754772972147,DOWN
مسحوق غسالات الأطباق فيبا - 1.1كجم + ملح غسالات الأطباق - 1.5كجم,2026-05-12,20.0,19.357212583018235,-0.6427874169817649,-3.2139370849088245,STABLE
مسحوق غسالات الأطباق فيبا - 1.1كجم + ملح غسالات الأطباق - 1.5كجم + مساعد شطف - 285 مل,2026-05-12,285.0,282.2864705155522,-2.713529484447804,-0.9521156085781768,DOWN
مسحوق غسيل أريال الأوتوماتيك برائحة البخور - 2.5 كجم,2026-05-12,2.5,5.242354598104246,2.742354598104246,109.69418392416983,UP
مسحوق غسيل أريال الأوتوماتيك برائحة البخور - 4.5 كجم,2026-05-12,4.5,6.044164160218493,1.544164160218493,34.31475911596651,UP
مسحوق غسيل أريال بودر الأوتوماتيك - 4.5 كجم + جل غسيل أريال - 350 جرام,2026-05-12,4.5,6.044164160218493,1.544164160218493,34.31475911596651,UP
مسحوق غسيل أوكسي برائحة نسيم الربيع - 2.5 كجم + 400 جرام,2026-05-12,2.5,5.242354598104246,2.742354598104246,109.69418392416983,UP
مسحوق غسيل اريال - برائحة االافندر - 2.5 كيلو,2026-05-12,2.5,5.242354598104246,2.742354598104246,109.69418392416983,UP
مسحوق غسيل اريال - برائحة االافندر - 4.5 كيلو,2026-05-12,4.5,6.044164160218493,1.544164160218493,34.31475911596651,UP
مسحوق غسيل اوكسي برايت اتوماتيك، لافندر - 4 كجم,2026-05-12,4.0,5.242354598104246,1.2423545981042459,31.058864952606147,UP
مسحوق غسيل ايريال اوتوماتيك برائحة البخور - 8 كجم,2026-05-12,8.0,8.669792999125718,0.6697929991257183,8.372412489071479,STABLE
مسحوق غسيل برسيل أوتوماتيك مان ستريم - 3 كجم,2026-05-12,3.0,5.242354598104246,2.242354598104246,74.74515327014153,UP
مسحوق غسيل تايد أوتوماتيك برائحة اللافندر - 2.5 كجم,2026-05-12,2.5,5.242354598104246,2.742354598104246,109.69418392416983,UP
مسحوق غسيل تايد أوتوماتيك بلمسة داونى - 2.5 كجم,2026-05-12,2.5,5.242354598104246,2.742354598104246,109.69418392416983,UP
مسحوق غسيل تايد للغسالات الأوتوماتيك بانتعاش داوني - 6 كيلو جرام,2026-05-12,6.0,7.109818969169242,1.1098189691692424,18.49698281948737,UP
مسحوق غسيل تايد للغسالات الأوتوماتيك برائحة اللافندر - 6 كيلو جرام,2026-05-12,6.0,7.109818969169242,1.1098189691692424,18.49698281948737,UP
مسحوق غسيل تايد للغسالات الأوتوماتيكية نظافة وانتعاش - 6 كيلو جرام,2026-05-12,6.0,7.109818969169242,1.1098189691692424,18.49698281948737,UP
مسحوق غسيل شاينى برائحة اللافندر 8 كجم + سائل غسيل أطباق شاينى برائحة الليمون 4 كجم,2026-05-12,8.0,8.669792999125718,0.6697929991257183,8.372412489071479,STABLE
مسحوق غسيل شايني - 9 كجم + مسحوق غسيل برائحة اللافندر - 1 كجم,2026-05-12,9.0,9.906802653517095,0.9068026535170954,10.075585039078838,STABLE
مسحوق غسيل شايني أوتوماتيك - 9 كجم + مسحوق غسيل أوتوماتيك - 4 كجم,2026-05-12,9.0,9.906802653517095,0.9068026535170954,10.075585039078838,STABLE
مسحوق غسيل شايني برائحة اللافندر - 9 كجم + مسحوق غسيل برائحة اللافندر - 1 كجم,2026-05-12,9.0,9.906802653517095,0.9068026535170954,10.075585039078838,STABLE
مسحوق غسيل شايني برائحة الورود - 9 كجم + مسحوق غسيل برائحة اللافندر - 1 كجم,2026-05-12,9.0,9.906802653517095,0.9068026535170954,10.075585039078838,STABLE
مسحوق غسيل شايني برائحة الورود - 9 كجم + مسحوق غسيل برائحة الورد - 4 كجم,2026-05-12,9.0,9.906802653517095,0.9068026535170954,10.075585039078838,STABLE
مسحوق غسيل شايني للغسالات الأوتوماتيك برائحة الورد - 8 كجم,2026-05-12,8.0,8.669792999125718,0.6697929991257183,8.372412489071479,STABLE
مسحوق غسيل للغسالات الأوتوماتيك تايد برائحة اللافندر - 4.5 كيلو جرام,2026-05-12,25.0,25.537111652831538,0.5371116528315376,2.1484466113261504,STABLE
مسحوق غسيل للغسالات الأوتوماتيك تايد كلين اند فريش - 4.5 كيلو جرام,2026-05-12,25.0,25.537111652831538,0.5371116528315376,2.1484466113261504,STABLE
مسحوق فلفيتا جيل للالوان - 1.5 لتر,2026-05-12,14.0,14.092125441286319,0.09212544128631883,0.6580388663308488,STABLE
مسحوق كاسترد 5 مينتس- 250 جرام,2026-05-12,5.0,7.278912356078499,2.278912356078499,45.57824712156998,UP
مسحوق كريمة معدة للخفق 5 مينتس - 45 جرام,2026-05-12,5.0,7.278912356078499,2.278912356078499,45.57824712156998,UP
مسحوق نبات الأشواجندا امتنان - 100 جرام,2026-05-12,100.0,103.89301896000244,3.8930189600024363,3.893018960002436,UP
مسطرة ستانلس ستيل إم آند جي - 30 سم - arl96120,2026-05-12,30.0,29.526584230276768,-0.47341576972323196,-1.5780525657441067,STABLE
مسطرة مرنة إم آند جي - 20 سم - arl960y6,2026-05-12,20.0,19.47021318405606,-0.5297868159439396,-2.648934079719698,STABLE
مشابك ورق - 60 قطعة - ألوان متنوعة,2026-05-12,60.0,59.09191407835283,-0.9080859216471708,-1.513476536078618,STABLE
مشابك ورق - 80 قطعة,2026-05-12,80.0,80.18856753874037,0.18856753874037224,0.2357094234254653,STABLE
مشابك ورق إم آند جي مطلية بالنيكل - 100 قطعة - abs916du,2026-05-12,100.0,100.26031812248114,0.26031812248113795,0.26031812248113795,STABLE
مشابك ورق معدنية - 60 قطعة - ألوان متنوعة,2026-05-12,60.0,59.09191407835283,-0.9080859216471708,-1.513476536078618,STABLE
مشباك تثبيت الورق الملونة إم آند جي - 15 مم - 60 دبوس,2026-05-12,15.0,13.942097462805227,-1.0579025371947726,-7.052683581298484,DOWN
مشبك تثبيت الورق إم آند جي - 19 مم - أسود,2026-05-12,19.0,18.27713820550787,-0.722861794492129,-3.8045357604848897,STABLE
مشروب أورونامين سي الغازي - 120 مل,2026-05-12,120.0,122.89177301185384,2.891773011853843,2.409810843211536,UP
مشروب الشعير في 7 بنكهة التفاح - 300 مل,2026-05-12,7.0,8.181922271774567,1.1819222717745674,16.88460388249382,UP
مشروب الشعير ماكسي بنكهة الأناناس - 1 لتر,2026-05-12,24.0,29.41613254643001,5.41613254643001,22.567218943458375,UP
مشروب الطاقة باور ايد ماونتن بلاست - 500 مل,2026-05-12,500.0,501.53867223738945,1.5386722373894486,0.30773444747788975,UP
مشروب الطاقة جاجو - 250 مل,2026-05-12,250.0,247.28112526171415,-2.718874738285848,-1.0875498953143392,DOWN
مشروب الطاقة ريد بول بنكهة جوز الهند والتوت - 250 مل,2026-05-12,250.0,247.28112526171415,-2.718874738285848,-1.0875498953143392,DOWN
مشروب الطاقة ريد بول خالي من السكر - 250 مل,2026-05-12,250.0,247.28112526171415,-2.718874738285848,-1.0875498953143392,DOWN
مشروب الطاقة ستينج بالفراولة - 275 مل,2026-05-12,275.0,232.21554192236326,-42.78445807763674,-15.55798475550427,DOWN
مشروب الطاقة ستينج بالفراولة - 400 مل,2026-05-12,400.0,408.94518329834017,8.945183298340169,2.236295824585042,UP
مشروب الطاقة فيوري جولد - 250 مل,2026-05-12,250.0,247.28112526171415,-2.718874738285848,-1.0875498953143392,DOWN
مشروب الطاقة فيوري جولد سترايك - 400 مل,2026-05-12,400.0,408.94518329834017,8.945183298340169,2.236295824585042,UP
مشروب الطاقة من باور هورس - 250 مل - 4 قطع,2026-05-12,250.0,247.28112526171415,-2.718874738285848,-1.0875498953143392,DOWN
مشروب الطاقة يد بول بيربل اديشن - 250 مل,2026-05-12,250.0,247.28112526171415,-2.718874738285848,-1.0875498953143392,DOWN
مشروب تانج بنكهة البرتقال - 20 جرام - 14 قطعة,2026-05-12,20.0,19.3112000698131,-0.6887999301868994,-3.443999650934497,STABLE
مشروب تانج بنكهة المانجو - 20 جرام - 14 قطعة,2026-05-12,20.0,19.3112000698131,-0.6887999301868994,-3.443999650934497,STABLE
مشروب دابل ديرغازى بطعم الرمان - 275 مل,2026-05-12,275.0,232.21554192236326,-42.78445807763674,-15.55798475550427,DOWN
مشروب دومتي بليندز ميكس بنكهة بينك ليمونيد - 235 مل,2026-05-12,235.0,236.77602511108262,1.7760251110826175,0.7557553664181351,UP
مشروب ريد بُل إصدار الصيف بنكهة الكرز والتوت البري - 250 مل,2026-05-12,250.0,247.28112526171415,-2.718874738285848,-1.0875498953143392,DOWN
مشروب شعير بربيكان بطعم البرتقال - 330 مل,2026-05-12,330.0,340.7802920057248,10.780292005724789,3.266755153249936,UP
مشروب شعير تويتش بنكهة التفاح الأخضر - 330 مل,2026-05-12,330.0,340.7802920057248,10.780292005724789,3.266755153249936,UP
مشروب شعير تويتش بنكهة الخوخ - 330 مل,2026-05-12,330.0,340.7802920057248,10.780292005724789,3.266755153249936,UP
مشروب شعير تويتش بنكهة الرمان - 330 مل,2026-05-12,330.0,340.7802920057248,10.780292005724789,3.266755153249936,UP
مشروب شعير شويبس أناناس - 240 مل,2026-05-12,240.0,241.78883625940125,1.7888362594012506,0.7453484414171877,UP
مشروب شعير شويبس خوخ - 240 مل,2026-05-12,240.0,245.9541310463245,5.954131046324505,2.480887935968544,UP
مشروب شعير ماكسي بالأناناس - 400 مل,2026-05-12,400.0,408.94518329834017,8.945183298340169,2.236295824585042,UP
مشروب شنايدر شعير بطعم التفاح - 385 مل,2026-05-12,385.0,385.4155533146027,0.4155533146026755,0.10793592587082482,STABLE
مشروب شنايدر شعير بطعم التوت الأحمر - 385 مل,2026-05-12,385.0,385.4155533146027,0.4155533146026755,0.10793592587082482,STABLE
مشروب شنايدر شعير بطعم الخوخ - 385 مل,2026-05-12,385.0,385.4155533146027,0.4155533146026755,0.10793592587082482,STABLE
مشروب شنايدر شعير بطعم العنب - 385 مل,2026-05-12,385.0,385.4155533146027,0.4155533146026755,0.10793592587082482,STABLE
مشروب شنايدر شعير بطعم جوز الهند - 385 مل,2026-05-12,385.0,385.4155533146027,0.4155533146026755,0.10793592587082482,STABLE
مشروب شوكولاتة كورونا غني بالحديد للأطفال - 120 جرام,2026-05-12,120.0,122.89177301185384,2.891773011853843,2.409810843211536,UP
مشروب شوكولاتة كورونا لعظام أقوى للأطفال - 120 جرام,2026-05-12,120.0,122.89177301185384,2.891773011853843,2.409810843211536,UP
مشروب شوكولاتة كورونا معزز للمناعة للأطفال - 120 جرام,2026-05-12,120.0,122.89177301185384,2.891773011853843,2.409810843211536,UP
مشروب شوكولاتة كوكس - 20 جم,2026-05-12,20.0,19.3112000698131,-0.6887999301868994,-3.443999650934497,STABLE
مشروب شوكولاتة كوكس - 20 جم - 12 عبوة,2026-05-12,20.0,19.3112000698131,-0.6887999301868994,-3.443999650934497,STABLE
مشروب شويبس بنكهة التفاح - 0.95 لتر,2026-05-12,29.0,28.208625057987003,-0.7913749420129967,-2.728879110389644,STABLE
مشروب غازي بيج بنكهة البرتقال - 360 مل,2026-05-12,360.0,359.8412627297409,-0.15873727025910966,-0.04409368618308602,STABLE
مشروب غازي بيج بنكهة التفاح الأخضر -1.25 لتر,2026-05-12,1.25,5.219324704621356,3.9693247046213562,317.5459763697085,UP
مشروب غازي بيج بنكهة الليمون - 360 مل,2026-05-12,360.0,357.0086239976317,-2.9913760023683267,-0.8309377784356463,DOWN
مشروب غازي سبرايت - 240 مل - 6 علب,2026-05-12,240.0,245.9541310463245,5.954131046324505,2.480887935968544,UP
مشروب غازي سبرايت، 300 مل,2026-05-12,300.0,319.4272225180408,19.42722251804082,6.47574083934694,UP
مشروب غازي شويبس رمان - 250 مل,2026-05-12,250.0,247.28112526171415,-2.718874738285848,-1.0875498953143392,DOWN
مشروب غازي شويبس ليمون نعناع - 240 مل,2026-05-12,240.0,245.9541310463245,5.954131046324505,2.480887935968544,UP
مشروب غازي فانتا برتقال - 950 مل,2026-05-12,20.0,19.3112000698131,-0.6887999301868994,-3.443999650934497,STABLE
مشروب غازي فرست كولا - 250 مل,2026-05-12,250.0,247.28112526171415,-2.718874738285848,-1.0875498953143392,DOWN
مشروب غازي كوكاكولا - 240 مل,2026-05-12,240.0,245.9541310463245,5.954131046324505,2.480887935968544,UP
مشروب غازي ماكسي بالبرتقال - 1 لتر,2026-05-12,24.0,23.468336454671373,-0.5316635453286267,-2.2152647722026115,STABLE
مشروب غازي ماكسي بالبرتقال - 300 مل,2026-05-12,300.0,319.4272225180408,19.42722251804082,6.47574083934694,UP
مشروب غازي ماكسي بالبرتقال - 400 مل,2026-05-12,400.0,391.7416415760113,-8.258358423988682,-2.0645896059971705,DOWN
مشروب غازي ماكسي بالرمان - 400 مل,2026-05-12,400.0,408.94518329834017,8.945183298340169,2.236295824585042,UP
مشروب غازي ماكسي بالكولا - 2 لتر,2026-05-12,2.0,11.374995258169678,9.374995258169678,468.7497629084839,UP
مشروب غازي ماكسي بالليمون - 300 مل,2026-05-12,300.0,319.4272225180408,19.42722251804082,6.47574083934694,UP
مشروب غازي ماكسي بالليمون نعناع - 300 مل,2026-05-12,300.0,319.4272225180408,19.42722251804082,6.47574083934694,UP
مشروب غازي ماكسي بالليمون نعناع - 400 مل,2026-05-12,400.0,391.7416415760113,-8.258358423988682,-2.0645896059971705,DOWN
مشروب غازي ماكسي كولا - 1 لتر,2026-05-12,24.0,29.41613254643001,5.41613254643001,22.567218943458375,UP
مشروب غازي ماكسي كولا - 250 مل,2026-05-12,250.0,247.28112526171415,-2.718874738285848,-1.0875498953143392,DOWN
مشروب غازي ماكسي كولا - 300 مل,2026-05-12,300.0,319.4272225180408,19.42722251804082,6.47574083934694,UP
مشروب غازي ماكسي كولا - 400 مل,2026-05-12,400.0,391.7416415760113,-8.258358423988682,-2.0645896059971705,DOWN
مشروب غازي ماكسي كولا دايت - 400 مل,2026-05-12,400.0,391.7416415760113,-8.258358423988682,-2.0645896059971705,DOWN
مشروب غازي ڤي سفن بالليمون - 300 مل,2026-05-12,300.0,319.4272225180408,19.42722251804082,6.47574083934694,UP
مشروب فرست الغازي بطعم الأناناس - 250 مل,2026-05-12,250.0,244.23994572007442,-5.760054279925583,-2.3040217119702335,DOWN
مشروب فرست الغازي بطعم التفاح الأخضر - 250 مل,2026-05-12,250.0,244.23994572007442,-5.760054279925583,-2.3040217119702335,DOWN
مشروب فى 7 الفوار بنكهة الليمون والنعناع - 300 مل,2026-05-12,7.0,8.181922271774567,1.1819222717745674,16.88460388249382,UP
مشروب فى7 الفوار بنكهة التوت الأزرق - 300 مل,2026-05-12,300.0,319.4272225180408,19.42722251804082,6.47574083934694,UP
مشروب فى7 الفوار بنكهة الرمان - 300 مل,2026-05-12,300.0,319.4272225180408,19.42722251804082,6.47574083934694,UP
مشروب فى7 بنكهة الليمون الوردي إصدار صيفي - 300 مل,2026-05-12,300.0,319.4272225180408,19.42722251804082,6.47574083934694,UP
مشروب في 7 الفوار بنكهة الأناناس - 300 مل,2026-05-12,7.0,8.181922271774567,1.1819222717745674,16.88460388249382,UP
مشروب في 7 بينا كولادا الفوار - 300 مل,2026-05-12,7.0,8.181922271774567,1.1819222717745674,16.88460388249382,UP
مشروب ماكسي الغازي بنكهة البرتقال - 2 لتر,2026-05-12,2.0,5.219324704621356,3.2193247046213562,160.9662352310678,UP
مشروب ماكسي الغازي بنكهة الليمون نعناع - 2 لتر,2026-05-12,2.0,11.374995258169678,9.374995258169678,468.7497629084839,UP
مشمش مجفف من حاج عرفة,2026-05-12,224.0,218.96742337773162,-5.03257662226838,-2.2466859920840982,DOWN
مصر كافيه شاي عدن بالجنزبيل - 25 جم,2026-05-12,25.0,25.503102514258774,0.5031025142587744,2.0124100570350976,STABLE
مصر كافيه شاي كرك - 25 جرام,2026-05-12,25.0,25.503102514258774,0.5031025142587744,2.0124100570350976,STABLE
مصر كافيه قهوة سريعة التحضير - 200 جرام,2026-05-12,200.0,205.60893267509945,5.608932675099453,2.8044663375497265,UP
مصر كافيه قهوة سريعة الذوبان - 100جم,2026-05-12,144.0,144.53738453668998,0.5373845366899843,0.3731837060347113,STABLE
مصر كافيه قهوة سريعة الذوبان - 50جم,2026-05-12,79.0,77.08163948394993,-1.9183605160500719,-2.4283044506962934,DOWN
مصر كافيه قهوة لاتيه - 25 جم,2026-05-12,25.0,25.503102514258774,0.5031025142587744,2.0124100570350976,STABLE
مصر كافيه قهوة محوجة - 25 جم,2026-05-12,25.0,25.503102514258774,0.5031025142587744,2.0124100570350976,STABLE
مصر كافيه قهوة محوجة - 25 جم - 8 أكياس,2026-05-12,25.0,25.503102514258774,0.5031025142587744,2.0124100570350976,STABLE
مطهر ديتول - 950 مل,2026-05-12,13.0,13.431284582322633,0.43128458232263256,3.3175737101740967,STABLE
مطهر ديتول، 475 مل - 2 عبوة,2026-05-12,14.0,19.21548334444737,5.215483344447371,37.253452460338366,UP
مطهر ومنظف منزلي كلوركس 5 في 1 مطهربرائحة النعناع - 400 مل,2026-05-12,5.0,11.582164172869753,6.582164172869753,131.64328345739506,UP
معجون الفلفل الاحمر جوتشوجانج - 200 جرام,2026-05-12,200.0,202.1751499873623,2.175149987362289,1.0875749936811445,UP
معجون الكاري الأحمر التايلاندي بلو دراجون - 50 جرام,2026-05-12,50.0,51.475741695197456,1.4757416951974562,2.9514833903949125,UP
معجون توم يوم جي-ليك - 400 جم,2026-05-12,400.0,404.06172847209876,4.061728472098764,1.015432118024691,UP
معجون كارى احمر جي-ليك - 400 جم,2026-05-12,400.0,404.06172847209876,4.061728472098764,1.015432118024691,UP
معجون واسابي ايزى سوشى بلو دراون من الفجل الحار على الطريقة اليابانية - 45 جرام,2026-05-12,45.0,45.414925676338356,0.4149256763383562,0.9220570585296805,STABLE
معطر الملابس شاينى برائحة حقول الزهور - 2.5 لتر,2026-05-12,12.0,11.878035085385122,-0.12196491461487824,-1.0163742884573188,STABLE
معطر الملابس شايني برائحة أعماق البحر - 1 لتر,2026-05-12,79.0,76.925543866699,-2.0744561333009983,-2.625893839621517,DOWN
معطر الملابس شايني برائحة الزهور - 1 لتر,2026-05-12,79.0,76.925543866699,-2.0744561333009983,-2.625893839621517,DOWN
معطر تواليت بيورا - مارين - 3 قطع,2026-05-12,3.0,5.242354598104246,2.242354598104246,74.74515327014153,UP
معطر جو جليد المركز متعدد الاستخدامات برائحة الخوخ - 480 مل,2026-05-12,480.0,473.1377208313207,-6.862279168679322,-1.4296414934748587,DOWN
معطر جو جليد المركز متعدد الاستخدامات برائحة منعشة - 480 مل,2026-05-12,480.0,473.1377208313207,-6.862279168679322,-1.4296414934748587,DOWN
معطر جو جليد برائحة العود الملكي - 460 مل,2026-05-12,460.0,448.9419159362635,-11.058084063736487,-2.403931318203584,DOWN
معطر جو جليد برائحة سحر العود - 460 مل,2026-05-12,460.0,448.9419159362635,-11.058084063736487,-2.403931318203584,DOWN
معطر جو جليد مركز برائحة شرقية - 480 مل,2026-05-12,480.0,473.1377208313207,-6.862279168679322,-1.4296414934748587,DOWN
معطر جو جليد مركز متعدد الاستخدامات برائحة الليمون - 480 مل,2026-05-12,480.0,473.1377208313207,-6.862279168679322,-1.4296414934748587,DOWN
معطر جو من جليد برائحة البطيخ - 460 مل,2026-05-12,460.0,448.9419159362635,-11.058084063736487,-2.403931318203584,DOWN
معطر جو من جليد برائحة التوت - 460 مل,2026-05-12,460.0,448.9419159362635,-11.058084063736487,-2.403931318203584,DOWN
معطر جو من جليد برائحة الحمضيات - 460 مل,2026-05-12,460.0,448.9419159362635,-11.058084063736487,-2.403931318203584,DOWN
معطر جو من جليد برائحة الخوخ - 460 مل,2026-05-12,460.0,448.9419159362635,-11.058084063736487,-2.403931318203584,DOWN
معطر جو من جليد برائحة سحر الشرق - 460 مل,2026-05-12,460.0,448.9419159362635,-11.058084063736487,-2.403931318203584,DOWN
معطر جو من جليد برائحة سوبر بلوم - 460 مل,2026-05-12,460.0,448.9419159362635,-11.058084063736487,-2.403931318203584,DOWN
معطر حمام بورا مع علاقة بلاستيكية - 3 قطع,2026-05-12,3.0,5.242354598104246,2.242354598104246,74.74515327014153,UP
معطر ملابس شاينى برائحة اللافندر - 2.5 لتر,2026-05-12,12.0,11.878035085385122,-0.12196491461487824,-1.0163742884573188,STABLE
معطر ومزيل روائح الأحذية النسائية سيلفر فريش - 100 مل,2026-05-12,100.0,105.23115419550474,5.231154195504743,5.231154195504743,UP
مفكرة مهام يومية ياسين - ألوان مختلفة,2026-05-12,47.0,47.23475567037563,0.23475567037562683,0.49948014973537624,STABLE
مقرمشات بريتزو ميكسي بنكهة الجبنة الحارة - 135-125 جم,2026-05-12,135.0,138.16462319032632,3.164623190326324,2.3441653261676474,UP
مقرمشات بريتزو ميكسي بنكهة الفلفل الحلو - 135-125 جم,2026-05-12,135.0,138.16462319032632,3.164623190326324,2.3441653261676474,UP
مقرمشات بريتزو ميكسي بنكهة الكاتشب - 135-125 جم,2026-05-12,135.0,138.16462319032632,3.164623190326324,2.3441653261676474,UP
مقرمشات بريتزو ميكسي بنكهة الليمون المتبل - 70-80 جم,2026-05-12,70.0,71.21322566317409,1.2132256631740859,1.7331795188201227,UP
مقرمشات بريتزو ميكسي بنكهة الملح - 135-125 جم,2026-05-12,135.0,138.16462319032632,3.164623190326324,2.3441653261676474,UP
مقرمشات بريتزو ميكسي بنكهة جبنة الناتشو - 70-80 جم,2026-05-12,70.0,71.21322566317409,1.2132256631740859,1.7331795188201227,UP
مقرمشات بريك صن شيبس الهندي - 60 جرام,2026-05-12,60.0,60.24883998740697,0.2488399874069671,0.41473331234494515,STABLE
مقرمشات بريك صن شيبس اليوناني - 60 جرام,2026-05-12,60.0,60.24883998740697,0.2488399874069671,0.41473331234494515,STABLE
مقرمشات بريك صن شيبس سكويزي - 60 جرام,2026-05-12,60.0,60.24883998740697,0.2488399874069671,0.41473331234494515,STABLE
مقرمشات كونو من حاج عرفة,2026-05-12,22.0,22.092319814945274,0.09231981494527375,0.41963552247851704,STABLE
مقشة باركس مع جاروف,2026-05-12,789.0,754.6448883426115,-34.355111657388534,-4.354260032622121,DOWN
مقشة خارجية باركس بمقبض,2026-05-12,769.0,752.4703764557315,-16.529623544268475,-2.1494959095277597,DOWN
مقشة خشنة نوفا بيد معدن,2026-05-12,295.0,312.4311007557875,17.431100755787497,5.90884771382627,UP
مقشة صغيرة وجاروف فيليدا,2026-05-12,580.0,583.9030425073723,3.9030425073723336,0.6729383633400575,UP
مقشة ناعمة رينامورا جولدن مع مقبض,2026-05-12,449.0,447.1320102126825,-1.8679897873175264,-0.41603336020434883,DOWN
مقص إم آند جي آيس كريم للأطفال - ألوان متنوعة - ass913a5,2026-05-12,55.0,55.200900451643975,0.20090045164397452,0.36527354844359006,STABLE
مقص إم آند جي على شكل حيوانات للأطفال - ألوان متنوعة - ass913n8,2026-05-12,89.0,90.05524082718425,1.0552408271842495,1.1856638507688195,UP
مقص مدرسة ديلي - 135 ملم,2026-05-12,135.0,133.97859588865143,-1.0214041113485735,-0.7565956380359803,DOWN
مكسرات مشكلة كاستانيا - 100 جم,2026-05-12,100.0,102.07746009759929,2.0774600975992854,2.0774600975992854,UP
مكسرات مشكلة من حاج عرفة,2026-05-12,275.0,231.24257360354014,-43.75742639645986,-15.911791416894497,DOWN
مكعبات الثوم المجمدة إيزي بوب بالروزماري - 150 جرام,2026-05-12,150.0,153.4767039149965,3.4767039149965058,2.3178026099976705,UP
مكعبات الثوم المجمدة إيزي بوب بالزعتر - 150 جرام,2026-05-12,150.0,153.4767039149965,3.4767039149965058,2.3178026099976705,UP
مكعبات الثوم المجمدة إيزي بوب بالزنجبيل - 150 جرام,2026-05-12,150.0,153.4767039149965,3.4767039149965058,2.3178026099976705,UP
مكعبات الثوم المجمدة إيزي بوب بالفلفل الحار - 150 جرام,2026-05-12,150.0,153.4767039149965,3.4767039149965058,2.3178026099976705,UP
مكعبات الثوم المجمدة إيزي بوب بالكزبرة - 150 جرام,2026-05-12,150.0,153.4767039149965,3.4767039149965058,2.3178026099976705,UP
مكعبات حفصة سكر أبيض - 1 كجم,2026-05-12,105.0,108.7196391027797,3.719639102779695,3.542513431218757,UP
مكعبات سكر أبيض حفصة - 500 جرام,2026-05-12,500.0,498.81733030678015,-1.1826696932198502,-0.23653393864397002,DOWN
ملاحظات لاصقة إم آند جي - 68 * 71 مم - ys-486,2026-05-12,68.0,66.18855640041706,-1.8114435995829439,-2.6638876464455055,DOWN
ملاحظات لاصقة إم آند جي 71 * 7 مم - تصاميم متنوعة - ys-452,2026-05-12,71.0,70.5634663913925,-0.4365336086075047,-0.6148360684612741,STABLE
ملاعق الحسام - 10 قطع,2026-05-12,10.0,11.391301490230097,1.3913014902300969,13.913014902300969,UP
ملح سيكو الصيني معزز للنكهات - 250 جرام,2026-05-12,250.0,247.58109011462136,-2.418909885378639,-0.9675639541514557,DOWN
ملمع اثاث بليدج - 500 مل,2026-05-12,500.0,500.27039944116285,0.2703994411628514,0.05407988823257028,STABLE
ملمع اثاث بليدج اوريجنال - 300 مل,2026-05-12,300.0,337.2274695262168,37.227469526216794,12.409156508738931,UP
ملمع اثاث بليدج بالبرتقال - 300 مل,2026-05-12,300.0,337.2274695262168,37.227469526216794,12.409156508738931,UP
ملمع اثاث بليدج باللافندر - 300 مل,2026-05-12,300.0,337.2274695262168,37.227469526216794,12.409156508738931,UP
ملمع الأرضيات الخشبية موشن - 1 لتر,2026-05-12,96.0,98.72148718171832,2.7214871817183166,2.83488248095658,UP
ملمع خشب لوبريكس - 200 مل,2026-05-12,200.0,203.30551444965477,3.3055144496547655,1.6527572248273825,UP
ملمع خشب ماكسيل باللافندر - 700 مل,2026-05-12,12.0,11.878035085385122,-0.12196491461487824,-1.0163742884573188,STABLE
ممسحة أرضيات باركس بمقبض - 42 سم,2026-05-12,42.0,40.80259321140815,-1.1974067885918487,-2.850968544266306,DOWN
ممسحة أرضيات باركس بمقبض - 55 سم,2026-05-12,55.0,53.503488156604476,-1.496511843395524,-2.720930624355498,DOWN
ممسحة أرضية تيتيز,2026-05-12,159.0,159.45133846606143,0.45133846606142924,0.2838606704788863,STABLE
ممسحة ارضيات تونكيتا إيكو مايكروفايبر - tk684r,2026-05-12,559.0,560.0625362663322,1.0625362663322448,0.1900780440665912,UP
ممسحة باركس مسطحة من الألياف الدقيقة – قطعة بديلة,2026-05-12,449.0,447.1320102126825,-1.8679897873175264,-0.41603336020434883,DOWN
ممسحة باريكس القطنية والميكروفايبر,2026-05-12,309.0,339.20660927581747,30.20660927581747,9.775601707384295,UP
ممسحة باريكس قياسية,2026-05-12,235.0,235.52538794803573,0.5253879480357284,0.22356933958967168,STABLE
ممسحة باريكس ميكروفايبر مسطحة,2026-05-12,239.0,241.041030793039,2.041030793038999,0.8539877795142256,UP
ممسحة رينامورا فيرو بمقبض - 45 سم,2026-05-12,45.0,43.88876788014361,-1.111232119856389,-2.469404710791976,DOWN
ممسحة زجاج تيتيز,2026-05-12,99.0,102.67396008792765,3.6739600879276537,3.711070795886519,UP
ممسحة سبونتكس بودير ازول مع عصا - 120 سم,2026-05-12,120.0,122.30096423312601,2.3009642331260096,1.9174701942716748,UP
ممسحة قطنية تريند بمقبض,2026-05-12,225.0,223.61697681163415,-1.3830231883658541,-0.6146769726070463,DOWN
ممسحة قطنية تيتيز بمقبض أحمر - قطعة واحدة,2026-05-12,175.0,172.14201471891747,-2.8579852810825344,-1.633134446332877,DOWN
ممسحة لتنظيف الارضيات,2026-05-12,389.0,383.54426862193986,-5.455731378060136,-1.402501639604148,DOWN
ممسحة مسطحة وجردل فيلدا الترا ماكس,2026-05-12,2.0,5.242354598104246,3.242354598104246,162.1177299052123,UP
ممسحة يورك سبراي أزور,2026-05-12,729.0,849.0352585560587,120.0352585560587,16.465741914411343,UP
ممسحة يورك سبراي مزدوجة الرش,2026-05-12,599.0,585.3701512871595,-13.629848712840499,-2.275433841876544,DOWN
ممسحه ارض ارامكس,2026-05-12,239.0,241.041030793039,2.041030793038999,0.8539877795142256,UP
مناديل الوجه سانيتا جبسى - 1600 ورقة - 4 عبوه,2026-05-12,1600.0,943.6313976517258,-656.3686023482742,-41.023037646767136,DOWN
مناديل الوجه ماجيك فليكسي - 480 منديل - 3 عبوات,2026-05-12,22.0,26.683509385470746,4.683509385470746,21.288679024867026,UP
مناديل تواليت ايكو رولر- 6 بكرة,2026-05-12,6.0,7.109818969169242,1.1098189691692424,18.49698281948737,UP
مناديل تواليت زينة تريو - 8 رول,2026-05-12,8.0,8.669792999125718,0.6697929991257183,8.372412489071479,STABLE
مناديل جيب فاين 3 طبقات - 10 مناديل - 10 أكياس,2026-05-12,3.0,10.820854941515309,7.820854941515309,260.69516471717697,UP
مناديل زينة متعددة الاستخدامات - جامبو,2026-05-12,25.0,25.537111652831538,0.5371116528315376,2.1484466113261504,STABLE
مناديل زينه للوجه - 480 منديل,2026-05-12,480.0,473.1377208313207,-6.862279168679322,-1.4296414934748587,DOWN
مناديل مبللة إكسترا هايجين المضادة للبكتيريا - 40 منديل,2026-05-12,40.0,39.55149864665351,-0.44850135334648655,-1.1212533833662164,STABLE
مناديل مبللة إكسترا هايجين المضادة للبكتيريا - 40 منديل - 2 كيس,2026-05-12,40.0,39.55149864665351,-0.44850135334648655,-1.1212533833662164,STABLE
مناديل مبللة إكسترا هايجين اورينتال المضادة للبكتيريا - 40 منديل,2026-05-12,40.0,39.55149864665351,-0.44850135334648655,-1.1212533833662164,STABLE
مناديل مبللة ماكس تاتش - ريفريشينج - 80 منديل,2026-05-12,80.0,79.39538455373024,-0.6046154462697615,-0.7557693078372019,STABLE
مناديل مبللة ماكس تاتش ريفريش - 80 منديل - 3 عبوات,2026-05-12,80.0,79.39538455373024,-0.6046154462697615,-0.7557693078372019,STABLE
مناديل مبللة هايجين بأنتعاش الكول وتر- 80 منديل,2026-05-12,80.0,79.39538455373024,-0.6046154462697615,-0.7557693078372019,STABLE
مناديل مطبخ ايكو رولر- 4 بكرة,2026-05-12,4.0,5.242354598104246,1.2423545981042459,31.058864952606147,UP
مناديل مطبخ ايكو رولر- 6 بكرة,2026-05-12,6.0,7.109818969169242,1.1098189691692424,18.49698281948737,UP
مناديل مطبخ ايكو رولر- ميجا رول,2026-05-12,52.0,50.6800733721469,-1.3199266278530999,-2.5383204381790385,DOWN
مناديل مطبخ زينة - 2 بكرة,2026-05-12,2.0,5.242354598104246,3.242354598104246,162.1177299052123,UP
مناديل مطبخ زينة تريو - 2 بكرة,2026-05-12,7.0,8.227935420762583,1.2279354207625826,17.541934582322607,UP
مناديل مطبخ سانيتا كلوب - 2 رول,2026-05-12,2.0,5.242354598104246,3.242354598104246,162.1177299052123,UP
مناديل مطبخ فاميليا - 8 رول,2026-05-12,8.0,8.669792999125718,0.6697929991257183,8.372412489071479,STABLE
مناديل مطبخ فاميليا - 9+3 بكرة,2026-05-12,35.0,34.03939855845269,-0.9606014415473112,-2.744575547278032,STABLE
مناديل مطبخ كلاسي جامبو رول - 480 منديل,2026-05-12,23.0,22.13672694644457,-0.8632730535554316,-3.7533611024149196,STABLE
مناديل مطبخ كلاسي ميجا رول - 275 منديل,2026-05-12,5.0,6.081163175746281,1.0811631757462807,21.623263514925615,UP
مناديل مطبخ من زينة - 4+2 بكرة,2026-05-12,4.0,5.242354598104246,1.2423545981042459,31.058864952606147,UP
مناديل مطبخ وايت شيف برو - 2 بكرات,2026-05-12,2.0,5.242354598104246,3.242354598104246,162.1177299052123,UP
مناديل مطبخ وايت شيف برو - 5+1 بكرة,2026-05-12,5.0,6.081163175746281,1.0811631757462807,21.623263514925615,UP
مناديل مطبخ وايت ماجيك - 12 بكرة,2026-05-12,12.0,11.878035085385122,-0.12196491461487824,-1.0163742884573188,STABLE
مناديل هاي جين مبللة لبشرة الاطفال بالمسك - 40 منديل,2026-05-12,40.0,39.55149864665351,-0.44850135334648655,-1.1212533833662164,STABLE
مناديل هايجين المبللة بالمسك - 40 منديل - 2+1 هدية,2026-05-12,40.0,39.55149864665351,-0.44850135334648655,-1.1212533833662164,STABLE
مناديل وايت جو باك - 120 منديل - 4 عبوات,2026-05-12,120.0,122.30096423312601,2.3009642331260096,1.9174701942716748,UP
مناديل وايت متعددة الاستخدامات - 325 منديل,2026-05-12,325.0,325.5147400964077,0.5147400964077065,0.15838156812544812,STABLE
مناديل وجه تمارا - 444 منديل - 3 قطع,2026-05-12,444.0,448.24140896386984,4.241408963869844,0.9552722891598747,UP
مناديل وجه زينة - 100 منديل,2026-05-12,100.0,105.23115419550474,5.231154195504743,5.231154195504743,UP
مناديل وجه زينة - 100 منديل - 5 عبوات,2026-05-12,100.0,105.23115419550474,5.231154195504743,5.231154195504743,UP
مناديل وجه زينة - 200 منديل,2026-05-12,200.0,203.30551444965477,3.3055144496547655,1.6527572248273825,UP
مناديل وجه زينة - 300 منديل - 3 عبوات,2026-05-12,300.0,337.2274695262168,37.227469526216794,12.409156508738931,UP
مناديل وجه زينة اروما برائحة التفاح والقرفة - 500 منديل,2026-05-12,500.0,500.27039944116285,0.2703994411628514,0.05407988823257028,STABLE
مناديل وجه ماي تشويس - 500 منديل,2026-05-12,500.0,500.27039944116285,0.2703994411628514,0.05407988823257028,STABLE
مناديل وجه ماي تشويس - 500 منديل - 6 عبوات,2026-05-12,500.0,500.27039944116285,0.2703994411628514,0.05407988823257028,STABLE
مناديل وجه وايت - 400 منديل - 3 عبوات,2026-05-12,400.0,407.79008131515616,7.790081315156158,1.9475203287890395,UP
مناديل وجه وايت -3 طبقات - 500 منديل - 3 قطع,2026-05-12,3.0,5.242354598104246,2.242354598104246,74.74515327014153,UP
مناديل يد متعددة الأغراض زينة - 300 منديل,2026-05-12,300.0,337.2274695262168,37.227469526216794,12.409156508738931,UP
مناديل يد متعددة الأغراض زينة - 300 منديل - عبوة من 3 قطع,2026-05-12,300.0,337.2274695262168,37.227469526216794,12.409156508738931,UP
منترا شنطة مدرسة - 10 لتر,2026-05-12,10.0,9.755210818100108,-0.24478918189989152,-2.447891818998915,STABLE
منترا شنطة مدرسة - 15 لتر,2026-05-12,15.0,13.942097462805227,-1.0579025371947726,-7.052683581298484,DOWN
منترا فواصل كشاكيل - 6 فواصل,2026-05-12,6.0,5.7330325433354075,-0.26696745666459254,-4.449457611076543,STABLE
منترا كراسة مربعات - 40 ورقة,2026-05-12,40.0,40.18355950343549,0.18355950343548955,0.4588987585887239,STABLE
منترا كشكول a5 سلك - 100 ورقة - 3 قطع,2026-05-12,100.0,100.26031812248114,0.26031812248113795,0.26031812248113795,STABLE
منترا كشكول a5 سلك - 80 ورقة - 3 قطع,2026-05-12,80.0,80.18856753874037,0.18856753874037224,0.2357094234254653,STABLE
منترا مايلر فواصل ملفات مقسمة شهريًا - 12 ملف,2026-05-12,12.0,11.184386256880785,-0.815613743119215,-6.7967811926601245,STABLE
منشفة أرضية مايكروفايبر أريكس - متعددة الألوان,2026-05-12,189.0,199.8489116579491,10.848911657949088,5.740164898385761,UP
منظف أخشاب و أثاث سيجمنت - 400 مل,2026-05-12,400.0,407.79008131515616,7.790081315156158,1.9475203287890395,UP
منظف أرضيات ماكسيل ماجيك طارد للحشرات الزاحفة - 1.8 لتر,2026-05-12,23.0,22.13672694644457,-0.8632730535554316,-3.7533611024149196,STABLE
منظف الأرضيات بليدج للأسطح المتعددة - 750 مل,2026-05-12,750.0,745.8233308215032,-4.176669178496809,-0.5568892237995745,DOWN
منظف الأرضيات ديتول المضاد للبكتيريا أكوا - 1.8 لتر,2026-05-12,6.0,7.109818969169242,1.1098189691692424,18.49698281948737,UP
منظف الارضيات ماكسيل برائحة ثلج الشتاء - 1.8 لتر,2026-05-12,23.0,22.13672694644457,-0.8632730535554316,-3.7533611024149196,STABLE
منظف الباركيه والأسطح الخشبية ماكسيل طارد الحشرات - 1 لتر,2026-05-12,142.0,139.81121669051845,-2.1887833094815505,-1.5413966968179933,DOWN
منظف التواليت جنرال باور اكتيف برائحة الصنوبر - 150 جرام,2026-05-12,150.0,152.97546296978635,2.9754629697863493,1.9836419798575662,UP
منظف التواليت ماكسيل برائحة نسيم المحيط - 500 مل,2026-05-12,25.0,25.537111652831538,0.5371116528315376,2.1484466113261504,STABLE
منظف التواليت من ماكسيل برائحة الليمون - 500 مل,2026-05-12,25.0,25.537111652831538,0.5371116528315376,2.1484466113261504,STABLE
منظف الجلد ماكسيل ماجيك 5في1 - 700 مل,2026-05-12,22.0,21.37766297435537,-0.6223370256446294,-2.8288046620210427,STABLE
منظف المرحاض هاربيك باور - بالليمون - 700 مل - 2 قطعة,2026-05-12,8.0,8.669792999125718,0.6697929991257183,8.372412489071479,STABLE
منظف بيرول ​​الوان - 2.5 كجم,2026-05-12,11.0,16.666845828551722,5.666845828551722,51.51678025956111,UP
منظف بيرول ​​الوان - 900 جرام,2026-05-12,900.0,933.4365734329758,33.43657343297582,3.715174825886202,UP
منظف بيرول ​​سبورت - 2.5 كجم,2026-05-12,11.0,11.462581715745408,0.46258171574540796,4.205288324958254,STABLE
منظف بيرول ​​سبورت - 900 جرام,2026-05-12,900.0,933.4365734329758,33.43657343297582,3.715174825886202,UP
منظف حمام مستر ماسل - 500 مل,2026-05-12,500.0,500.27039944116285,0.2703994411628514,0.05407988823257028,STABLE
منظف حمام هوي - 500 مل,2026-05-12,500.0,500.27039944116285,0.2703994411628514,0.05407988823257028,STABLE
منظف كلين إت ديبارتيفول أبريسيف - 3 قطع,2026-05-12,3.0,5.242354598104246,2.242354598104246,74.74515327014153,UP
منظف للأرضيات بليدج فريش - 750 مل,2026-05-12,750.0,745.8233308215032,-4.176669178496809,-0.5568892237995745,DOWN
منظف ماكسيل ماجيك ​​أرضيات الباركيه - 1 لتر,2026-05-12,142.0,139.81121669051845,-2.1887833094815505,-1.5413966968179933,DOWN
منظف متعدد الأغراض مستر ماسل 5 في 1 - 500مل,2026-05-12,5.0,6.081163175746281,1.0811631757462807,21.623263514925615,UP
منظف هاربيك باور بلس - 700 مل - 3 قطع,2026-05-12,12.0,11.878035085385122,-0.12196491461487824,-1.0163742884573188,STABLE
منظف و مطهر بركس متعدد الاستخدامات، لافندر - 730 مل,2026-05-12,6.0,7.109818969169242,1.1098189691692424,18.49698281948737,UP
منظف و مطهر جنرال متعدد الاستخدامات، ورد - 730 مل,2026-05-12,730.0,582.6268835629601,-147.37311643703993,-20.188098142060266,DOWN
منظف و مطهر مستر ماسل متعدد الاستخدامات، روعة الزهور - 1 لتر,2026-05-12,158.0,158.87862460734362,0.8786246073436246,0.5560915236352054,STABLE
منظف و مطهر مستر ماسل متعدد الاستخدامات، لافندر - 1 لتر,2026-05-12,158.0,158.87862460734362,0.8786246073436246,0.5560915236352054,STABLE
منظف و مطهر مستر ماسل متعدد الاستخدامات، هدوء البحر - 1 لتر,2026-05-12,158.0,158.87862460734362,0.8786246073436246,0.5560915236352054,STABLE
منظف ومطهر منزلي برائحة اليمون من بريكس، 3 لتر,2026-05-12,5.0,6.081163175746281,1.0811631757462807,21.623263514925615,UP
منظف وملمع الأرضيات شايني برائحة الأزهار - 800 جم,2026-05-12,800.0,751.4501778778346,-48.54982212216544,-6.06872776527068,DOWN
منظف وملمع الأرضيات شايني برائحة اللافندر - 800 جم,2026-05-12,800.0,751.4501778778346,-48.54982212216544,-6.06872776527068,DOWN
منظف وملمع الأرضيات شايني برائحة الورود - 800 جم,2026-05-12,800.0,751.4501778778346,-48.54982212216544,-6.06872776527068,DOWN
منظف وملمع للخشب ماكسيل ماجيك - 700 مل,2026-05-12,12.0,11.878035085385122,-0.12196491461487824,-1.0163742884573188,STABLE
منظف ​​الأحذية الرياضية سيلفر - 125 مل,2026-05-12,125.0,127.93207069916006,2.9320706991600645,2.345656559328052,UP
منظف ​​الأسطح تيتيز - 3 لتر,2026-05-12,3.0,5.242354598104246,2.242354598104246,74.74515327014153,UP
منظف ​​جل فيلفيتا مع قوة الأكسجين - 1.5 لتر,2026-05-12,14.0,14.092125441286319,0.09212544128631883,0.6580388663308488,STABLE
منظف ​​موشن لجميع الأقمشة والأسطح برائحة الليمون - 1 لتر,2026-05-12,82.0,80.0279999972853,-1.9720000027146938,-2.40487805209109,DOWN
منظف ​​موشن لجميع الأقمشة والأسطح- 1 لتر,2026-05-12,82.0,80.0279999972853,-1.9720000027146938,-2.40487805209109,DOWN
منظم ملفات إم آند جي - 3 دور - أزرق,2026-05-12,3.0,3.8542162515335114,0.8542162515335114,28.473875051117048,STABLE
منعم الأقمشة أوكسي برائحة الزهور الشرقية - 1 لتر,2026-05-12,8.0,8.669792999125718,0.6697929991257183,8.372412489071479,STABLE
منعم الأقمشة أوكسي برائحة الزهور الشرقية - 2 لتر,2026-05-12,9.0,9.906802653517095,0.9068026535170954,10.075585039078838,STABLE
منعم الأقمشة أوكسي برائحة اللافندر - 1 لتر,2026-05-12,8.0,8.669792999125718,0.6697929991257183,8.372412489071479,STABLE
منعم الأقمشة أوكسي برائحة اللافندر - 2 لتر,2026-05-12,9.0,9.906802653517095,0.9068026535170954,10.075585039078838,STABLE
منعم الأقمشة أوكسي برائحة اللافندر - 3 لتر,2026-05-12,9.0,9.906802653517095,0.9068026535170954,10.075585039078838,STABLE
منعم الأقمشة أوكسي برائحة نسيم العطور - 1 لتر,2026-05-12,8.0,8.669792999125718,0.6697929991257183,8.372412489071479,STABLE
منعم الأقمشة دواني برائحة نسيم الوادي - 3 لتر,2026-05-12,3.0,5.242354598104246,2.242354598104246,74.74515327014153,UP
منعم الأقمشة فيلفيتا برائحة العود - 3 لتر,2026-05-12,3.0,5.242354598104246,2.242354598104246,74.74515327014153,UP
منعم الأقمشة كومفورت برائح اللافندر - 1 لتر,2026-05-12,104.0,107.11428060856609,3.114280608566091,2.9945005851597024,UP
منعم الأقمشة كومفورت برائحة اللافندر - 1 لتر,2026-05-12,101.0,106.5593812973985,5.559381297398502,5.504337918216339,UP
منعم ملابس فيلفيتا برائحة الاحلام السعيدة - 3 كجم,2026-05-12,3.0,10.820854941515309,7.820854941515309,260.69516471717697,UP
منعم ومعطر للملابس المركز فيلفيتا برائحة العود - 3 لتر,2026-05-12,3.0,5.242354598104246,2.242354598104246,74.74515327014153,UP
منفضة ريش تونكيتا,2026-05-12,425.0,437.9436467003979,12.943646700397892,3.0455639295053865,UP
منقلة مدرسية ديلي مع حامل قلم رصاص,2026-05-12,85.0,88.87417380802655,3.874173808026555,4.55785153885477,UP
مهلبية الحليب 5 مينتس - 90 جرام,2026-05-12,5.0,7.278912356078499,2.278912356078499,45.57824712156998,UP
مهلبية بطعم الفراولة 5 مينيتس - 90 جم,2026-05-12,5.0,7.278912356078499,2.278912356078499,45.57824712156998,UP
مور فليكسي مناديل للوجه - 500 منديل - 6 قطع,2026-05-12,500.0,500.27039944116285,0.2703994411628514,0.05407988823257028,STABLE
موسلي بار سانتي بالبندق واللوز- 40 جم,2026-05-12,40.0,41.201266700656554,1.2012667006565536,3.003166751641384,UP
موسي مشروب شعير بطعم التوت الأحمر - 275 مل,2026-05-12,275.0,232.21554192236326,-42.78445807763674,-15.55798475550427,DOWN
موسي مشروب شعير بطعم الرمان - 275 مل,2026-05-12,275.0,232.21554192236326,-42.78445807763674,-15.55798475550427,DOWN
موشن أروما بلوم معطر للجو - 400 مل,2026-05-12,400.0,407.79008131515616,7.790081315156158,1.9475203287890395,UP
موشن أليجانت فايبس معطر للجو - 400 مل,2026-05-12,400.0,407.79008131515616,7.790081315156158,1.9475203287890395,UP
موشن سبريت سبراي معطر جو - 400 مل + معطر جو برائحة التوت - 400 مل,2026-05-12,400.0,407.79008131515616,7.790081315156158,1.9475203287890395,UP
موشن كلين معطر للجو والمفروشات - 400 مل,2026-05-12,400.0,407.79008131515616,7.790081315156158,1.9475203287890395,UP
موشن مزيل دهون المطبخ متعدد الأغراض - 500 مل,2026-05-12,500.0,500.27039944116285,0.2703994411628514,0.05407988823257028,STABLE
موشن معطر جو برائحة فانيليا - 400 مل,2026-05-12,400.0,407.79008131515616,7.790081315156158,1.9475203287890395,UP
موشن معطر للجو والسيارات برائحة بلاك آيس - 400 مل,2026-05-12,400.0,407.79008131515616,7.790081315156158,1.9475203287890395,UP
موشن معطر للجو والسيارات برائحة تفاح أخضر - 400 مل,2026-05-12,400.0,407.79008131515616,7.790081315156158,1.9475203287890395,UP
موشن معطر للجو والمفروشات برائحة التفاح والقرفة - 400 مل,2026-05-12,400.0,407.79008131515616,7.790081315156158,1.9475203287890395,UP
موشن معطر للجو والمفروشات برائحة الخوخ - 460 مل,2026-05-12,460.0,448.9419159362635,-11.058084063736487,-2.403931318203584,DOWN
موشن منظف للخشب - 500 مل,2026-05-12,500.0,500.27039944116285,0.2703994411628514,0.05407988823257028,STABLE
موشن منظف متعدد الاستخدامات برائحة التوت - 1 لتر,2026-05-12,59.0,56.961213953749166,-2.0387860462508343,-3.455569569916668,DOWN
موشن منظف متعدد الاستخدامات برائحة الصنوبر - 1 لتر,2026-05-12,59.0,56.961213953749166,-2.0387860462508343,-3.455569569916668,DOWN
موشن منظف متعدد الاستخدامات برائحة اللافندر - 1 لتر,2026-05-12,59.0,56.961213953749166,-2.0387860462508343,-3.455569569916668,DOWN
موشن منظف متعدد الاستخدامات برائحة الليمون - 1 لتر,2026-05-12,59.0,56.961213953749166,-2.0387860462508343,-3.455569569916668,DOWN
موشن منظف متعدد الاستخدامات برائحة النعناع - 1 لتر,2026-05-12,59.0,56.961213953749166,-2.0387860462508343,-3.455569569916668,DOWN
موشن منظف متعدد الاستخدامات برائحة نسيم البحر - 1 لتر,2026-05-12,59.0,56.961213953749166,-2.0387860462508343,-3.455569569916668,DOWN
موفالي بوم فريت - 2.5 كجم,2026-05-12,2.5,5.966083783648153,3.466083783648153,138.6433513459261,UP
مولتو فورني بيتزا مارجريتا - 300 جم - 1 قطعة,2026-05-12,300.0,313.51211900361875,13.51211900361875,4.504039667872917,UP
مولتو فورني فطائر حلوة صغيرة بالشوكولاتة - 8 قطع,2026-05-12,8.0,9.430109421433677,1.4301094214336771,17.876367767920964,UP
مولتو فورني فطائر حلوة صغيرة بالكاسترد - 8 قطع,2026-05-12,8.0,9.430109421433677,1.4301094214336771,17.876367767920964,UP
مولتو فورني كراست سادة - 555 جم - 3 قطع,2026-05-12,555.0,540.5573000873014,-14.442699912698572,-2.602288272558301,DOWN
مونتانا بروكلي مجمد - 250 جرام,2026-05-12,250.0,241.4287808485025,-8.571219151497502,-3.428487660599001,DOWN
مونتانا بسلة بالجزر مجمدة - 400 جرام,2026-05-12,400.0,402.4222507967035,2.4222507967035085,0.6055626991758771,UP
مونتانا خضار مشكل مجمد - 400 جرام,2026-05-12,400.0,402.4222507967035,2.4222507967035085,0.6055626991758771,UP
مونتانا ذرة سكرية حب - 400 جرام,2026-05-12,400.0,402.4222507967035,2.4222507967035085,0.6055626991758771,UP
مونتانا سبانخ مجمدة - 400 جرام,2026-05-12,400.0,400.71167976362517,0.7116797636251704,0.1779199409062926,STABLE
مونتانا شوربة خضار - 400 جرام,2026-05-12,400.0,402.4222507967035,2.4222507967035085,0.6055626991758771,UP
مونتانا فراولة مجمدة - 400 جم,2026-05-12,400.0,402.4222507967035,2.4222507967035085,0.6055626991758771,UP
مونتانا قرنبيط مجمد - 400 جرام,2026-05-12,400.0,402.4222507967035,2.4222507967035085,0.6055626991758771,UP
مونستر مشروب طاقة - 500 مل,2026-05-12,500.0,501.53867223738945,1.5386722373894486,0.30773444747788975,UP
مونستر مشروب طاقة مانجو لوكو - 500 مللي,2026-05-12,500.0,501.53867223738945,1.5386722373894486,0.30773444747788975,UP
مونين شراب جوز الهند - 250 مللي,2026-05-12,250.0,247.28112526171415,-2.718874738285848,-1.0875498953143392,DOWN
مونين شراب موخيتو - 250 مللي,2026-05-12,250.0,247.28112526171415,-2.718874738285848,-1.0875498953143392,DOWN
موود فايبس اوشن برييز معطر جو - 460 مل,2026-05-12,460.0,448.9419159362635,-11.058084063736487,-2.403931318203584,DOWN
موود فايبس تروبيكال اسكيب معطر جو - 460 مل,2026-05-12,460.0,448.9419159362635,-11.058084063736487,-2.403931318203584,DOWN
مياة شرب طبيعية مايا - 600 مل,2026-05-12,600.0,518.5163972116343,-81.48360278836572,-13.580600464727619,DOWN
مياة شرب طبيعية مايا - 600 مل - 20 زجاجة,2026-05-12,600.0,518.5163972116343,-81.48360278836572,-13.580600464727619,DOWN
مياة صافي معدنية - 330 مل,2026-05-12,330.0,328.2153807026903,-1.784619297309689,-0.5407937264574815,DOWN
مياة معدنية طبيعية مايا - 2 لتر,2026-05-12,2.0,5.219324704621356,3.2193247046213562,160.9662352310678,UP
مياه شرب طبيعية أكوا ديلتا - 1.5 لتر,2026-05-12,1.5,5.219324704621356,3.7193247046213562,247.9549803080904,UP
مياه شرب طبيعية دساني - 600 مل,2026-05-12,5.0,6.043839742892518,1.0438397428925184,20.876794857850367,UP
مياه شرب طبيعية نستله - 1.5 لتر,2026-05-12,1.5,5.219324704621356,3.7193247046213562,247.9549803080904,UP
مياه صافي - 600 مل,2026-05-12,600.0,518.5163972116343,-81.48360278836572,-13.580600464727619,DOWN
مياه طبيعية أكوا ديلتا - 600مل,2026-05-12,5.0,6.043839742892518,1.0438397428925184,20.876794857850367,UP
مياه طبيعية بركة - 600مل,2026-05-12,4.0,11.374995258169678,7.374995258169678,184.37488145424194,UP
مياه طبيعية صافي - 1.5 لتر,2026-05-12,1.5,11.374995258169678,9.874995258169678,658.3330172113118,UP
مياه فوارة بيوفانا لايت - 500 مل,2026-05-12,500.0,501.53867223738945,1.5386722373894486,0.30773444747788975,UP
مياه معدنية طبيعية سان بينيدتو - 1 لتر,2026-05-12,118.0,125.68172179941814,7.681721799418142,6.509933728320459,UP
مياه معدنية طبيعية سان بينيدتو - 250 مل,2026-05-12,250.0,247.28112526171415,-2.718874738285848,-1.0875498953143392,DOWN
مياه معدنية طبيعية سان بينيدتو - 500 مل,2026-05-12,500.0,501.53867223738945,1.5386722373894486,0.30773444747788975,UP
ميت لاند كفتة بقري - 350 جم,2026-05-12,350.0,349.432895259994,-0.5671047400060161,-0.16202992571600458,STABLE
ميت لاند كفتة بقري - 900 جم,2026-05-12,900.0,788.7844541515689,-111.21554584843113,-12.357282872047904,DOWN
ميتلاند بيف برجر جامبو - 15 قطعة,2026-05-12,15.0,15.445191175247652,0.4451911752476523,2.967941168317682,STABLE
ميجا كشكول - متوسط الحجم - 242 صفحة - أزرق,2026-05-12,242.0,247.87385768969264,5.873857689692642,2.427213921360596,UP
ميجو - شفاطات ورقية بيضاء 8 مل - 25 قطعة,2026-05-12,8.0,8.669792999125718,0.6697929991257183,8.372412489071479,STABLE
ميجوز شاليموه ورقي - 25 قطعة,2026-05-12,25.0,25.537111652831538,0.5371116528315376,2.1484466113261504,STABLE
ميجوز فوط المايكروفايبر - 40 سم - 4 قطع - متعددة الألوان,2026-05-12,40.0,39.55149864665351,-0.44850135334648655,-1.1212533833662164,STABLE
ميجوز فوط مايكروفايبر - 8 قطع,2026-05-12,8.0,8.669792999125718,0.6697929991257183,8.372412489071479,STABLE
ميجوز لانش بوكس مربع بيد,2026-05-12,159.0,155.90076088634078,-3.099239113659223,-1.9492069897227822,DOWN
ميجي شعرية بطاطا كورية - 500 جرام,2026-05-12,500.0,498.81733030678015,-1.1826696932198502,-0.23653393864397002,DOWN
ميراندا مشروب غازي بطعم البرتقال - 1.5 لتر,2026-05-12,14.0,14.00196759248031,0.0019675924803106426,0.014054232002218874,STABLE
ميرندا اكسترا فيز مشروب غازي - 1.47 لتر,2026-05-12,1.47,5.219324704621356,3.7493247046213565,255.05610235519433,UP
ميريندا برتقال - 2.43 لتر,2026-05-12,2.43,5.219324704621356,2.789324704621356,114.78702488153726,UP
ميريندا برتقال - 320 مل,2026-05-12,320.0,343.8891257494445,23.889125749444474,7.465351796701398,UP
ميريندا برتقال - 390مل,2026-05-12,11.0,11.372423231156523,0.37242323115652276,3.3856657377865704,STABLE
ميزون فشار ميكروويف بالترافيل - 3 قطع - 240 جرام,2026-05-12,3.0,6.399105295622842,3.3991052956228422,113.30350985409474,UP
ميكس كيك شيكولاتة سوبريم 5 مينيتس - 500 جم,2026-05-12,5.0,7.278912356078499,2.278912356078499,45.57824712156998,UP
ميلد ديب صوص بوكو لوكو - 310 جرام,2026-05-12,310.0,322.13614137146266,12.136141371462656,3.9148843133750506,UP
مينترا شنطة ظهر مطبوعة - 30 لتر,2026-05-12,30.0,29.526584230276768,-0.47341576972323196,-1.5780525657441067,STABLE
مينترا لانش بوكس - 450 مل,2026-05-12,450.0,410.0306991322853,-39.96930086771471,-8.882066859492157,DOWN
ناتاراج-نيون مبراة اقلام رصاص علي شكل القلب,2026-05-12,10.0,9.755210818100108,-0.24478918189989152,-2.447891818998915,STABLE
ناتشرز وندرز بريتزل بالجبن,2026-05-12,42.0,42.088246411333415,0.08824641133341515,0.21011050317479799,STABLE
ناتشرز وندرز بريتزلز بالكاتشاب - 200 جم,2026-05-12,200.0,202.1751499873623,2.175149987362289,1.0875749936811445,UP
ناتشرز وندرز بريتزلز بالملح - 200 جم,2026-05-12,200.0,202.1751499873623,2.175149987362289,1.0875749936811445,UP
ناتشورز واندرز بروتين بافس بطعم البصل والكريمة المتبلة - 60 جم,2026-05-12,60.0,60.24883998740697,0.2488399874069671,0.41473331234494515,STABLE
ناتشورز واندرز بروتين بافس بطعم الجبنة والتوابل - 60 جم,2026-05-12,60.0,60.24883998740697,0.2488399874069671,0.41473331234494515,STABLE
ناتشورز واندرز بروتين بافس بطعم الطماطم والريحان - 60 جم,2026-05-12,60.0,60.24883998740697,0.2488399874069671,0.41473331234494515,STABLE
ناتشورز وندريز بريتزل,2026-05-12,42.0,42.088246411333415,0.08824641133341515,0.21011050317479799,STABLE
ناتشورز وندريز بريتزل بالباربيكيو,2026-05-12,42.0,42.088246411333415,0.08824641133341515,0.21011050317479799,STABLE
ناجتس الدجاج أطياب فن - 400جم,2026-05-12,139.0,139.82038158185523,0.82038158185523,0.5902025768742662,STABLE
ناجتس الدجاج المقرمش كوكي - 20 قطعة,2026-05-12,31.0,30.70517545489783,-0.2948245451021698,-0.9510469196844187,STABLE
ناجتس الدجاج بالجبنة كوكي - 400 جم,2026-05-12,19.0,19.416058453937165,0.4160584539371648,2.189781336511394,STABLE
ناجتس الدجاج حلواني - 1 كجم,2026-05-12,356.0,353.891478878762,-2.1085211212380273,-0.5922812138309065,DOWN
ناجتس الدجاج شهد - 1 كجم,2026-05-12,27.0,27.319939192239065,0.3199391922390653,1.1849599712557974,STABLE
ناجتس الدجاج شيكيتيتا - 1 كجم,2026-05-12,187.0,190.54829411980964,3.54829411980964,1.8974834865292192,UP
ناجتس الدجاج شيكيتيتا - 400 جرام,2026-05-12,400.0,402.4222507967035,2.4222507967035085,0.6055626991758771,UP
ناجتس كوكي بالتوابل الشرقيه - 50 قطعه,2026-05-12,50.0,50.86284251527911,0.8628425152791124,1.7256850305582248,STABLE
ناندوز بيري صوص حار - 125 جرام,2026-05-12,125.0,127.99756702743421,2.997567027434215,2.3980536219473723,UP
ناندوز بيري صوص حار - 250 جرام,2026-05-12,250.0,247.58109011462136,-2.418909885378639,-0.9675639541514557,DOWN
ناندوز بيري صوص حار جدا - 250 جرام,2026-05-12,250.0,247.58109011462136,-2.418909885378639,-0.9675639541514557,DOWN
ناندوز بيري صوص ليمون وتوابل - 125 جرام,2026-05-12,125.0,127.99756702743421,2.997567027434215,2.3980536219473723,UP
ناندوز بيري صوص ليمون وتوابل - 250 جرام,2026-05-12,250.0,247.58109011462136,-2.418909885378639,-0.9675639541514557,DOWN
نستلة مياه فوارة - 240 مل,2026-05-12,240.0,245.9541310463245,5.954131046324505,2.480887935968544,UP
نستله جولد كورن فليكس رقائق حبوب الذرة - 375 جرام,2026-05-12,375.0,380.19382509230945,5.193825092309453,1.3850200246158542,UP
نستله حليب مكثف محلى - 370 جرام,2026-05-12,370.0,365.4157136732294,-4.584286326770609,-1.2389963045325971,DOWN
نستله كوفي ميت مبيض قهوة - 170جم,2026-05-12,73.0,73.11829342140233,0.11829342140232768,0.16204578274291462,STABLE
نسكافية 2*1 10ج,2026-05-12,2.0,11.374995258169678,9.374995258169678,468.7497629084839,UP
نسكافيه 3 في 1 قهوة سريعة التحضير بالكراميل - 18 جرام - 24 كيس,2026-05-12,3.0,5.219324704621356,2.2193247046213562,73.97749015404521,UP
نسكافيه الأصلي 2 في 1 - 24 كيس,2026-05-12,2.0,5.219324704621356,3.2193247046213562,160.9662352310678,UP
نسكافيه الأصلي 3 في 1 - 24 كيس,2026-05-12,3.0,5.219324704621356,2.2193247046213562,73.97749015404521,UP
نسكافيه جولد بن سريع الذوبان - 95 جرام,2026-05-12,95.0,98.16509947010239,3.1650994701023905,3.331683652739358,UP
نسكافيه جولد قهوة سريعة التحضير - 190 جم,2026-05-12,12.0,11.787877236579112,-0.2121227634208882,-1.7676896951740684,STABLE
نسكافيه جولد قهوة سريعة التحضير - 95 جم,2026-05-12,95.0,98.16509947010239,3.1650994701023905,3.331683652739358,UP
نسكافيه جولد كابتشينو - 18.5 جم,2026-05-12,18.5,18.203436503550503,-0.2965634964494974,-1.60304592675404,STABLE
نسكافيه جولد كابتشينو سريع التحضير – 18.5 جرام في 12 كيس,2026-05-12,18.5,18.203436503550503,-0.2965634964494974,-1.60304592675404,STABLE
نسكافيه جولد كابتشينو غير محلي - 12.5 جم,2026-05-12,12.5,12.02497368959005,-0.4750263104099499,-3.8002104832795993,STABLE
نسكافيه جولد كابوتشينو غير مُحلّى - 12.5 جرام في 12 كيس,2026-05-12,12.5,12.02497368959005,-0.4750263104099499,-3.8002104832795993,STABLE
نسكافيه كراميل - 17 جم,2026-05-12,17.0,17.218544195614456,0.21854419561445582,1.2855540918497401,STABLE
نسكافيه كلاسيك - قهوة فورية - عبوة 18 جرام,2026-05-12,18.0,23.56908743903431,5.569087439034309,30.939374661301716,UP
نسكافيه كلاسيك قهوة سريعة التحضير - 95ج كيس,2026-05-12,14.0,19.78661125079067,5.786611250790671,41.33293750564765,UP
نسكافيه كلاسيك قهوة سريعة الذوبان - 190 جم,2026-05-12,190.0,195.0964978373411,5.096497837341104,2.6823672828111076,UP
نسكافيه كلاسيك قهوة سريعة الذوبان - 47.5 جم,2026-05-12,47.5,45.670909664844146,-1.829090335155854,-3.8507164950649564,DOWN
نشا ذرة ريحانة - 240 جرام,2026-05-12,10.0,12.757280423343431,2.757280423343431,27.57280423343431,UP
نشا ذرة كوكس - 240 جم,2026-05-12,240.0,241.3282998871333,1.328299887133312,0.5534582863055467,UP
نشا ذرة كوكس - 50 جرام,2026-05-12,50.0,51.475741695197456,1.4757416951974562,2.9514833903949125,UP
نعناع الضحى - 20 جرام,2026-05-12,20.0,19.3112000698131,-0.6887999301868994,-3.443999650934497,STABLE
نكتار التفاح بفانر - 330 مل,2026-05-12,330.0,340.7802920057248,10.780292005724789,3.266755153249936,UP
نكتار العنب الأحمر بفانر - 330 مل,2026-05-12,330.0,340.7802920057248,10.780292005724789,3.266755153249936,UP
نكهة دريم فانيليا برتقال - 5 جرام,2026-05-12,5.0,7.278912356078499,2.278912356078499,45.57824712156998,UP
نمرة 1 بطاطس بوم فريت - 2.5 كجم,2026-05-12,2.5,5.966083783648153,3.466083783648153,138.6433513459261,UP
نودلز الأودون سمارت بيجون - 300 جرام,2026-05-12,300.0,348.940796161135,48.94079616113498,16.313598720378327,UP
نودلز البيض جين نودلز هاوس - 454 جم,2026-05-12,454.0,442.86527580340925,-11.134724196590753,-2.4525824221565533,DOWN
نودلز البيض زمرا - 454 غرام,2026-05-12,454.0,442.86527580340925,-11.134724196590753,-2.4525824221565533,DOWN
نورى ستربس الدجاج المقرمش - 1 كجم,2026-05-12,22.0,22.07612185020037,0.07612185020036932,0.34600841000167876,STABLE
نوري برجر دجاج - 6 قطع,2026-05-12,6.0,7.851566791194995,1.851566791194995,30.859446519916585,UP
نوري تشيكن دونات بالجبنة - 420 جرام,2026-05-12,420.0,424.80614860246925,4.80614860246925,1.144321095826012,UP
نوري دجاج بانيه كرانشي - 1 كجم,2026-05-12,25.0,26.25807641315077,1.2580764131507713,5.032305652603085,UP
نوري ستربس الدجاج المقرمش - 420 جم,2026-05-12,420.0,424.80614860246925,4.80614860246925,1.144321095826012,UP
نوري ستربس الدجاج المقرمش الحار - 1 كجم,2026-05-12,22.0,22.07612185020037,0.07612185020036932,0.34600841000167876,STABLE
نوري ستربس الدجاج المقرمش الحار - 420 جم,2026-05-12,420.0,424.80614860246925,4.80614860246925,1.144321095826012,UP
نوري فيليه الدجاج المقرمش الحار - 420 جرام,2026-05-12,420.0,424.80614860246925,4.80614860246925,1.144321095826012,UP
نوري فيليه دجاج حار - 1 كجم,2026-05-12,25.0,26.25807641315077,1.2580764131507713,5.032305652603085,UP
نوري ناجتس دجاج - 1 كجم,2026-05-12,296.0,289.30501524643466,-6.694984753565336,-2.2618191735018027,DOWN
نوري ناجتس دجاج - 420 جرام,2026-05-12,420.0,424.80614860246925,4.80614860246925,1.144321095826012,UP
نوري ناجتس دجاج أشكال حيوانات - 420 جرام,2026-05-12,420.0,420.7102621487582,0.7102621487582041,0.16911003541862005,STABLE
نوري وجبة دجاج مقرمش - 9 قطع,2026-05-12,25.0,26.25807641315077,1.2580764131507713,5.032305652603085,UP
نوري وجبة دجاج مقرمش حار - 9 قطع,2026-05-12,25.0,26.25807641315077,1.2580764131507713,5.032305652603085,UP
نوفا فرشاة ملابس مضادة للبكتيريا,2026-05-12,109.0,116.36259710481636,7.362597104816359,6.754676242950788,UP
نوفا مجرفة مع فرشاة صغيرة,2026-05-12,135.0,138.458184539366,3.4581845393659876,2.561618177308139,UP
نوفا مقشة ناعمة,2026-05-12,189.0,199.8489116579491,10.848911657949088,5.740164898385761,UP
نيلكو أتوبيس كومبليت,2026-05-12,95.0,93.80834035916708,-1.191659640832924,-1.2543785692978149,DOWN
نيلكو بطاقات لعب ديزني افينجرز,2026-05-12,38.0,36.54627468004457,-1.4537253199554314,-3.825592947251135,DOWN
نيلكو ديزني تاجو برينسيس لعبة الذاكرة,2026-05-12,239.0,238.37729608623349,-0.6227039137665145,-0.2605455706136044,STABLE
نيلكو ديزني سبايدرمان بطاقات لعب,2026-05-12,38.0,36.54627468004457,-1.4537253199554314,-3.825592947251135,DOWN
نيلكو لعبة بطاقات اكسبلودينج كيتنز,2026-05-12,459.0,413.06990836652284,-45.93009163347716,-10.006555911432931,DOWN
نيلكو لعبة بطاقات تاجو ترافيل,2026-05-12,109.0,111.10089241781903,2.1008924178190256,1.9274242365312162,UP
نيلكو لعبة بطاقات فيز 10,2026-05-12,10.0,9.755210818100108,-0.24478918189989152,-2.447891818998915,STABLE
نيلكو لعبة بطاقات كاكو,2026-05-12,319.0,315.96136256731614,-3.0386374326838563,-0.952550919336632,DOWN
نيلكو لعبة كرنفال,2026-05-12,559.0,554.5802505619529,-4.41974943804712,-0.79065285117122,DOWN
هادي صوص محار - 700 مل,2026-05-12,700.0,683.2327044046391,-16.767295595360906,-2.395327942194415,DOWN
هاربيك أقراص منظفة للتواليت بتألق الليمون - 35 جم - قطعتين,2026-05-12,35.0,34.03939855845269,-0.9606014415473112,-2.744575547278032,STABLE
هاربيك باور بلس منظف المرحاض - 450 مل,2026-05-12,450.0,446.97228846512127,-3.0277115348787333,-0.6728247855286075,DOWN
هاربيك باور بلس منظف تواليت - 700 مل - عبوتين,2026-05-12,8.0,8.669792999125718,0.6697929991257183,8.372412489071479,STABLE
هاربيك فريش باور أقراص مرحاض منظفة - رائحة نسيم الصيف - 35 جرام,2026-05-12,35.0,34.03939855845269,-0.9606014415473112,-2.744575547278032,STABLE
هاربيك منظف الحمامات برائحة الورود - 700 مل,2026-05-12,8.0,8.669792999125718,0.6697929991257183,8.372412489071479,STABLE
هاربيك منظف المراحيض بالزهور - 450 مل,2026-05-12,450.0,446.97228846512127,-3.0277115348787333,-0.6728247855286075,DOWN
هاربيك منظف المراحيض بالصنوبر - 450 مل,2026-05-12,450.0,446.97228846512127,-3.0277115348787333,-0.6728247855286075,DOWN
هاربيك منظف المرحاض برائحة الليمون - 450 مل,2026-05-12,450.0,428.16490144262553,-21.835098557374465,-4.852244123860992,DOWN
هاربيك منظف المرحاض برائحة الليمون - 700 مل,2026-05-12,700.0,577.6214525850606,-122.37854741493936,-17.482649630705623,DOWN
هاربيك منظف مراحيض سائل برائحة الصنوبر - 700 مل,2026-05-12,700.0,684.3202620338465,-15.679737966153539,-2.2399625665933627,DOWN
هاربيك منظف مراحيض سائل برائحة الورد - 700 مل,2026-05-12,12.0,11.878035085385122,-0.12196491461487824,-1.0163742884573188,STABLE
هاما شوكو بافس حبوب الأفطار - 250 جرام,2026-05-12,250.0,247.58109011462136,-2.418909885378639,-0.9675639541514557,DOWN
هاما شوكو سكوبس حبوب الأفطار - 250 جرام,2026-05-12,250.0,247.58109011462136,-2.418909885378639,-0.9675639541514557,DOWN
هاما كورن فليكس حبوب الأفطار - 250 جرام,2026-05-12,250.0,247.58109011462136,-2.418909885378639,-0.9675639541514557,DOWN
هاما هني رينجز حبوب الأفطار - 250 جرام,2026-05-12,250.0,247.58109011462136,-2.418909885378639,-0.9675639541514557,DOWN
هاي جين فوطة تنظيف متعددة الاستخدامات - 3 قطع,2026-05-12,3.0,5.242354598104246,2.242354598104246,74.74515327014153,UP
هاي جين مناديل مبللة بحماية مزدوجة - 40 منديل,2026-05-12,40.0,39.55149864665351,-0.44850135334648655,-1.1212533833662164,STABLE
هاي جين مناديل مبللة كول ووتر - 40 منديل,2026-05-12,40.0,39.55149864665351,-0.44850135334648655,-1.1212533833662164,STABLE
هاي ستار رول اكياس قمامة - 70 * 90 سم - 10 أكياس,2026-05-12,70.0,67.9346681176458,-2.065331882354201,-2.9504741176488585,DOWN
هاي ستار رول اكياس قمامة - 70 * 90 سم - 25 كيس,2026-05-12,70.0,67.9346681176458,-2.065331882354201,-2.9504741176488585,DOWN
هاي ستار رول اكياس قمامة - 85 * 110 سم - 10 أكياس,2026-05-12,85.0,95.58100191046788,10.581001910467876,12.448237541726913,UP
هايزنز كاتشب طماطم بالثوم والزعتر البري - 125 جرام,2026-05-12,125.0,127.99756702743421,2.997567027434215,2.3980536219473723,UP
هايزنز كاتشب طماطم بطعم المخلل - 125 جرام,2026-05-12,125.0,127.99756702743421,2.997567027434215,2.3980536219473723,UP
هايزنز كاتشب طماطم شطة نار - 125 جرام,2026-05-12,125.0,127.99756702743421,2.997567027434215,2.3980536219473723,UP
هاينز كاتشب طماطم - 195 جرام,2026-05-12,195.0,196.58748603327345,1.58748603327345,0.8140954016786923,UP
هاينز كاتشب طماطم - 505 جرام,2026-05-12,505.0,469.7335989633086,-35.26640103669138,-6.983445749839877,DOWN
هريسة هاينز - 170جم,2026-05-12,34.0,33.78158578833217,-0.21841421166782737,-0.6423947401994923,STABLE
هش اقراص طاردة للنمل - 4 اقراص,2026-05-12,4.0,5.242354598104246,1.2423545981042459,31.058864952606147,UP
هش نفتالين بلي - 120 جم,2026-05-12,120.0,122.30096423312601,2.3009642331260096,1.9174701942716748,UP
هوت دوج اشهى - 1 كجم,2026-05-12,282.0,262.3783847792727,-19.62161522072728,-6.958019581818184,DOWN
هوت دوج بقري أطياب - 12 قطعة,2026-05-12,12.0,12.63383158112408,0.6338315811240793,5.281929842700661,STABLE
هوت دوج سويس تشويس - 1 كجم,2026-05-12,292.0,286.24418473321305,-5.7558152667869535,-1.9711696119133402,DOWN
هوت شوكليت سويت آند سليم - 25 جرام,2026-05-12,25.0,26.651717189541937,1.6517171895419374,6.606868758167749,UP
هوت شوكليت سويت آند سليم بالبندق - 25 جرام,2026-05-12,25.0,26.651717189541937,1.6517171895419374,6.606868758167749,UP
هوت صوص جياردينو - 5كجم,2026-05-12,271.0,253.63192482904856,-17.368075170951442,-6.408883826919351,DOWN
هورس ختامة رقم 3,2026-05-12,3.0,3.8542162515335114,0.8542162515335114,28.473875051117048,STABLE
هوم جيني أكياس قمامة برائحة اللافندر - 50 * 55 سم,2026-05-12,50.0,49.76216375973339,-0.23783624026660988,-0.4756724805332197,STABLE
هوم جيني أكياس قمامة برائحة الورود - 50 * 55 سم,2026-05-12,50.0,49.76216375973339,-0.23783624026660988,-0.4756724805332197,STABLE
هوم جيني أكياس قمامة كبيرة - 90 * 70 سم,2026-05-12,90.0,93.6626749536037,3.662674953603698,4.069638837337442,UP
هونج مي مقرمشات بنكهة جمبري - 200 جرام,2026-05-12,200.0,202.1751499873623,2.175149987362289,1.0875749936811445,UP
هى شان يوان صوص الفلفل الحلو - 280 جرام,2026-05-12,280.0,293.3419310782443,13.341931078244272,4.76497538508724,UP
هي شون يوان صوص الفاصولياء السوداء - 230 جرام,2026-05-12,230.0,222.81819795297687,-7.181802047023126,-3.1225226291404895,DOWN
هيروبلاست وعاء دائري - 14 سم - مقاس صغير,2026-05-12,14.0,14.092125441286319,0.09212544128631883,0.6580388663308488,STABLE
هيلثى ميل رقائق شوفان خالية من الجلوتين - 500 جرام,2026-05-12,500.0,500.27231052094066,0.272310520940664,0.0544621041881328,STABLE
هيلثي ميل دقيق الشوفان - 500 جرام,2026-05-12,500.0,498.81733030678015,-1.1826696932198502,-0.23653393864397002,DOWN
وادي فوود خل التفاح - 250 مل,2026-05-12,250.0,247.58109011462136,-2.418909885378639,-0.9675639541514557,DOWN
وادي فوود خل التفاح - 500 مل,2026-05-12,500.0,498.81733030678015,-1.1826696932198502,-0.23653393864397002,DOWN
واريتكس اسفنجة تنظيف خشنة للمطبخ,2026-05-12,26.0,25.79026302228043,-0.20973697771956878,-0.8066806835368031,STABLE
واريتكس ستاندارد فوط مطبخ - أزرق - 3 قطع,2026-05-12,3.0,5.242354598104246,2.242354598104246,74.74515327014153,UP
واريتكس ليفة استحمام اسفنجية بيد خشبية,2026-05-12,161.0,157.75145484802354,-3.248545151976458,-2.017729908059912,DOWN
واريتيكس طقم اسفنج لتنظيف المطبخ - 12 قطعة,2026-05-12,12.0,11.878035085385122,-0.12196491461487824,-1.0163742884573188,STABLE
وايت بيرفكت كلين مناديل تنظيف الأسطح - 100 قطعة,2026-05-12,100.0,105.23115419550474,5.231154195504743,5.231154195504743,UP
وايت مناديل فائقة النعومة - 300 منديل - عبوتين,2026-05-12,300.0,337.2274695262168,37.227469526216794,12.409156508738931,UP
وايت مناديل للوجه - 210 * 5 منديل,2026-05-12,210.0,208.855605479093,-1.1443945209070137,-0.5449497718604827,DOWN
وايت مناديل لليدين - 240 منديل - قطعتين,2026-05-12,240.0,243.86843107844982,3.8684310784498166,1.6118462826874236,UP
وايت مناديل وجه - 400 منديل,2026-05-12,400.0,407.79008131515616,7.790081315156158,1.9475203287890395,UP
وايت مناديل وجه - 500 منديل - 3 عبوات,2026-05-12,18.0,17.63711188875769,-0.36288811124230946,-2.0160450624572746,STABLE
وايت مور مناديل مطبخ - 2 رول,2026-05-12,2.0,10.820854941515309,8.820854941515309,441.0427470757655,UP
وجبة أوراك دجاج كوكي مع بطاطس - 8 قطع,2026-05-12,8.0,9.430109421433677,1.4301094214336771,17.876367767920964,UP
وجبة دجاج كرانشي كوكي - 12 قطعة + بطاطس,2026-05-12,17.0,18.06329860040456,1.0632986004045613,6.2546976494385955,UP
وجبة دجاج مقلي مقرمش حار حلواني - 1200 جرام,2026-05-12,1200.0,940.7833672425118,-259.21663275748824,-21.60138606312402,DOWN
وجبة دجاج مقلي مقرمشة حلواني - 1200 جرام,2026-05-12,1200.0,940.7833672425118,-259.21663275748824,-21.60138606312402,DOWN
ورق أبيض غير لاصق - 10 * 10 سم,2026-05-12,10.0,9.755210818100108,-0.24478918189989152,-2.447891818998915,STABLE
ورق ألومنيوم فويل الفتح – 6.5 متر,2026-05-12,6.5,7.728102035988381,1.228102035988381,18.893877476744322,UP
ورق ألومنيوم فويل الفتح – 8 متر,2026-05-12,8.0,8.669792999125718,0.6697929991257183,8.372412489071479,STABLE
ورق ألومنيوم فويل ديمتا – 6 متر,2026-05-12,6.0,7.109818969169242,1.1098189691692424,18.49698281948737,UP
ورق ألومنيوم فويل ديمتا، 40 سم - 20 متر,2026-05-12,40.0,39.55149864665351,-0.44850135334648655,-1.1212533833662164,STABLE
ورق ألومنيوم فويل كوين – 100 متر,2026-05-12,100.0,105.23115419550474,5.231154195504743,5.231154195504743,UP
ورق ألومنيوم فويل كوين – 20 متر,2026-05-12,20.0,19.357212583018235,-0.6427874169817649,-3.2139370849088245,STABLE
ورق ألومنيوم فويل هوم جيني - 10 متار × 30 سم,2026-05-12,10.0,11.391301490230097,1.3913014902300969,13.913014902300969,UP
ورق تغليف الطعام من كوين - 40 سم - ابيض,2026-05-12,40.0,39.55149864665351,-0.44850135334648655,-1.1212533833662164,STABLE
ورق خبز ماى تشويس - 10 متر,2026-05-12,10.0,11.391301490230097,1.3913014902300969,13.913014902300969,UP
ورق خبز ماى تشويس - 7 متر,2026-05-12,7.0,8.227935420762583,1.2279354207625826,17.541934582322607,UP
ورق زبدة سهل التشكيل من كوين - 40 سم × 30 متر,2026-05-12,40.0,39.55149864665351,-0.44850135334648655,-1.1212533833662164,STABLE
ورق فويل حسام - 40×60 متر,2026-05-12,40.0,39.55149864665351,-0.44850135334648655,-1.1212533833662164,STABLE
ورق ملاحظات لاصق - 3*2 انش - متعدد الألوان,2026-05-12,3.0,3.8542162515335114,0.8542162515335114,28.473875051117048,STABLE
ورق ملاحظات لاصق أشكال - الوان نيون,2026-05-12,40.0,40.18355950343549,0.18355950343548955,0.4588987585887239,STABLE
ورق ملاحظات نيون إم آند جي 76 * 51 بوصة - 4 ألوان - ys-182,2026-05-12,76.0,76.45120260645518,0.4512026064551833,0.5936876400726097,STABLE
وريتكس اسفنجة تنظيف - 2 قطعة,2026-05-12,2.0,5.242354598104246,3.242354598104246,162.1177299052123,UP
وريتكس اسفنجة تنظيف - عادية - 1قطعة,2026-05-12,26.0,25.79026302228043,-0.20973697771956878,-0.8066806835368031,STABLE
وريتكس اسفنجة تنظيف ناعمة - 1 قطعة,2026-05-12,26.0,25.79026302228043,-0.20973697771956878,-0.8066806835368031,STABLE
وي مزيل دهون المطبخ - 500 مل,2026-05-12,500.0,500.27039944116285,0.2703994411628514,0.05407988823257028,STABLE
وي ملمع الإستانلس - رائحة ليمون - 500 مل,2026-05-12,500.0,500.27039944116285,0.2703994411628514,0.05407988823257028,STABLE
وي منظف زجاج - رائحة الياسمين - 500 مللي,2026-05-12,500.0,500.27039944116285,0.2703994411628514,0.05407988823257028,STABLE
ويندكس أوريجينال عبوة اعادة تعبئة منظف زجاج - 500 مل,2026-05-12,500.0,500.27039944116285,0.2703994411628514,0.05407988823257028,STABLE
ويندكس أوريجينال عبوة اعادة تعبئة منظف زجاج برائحة اللافندر - 500 مل,2026-05-12,500.0,500.27039944116285,0.2703994411628514,0.05407988823257028,STABLE
ويندكس أوريجينال عبوة اعادة تعبئة منظف زجاج برائحة الليمون - 500 مل,2026-05-12,500.0,500.27039944116285,0.2703994411628514,0.05407988823257028,STABLE
ويندكس أوريجينال منظف زجاج - 500 مل,2026-05-12,500.0,500.27039944116285,0.2703994411628514,0.05407988823257028,STABLE
ويندكس أوريجينال منظف زجاج برائحة اللافندر - 500 مل,2026-05-12,500.0,500.27039944116285,0.2703994411628514,0.05407988823257028,STABLE
ويندكس أوريجينال منظف زجاج برائحة الياسمين - 500 مل,2026-05-12,500.0,500.27039944116285,0.2703994411628514,0.05407988823257028,STABLE
ياس عصير تفاح - 200 مل,2026-05-12,200.0,205.60893267509945,5.608932675099453,2.8044663375497265,UP
يد مقشة معدنية مطلية الهلال والنجمة,2026-05-12,59.0,56.961213953749166,-2.0387860462508343,-3.455569569916668,DOWN
يمامة بديل عصير الليمون - 1 لتر,2026-05-12,123.0,127.54639823134282,4.54639823134282,3.6962587246689598,UP
يمامة بديل عصير الليمون - 330 مل,2026-05-12,330.0,329.2670364451564,-0.7329635548435931,-0.22211016813442216,STABLE
يمامة خل التفاح - 750 مل,2026-05-12,750.0,747.102965087268,-2.8970349127320105,-0.3862713216976014,DOWN
يمامة خل بلسمك - 250 مل,2026-05-12,250.0,247.58109011462136,-2.418909885378639,-0.9675639541514557,DOWN
يمامة خل تفاح - 300 مل,2026-05-12,300.0,348.940796161135,48.94079616113498,16.313598720378327,UP
يمامة ماء زهر - 750 مل,2026-05-12,750.0,747.102965087268,-2.8970349127320105,-0.3862713216976014,DOWN
يوبوكي رابوكي - جبنة - 145 جم,2026-05-12,145.0,145.79041950520156,0.7904195052015552,0.5451169001390036,STABLE
يوبوكي رابوكي - حار - 145 جم,2026-05-12,145.0,145.79041950520156,0.7904195052015552,0.5451169001390036,STABLE
